path,StudyInstanceUID,SeriesInstanceUID,SOPInstanceUID,SeriesDescription,SeriesNumber,Modality,BodyPartExamined,ProtocolName,SequenceName,PhotometricInterpretation,PatientID,StudyDate,StudyDescription,Manufacturer,ManufacturerModelName,Laterality,PatientPosition,TransferSyntaxUID,Rows,Columns,InstanceNumber,NumberOfFrames,ImageOrientationPatient,ImagePositionPatient,PixelSpacing,SliceThickness,SpacingBetweenSlices,SamplesPerPixel,BitsAllocated,BitsStored,HighBit,PixelRepresentation,RescaleSlope,RescaleIntercept
train_series\1.2.826.0.1.3680043.8.498.10407754553908392233077656347467111543\1.2.826.0.1.3680043.8.498.10115434176602831130984575837377866488.dcm,1.2.826.0.1.3680043.8.498.10009639203170750274174707434356622764,1.2.826.0.1.3680043.8.498.10407754553908392233077656347467111543,1.2.826.0.1.3680043.8.498.10115434176602831130984575837377866488,LT_t2_tse_fs_cor_obl_ACL,11,MR,KNEE,,*tseR2d1rr17,MONOCHROME2,fd7379f0-da7,,,SIEMENS,Aera,L,FFS,1.2.840.10008.1.2.1,640,640,9,,0.96064557;0.27777706;4.524715e-09;0.13424815;-0.46427479;-0.8754578,-3.2053161;9.5542798;55.58098,0.234375;0.234375,2.0,2.4,1,16,12,11,0,,
train_series\1.2.826.0.1.3680043.8.498.10407754553908392233077656347467111543\1.2.826.0.1.3680043.8.498.24377316691787059443688028197357052545.dcm,1.2.826.0.1.3680043.8.498.10009639203170750274174707434356622764,1.2.826.0.1.3680043.8.498.10407754553908392233077656347467111543,1.2.826.0.1.3680043.8.498.24377316691787059443688028197357052545,LT_t2_tse_fs_cor_obl_ACL,11,MR,KNEE,,*tseR2d1rr17,MONOCHROME2,fd7379f0-da7,,,SIEMENS,Aera,L,FFS,1.2.840.10008.1.2.1,640,640,7,,0.96064557;0.27777706;4.524715e-09;0.13424815;-0.46427479;-0.8754578,-2.0380417;5.5174575;57.900794,0.234375;0.234375,2.0,2.4,1,16,12,11,0,,
train_series\1.2.826.0.1.3680043.8.498.10407754553908392233077656347467111543\1.2.826.0.1.3680043.8.498.30975300377591806989204332007934089157.dcm,1.2.826.0.1.3680043.8.498.10009639203170750274174707434356622764,1.2.826.0.1.3680043.8.498.10407754553908392233077656347467111543,1.2.826.0.1.3680043.8.498.30975300377591806989204332007934089157,LT_t2_tse_fs_cor_obl_ACL,11,MR,KNEE,,*tseR2d1rr17,MONOCHROME2,fd7379f0-da7,,,SIEMENS,Aera,L,FFS,1.2.840.10008.1.2.1,640,640,12,,0.96064557;0.27777706;4.524715e-09;0.13424815;-0.46427479;-0.8754578,-4.956224;15.609513;52.101259,0.234375;0.234375,2.0,2.4,1,16,12,11,0,,
train_series\1.2.826.0.1.3680043.8.498.10407754553908392233077656347467111543\1.2.826.0.1.3680043.8.498.34156906486966025453903453816717908732.dcm,1.2.826.0.1.3680043.8.498.10009639203170750274174707434356622764,1.2.826.0.1.3680043.8.498.10407754553908392233077656347467111543,1.2.826.0.1.3680043.8.498.34156906486966025453903453816717908732,LT_t2_tse_fs_cor_obl_ACL,11,MR,KNEE,,*tseR2d1rr17,MONOCHROME2,fd7379f0-da7,,,SIEMENS,Aera,L,FFS,1.2.840.10008.1.2.1,640,640,2,,0.96064557;0.27777706;4.524715e-09;0.13424815;-0.46427479;-0.8754578,0.88014072;-4.5745978;63.700329,0.234375;0.234375,2.0,2.4,1,16,12,11,0,,
train_series\1.2.826.0.1.3680043.8.498.10407754553908392233077656347467111543\1.2.826.0.1.3680043.8.498.36673031990432721591672521396602617581.dcm,1.2.826.0.1.3680043.8.498.10009639203170750274174707434356622764,1.2.826.0.1.3680043.8.498.10407754553908392233077656347467111543,1.2.826.0.1.3680043.8.498.36673031990432721591672521396602617581,LT_t2_tse_fs_cor_obl_ACL,11,MR,KNEE,,*tseR2d1rr17,MONOCHROME2,fd7379f0-da7,,,SIEMENS,Aera,L,FFS,1.2.840.10008.1.2.1,640,640,16,,0.96064557;0.27777706;4.524715e-09;0.13424815;-0.46427479;-0.8754578,-7.290773;23.683157;47.461632,0.234375;0.234375,2.0,2.4,1,16,12,11,0,,
train_series\1.2.826.0.1.3680043.8.498.10407754553908392233077656347467111543\1.2.826.0.1.3680043.8.498.45761038931532912302999590668772998568.dcm,1.2.826.0.1.3680043.8.498.10009639203170750274174707434356622764,1.2.826.0.1.3680043.8.498.10407754553908392233077656347467111543,1.2.826.0.1.3680043.8.498.45761038931532912302999590668772998568,LT_t2_tse_fs_cor_obl_ACL,11,MR,KNEE,,*tseR2d1rr17,MONOCHROME2,fd7379f0-da7,,,SIEMENS,Aera,L,FFS,1.2.840.10008.1.2.1,640,640,10,,0.96064557;0.27777706;4.524715e-09;0.13424815;-0.46427479;-0.8754578,-3.7889572;11.572691;54.421073,0.234375;0.234375,2.0,2.4,1,16,12,11,0,,
train_series\1.2.826.0.1.3680043.8.498.10407754553908392233077656347467111543\1.2.826.0.1.3680043.8.498.56866888938057171756588672245074707231.dcm,1.2.826.0.1.3680043.8.498.10009639203170750274174707434356622764,1.2.826.0.1.3680043.8.498.10407754553908392233077656347467111543,1.2.826.0.1.3680043.8.498.56866888938057171756588672245074707231,LT_t2_tse_fs_cor_obl_ACL,11,MR,KNEE,,*tseR2d1rr17,MONOCHROME2,fd7379f0-da7,,,SIEMENS,Aera,L,FFS,1.2.840.10008.1.2.1,640,640,13,,0.96064557;0.27777706;4.524715e-09;0.13424815;-0.46427479;-0.8754578,-5.5398651;17.627924;50.941352,0.234375;0.234375,2.0,2.4,1,16,12,11,0,,
train_series\1.2.826.0.1.3680043.8.498.10407754553908392233077656347467111543\1.2.826.0.1.3680043.8.498.63141819003049374264736610233420283354.dcm,1.2.826.0.1.3680043.8.498.10009639203170750274174707434356622764,1.2.826.0.1.3680043.8.498.10407754553908392233077656347467111543,1.2.826.0.1.3680043.8.498.63141819003049374264736610233420283354,LT_t2_tse_fs_cor_obl_ACL,11,MR,KNEE,,*tseR2d1rr17,MONOCHROME2,fd7379f0-da7,,,SIEMENS,Aera,L,FFS,1.2.840.10008.1.2.1,640,640,4,,0.96064557;0.27777706;4.524715e-09;0.13424815;-0.46427479;-0.8754578,-0.28713375;-0.53777643;61.380515,0.234375;0.234375,2.0,2.4,1,16,12,11,0,,
train_series\1.2.826.0.1.3680043.8.498.10407754553908392233077656347467111543\1.2.826.0.1.3680043.8.498.67987486682408798100275352885694484900.dcm,1.2.826.0.1.3680043.8.498.10009639203170750274174707434356622764,1.2.826.0.1.3680043.8.498.10407754553908392233077656347467111543,1.2.826.0.1.3680043.8.498.67987486682408798100275352885694484900,LT_t2_tse_fs_cor_obl_ACL,11,MR,KNEE,,*tseR2d1rr17,MONOCHROME2,fd7379f0-da7,,,SIEMENS,Aera,L,FFS,1.2.840.10008.1.2.1,640,640,1,,0.96064557;0.27777706;4.524715e-09;0.13424815;-0.46427479;-0.8754578,1.4637818;-6.5930094;64.860236,0.234375;0.234375,2.0,2.4,1,16,12,11,0,,
train_series\1.2.826.0.1.3680043.8.498.10407754553908392233077656347467111543\1.2.826.0.1.3680043.8.498.75147277580451373453279156443723274214.dcm,1.2.826.0.1.3680043.8.498.10009639203170750274174707434356622764,1.2.826.0.1.3680043.8.498.10407754553908392233077656347467111543,1.2.826.0.1.3680043.8.498.75147277580451373453279156443723274214,LT_t2_tse_fs_cor_obl_ACL,11,MR,KNEE,,*tseR2d1rr17,MONOCHROME2,fd7379f0-da7,,,SIEMENS,Aera,L,FFS,1.2.840.10008.1.2.1,640,640,3,,0.96064557;0.27777706;4.524715e-09;0.13424815;-0.46427479;-0.8754578,0.2965073;-2.5561881;62.540422,0.234375;0.234375,2.0,2.4,1,16,12,11,0,,
train_series\1.2.826.0.1.3680043.8.498.10407754553908392233077656347467111543\1.2.826.0.1.3680043.8.498.78234025971477716885959107631901690346.dcm,1.2.826.0.1.3680043.8.498.10009639203170750274174707434356622764,1.2.826.0.1.3680043.8.498.10407754553908392233077656347467111543,1.2.826.0.1.3680043.8.498.78234025971477716885959107631901690346,LT_t2_tse_fs_cor_obl_ACL,11,MR,KNEE,,*tseR2d1rr17,MONOCHROME2,fd7379f0-da7,,,SIEMENS,Aera,L,FFS,1.2.840.10008.1.2.1,640,640,15,,0.96064557;0.27777706;4.524715e-09;0.13424815;-0.46427479;-0.8754578,-6.7071396;21.664747;48.621538,0.234375;0.234375,2.0,2.4,1,16,12,11,0,,
train_series\1.2.826.0.1.3680043.8.498.10407754553908392233077656347467111543\1.2.826.0.1.3680043.8.498.78441867219732957320702119266754870816.dcm,1.2.826.0.1.3680043.8.498.10009639203170750274174707434356622764,1.2.826.0.1.3680043.8.498.10407754553908392233077656347467111543,1.2.826.0.1.3680043.8.498.78441867219732957320702119266754870816,LT_t2_tse_fs_cor_obl_ACL,11,MR,KNEE,,*tseR2d1rr17,MONOCHROME2,fd7379f0-da7,,,SIEMENS,Aera,L,FFS,1.2.840.10008.1.2.1,640,640,6,,0.96064557;0.27777706;4.524715e-09;0.13424815;-0.46427479;-0.8754578,-1.4544082;3.4990459;59.060702,0.234375;0.234375,2.0,2.4,1,16,12,11,0,,
train_series\1.2.826.0.1.3680043.8.498.10407754553908392233077656347467111543\1.2.826.0.1.3680043.8.498.82895826799987421162903994715198107953.dcm,1.2.826.0.1.3680043.8.498.10009639203170750274174707434356622764,1.2.826.0.1.3680043.8.498.10407754553908392233077656347467111543,1.2.826.0.1.3680043.8.498.82895826799987421162903994715198107953,LT_t2_tse_fs_cor_obl_ACL,11,MR,KNEE,,*tseR2d1rr17,MONOCHROME2,fd7379f0-da7,,,SIEMENS,Aera,L,FFS,1.2.840.10008.1.2.1,640,640,11,,0.96064557;0.27777706;4.524715e-09;0.13424815;-0.46427479;-0.8754578,-4.3725906;13.591102;53.261167,0.234375;0.234375,2.0,2.4,1,16,12,11,0,,
train_series\1.2.826.0.1.3680043.8.498.10407754553908392233077656347467111543\1.2.826.0.1.3680043.8.498.87838383137460361333650480235579871198.dcm,1.2.826.0.1.3680043.8.498.10009639203170750274174707434356622764,1.2.826.0.1.3680043.8.498.10407754553908392233077656347467111543,1.2.826.0.1.3680043.8.498.87838383137460361333650480235579871198,LT_t2_tse_fs_cor_obl_ACL,11,MR,KNEE,,*tseR2d1rr17,MONOCHROME2,fd7379f0-da7,,,SIEMENS,Aera,L,FFS,1.2.840.10008.1.2.1,640,640,14,,0.96064557;0.27777706;4.524715e-09;0.13424815;-0.46427479;-0.8754578,-6.1234985;19.646336;49.781446,0.234375;0.234375,2.0,2.4,1,16,12,11,0,,
train_series\1.2.826.0.1.3680043.8.498.10407754553908392233077656347467111543\1.2.826.0.1.3680043.8.498.93606792800018728907015031281440938211.dcm,1.2.826.0.1.3680043.8.498.10009639203170750274174707434356622764,1.2.826.0.1.3680043.8.498.10407754553908392233077656347467111543,1.2.826.0.1.3680043.8.498.93606792800018728907015031281440938211,LT_t2_tse_fs_cor_obl_ACL,11,MR,KNEE,,*tseR2d1rr17,MONOCHROME2,fd7379f0-da7,,,SIEMENS,Aera,L,FFS,1.2.840.10008.1.2.1,640,640,5,,0.96064557;0.27777706;4.524715e-09;0.13424815;-0.46427479;-0.8754578,-0.87076718;1.4806352;60.220608,0.234375;0.234375,2.0,2.4,1,16,12,11,0,,
train_series\1.2.826.0.1.3680043.8.498.10407754553908392233077656347467111543\1.2.826.0.1.3680043.8.498.96532121857942460565854529082145197252.dcm,1.2.826.0.1.3680043.8.498.10009639203170750274174707434356622764,1.2.826.0.1.3680043.8.498.10407754553908392233077656347467111543,1.2.826.0.1.3680043.8.498.96532121857942460565854529082145197252,LT_t2_tse_fs_cor_obl_ACL,11,MR,KNEE,,*tseR2d1rr17,MONOCHROME2,fd7379f0-da7,,,SIEMENS,Aera,L,FFS,1.2.840.10008.1.2.1,640,640,8,,0.96064557;0.27777706;4.524715e-09;0.13424815;-0.46427479;-0.8754578,-2.6216827;7.5358687;56.740888,0.234375;0.234375,2.0,2.4,1,16,12,11,0,,
train_series\1.2.826.0.1.3680043.8.498.10440591424169021316962862657887905795\1.2.826.0.1.3680043.8.498.10024369860958267587222594731609812901.dcm,1.2.826.0.1.3680043.8.498.10009639203170750274174707434356622764,1.2.826.0.1.3680043.8.498.10440591424169021316962862657887905795,1.2.826.0.1.3680043.8.498.10024369860958267587222594731609812901,LT_pd_tse_fs_cor,8,MR,KNEE,,*tse2d1rr9,MONOCHROME2,fd7379f0-da7,,,SIEMENS,Aera,L,FFS,1.2.840.10008.1.2.1,640,640,22,,0.98397626;0.17829952;5.990103e-09;-0.020777726;0.11466545;-0.99318685,6.1017329;-26.784123;69.763035,0.25;0.25,3.0,3.6,1,16,12,11,0,,
train_series\1.2.826.0.1.3680043.8.498.10440591424169021316962862657887905795\1.2.826.0.1.3680043.8.498.11379009440682593583031545780711464774.dcm,1.2.826.0.1.3680043.8.498.10009639203170750274174707434356622764,1.2.826.0.1.3680043.8.498.10440591424169021316962862657887905795,1.2.826.0.1.3680043.8.498.11379009440682593583031545780711464774,LT_pd_tse_fs_cor,8,MR,KNEE,,*tse2d1rr9,MONOCHROME2,fd7379f0-da7,,,SIEMENS,Aera,L,FFS,1.2.840.10008.1.2.1,640,640,23,,0.98397626;0.17829952;5.990103e-09;-0.020777726;0.11466545;-0.99318685,5.4642284;-23.265943;70.182552,0.25;0.25,3.0,3.6,1,16,12,11,0,,
train_series\1.2.826.0.1.3680043.8.498.10440591424169021316962862657887905795\1.2.826.0.1.3680043.8.498.11482269198086412440175527079195156121.dcm,1.2.826.0.1.3680043.8.498.10009639203170750274174707434356622764,1.2.826.0.1.3680043.8.498.10440591424169021316962862657887905795,1.2.826.0.1.3680043.8.498.11482269198086412440175527079195156121,LT_pd_tse_fs_cor,8,MR,KNEE,,*tse2d1rr9,MONOCHROME2,fd7379f0-da7,,,SIEMENS,Aera,L,FFS,1.2.840.10008.1.2.1,640,640,21,,0.98397626;0.17829952;5.990103e-09;-0.020777726;0.11466545;-0.99318685,6.7392375;-30.302303;69.343517,0.25;0.25,3.0,3.6,1,16,12,11,0,,
train_series\1.2.826.0.1.3680043.8.498.10440591424169021316962862657887905795\1.2.826.0.1.3680043.8.498.12107861132586269866992920436918527046.dcm,1.2.826.0.1.3680043.8.498.10009639203170750274174707434356622764,1.2.826.0.1.3680043.8.498.10440591424169021316962862657887905795,1.2.826.0.1.3680043.8.498.12107861132586269866992920436918527046,LT_pd_tse_fs_cor,8,MR,KNEE,,*tse2d1rr9,MONOCHROME2,fd7379f0-da7,,,SIEMENS,Aera,L,FFS,1.2.840.10008.1.2.1,640,640,15,,0.98397626;0.17829952;5.990103e-09;-0.020777726;0.11466545;-0.99318685,10.564265;-51.411386;66.826411,0.25;0.25,3.0,3.6,1,16,12,11,0,,
train_series\1.2.826.0.1.3680043.8.498.10440591424169021316962862657887905795\1.2.826.0.1.3680043.8.498.12255419508008048609487401561890560226.dcm,1.2.826.0.1.3680043.8.498.10009639203170750274174707434356622764,1.2.826.0.1.3680043.8.498.10440591424169021316962862657887905795,1.2.826.0.1.3680043.8.498.12255419508008048609487401561890560226,LT_pd_tse_fs_cor,8,MR,KNEE,,*tse2d1rr9,MONOCHROME2,fd7379f0-da7,,,SIEMENS,Aera,L,FFS,1.2.840.10008.1.2.1,640,640,24,,0.98397626;0.17829952;5.990103e-09;-0.020777726;0.11466545;-0.99318685,4.8267238;-19.747763;70.60207,0.25;0.25,3.0,3.6,1,16,12,11,0,,
train_series\1.2.826.0.1.3680043.8.498.10440591424169021316962862657887905795\1.2.826.0.1.3680043.8.498.12349874157775501925901183148952650954.dcm,1.2.826.0.1.3680043.8.498.10009639203170750274174707434356622764,1.2.826.0.1.3680043.8.498.10440591424169021316962862657887905795,1.2.826.0.1.3680043.8.498.12349874157775501925901183148952650954,LT_pd_tse_fs_cor,8,MR,KNEE,,*tse2d1rr9,MONOCHROME2,fd7379f0-da7,,,SIEMENS,Aera,L,FFS,1.2.840.10008.1.2.1,640,640,3,,0.98397626;0.17829952;5.990103e-09;-0.020777726;0.11466545;-0.99318685,18.214328;-93.62955;61.792201,0.25;0.25,3.0,3.6,1,16,12,11,0,,
train_series\1.2.826.0.1.3680043.8.498.10440591424169021316962862657887905795\1.2.826.0.1.3680043.8.498.12353793661137821176718404079734108147.dcm,1.2.826.0.1.3680043.8.498.10009639203170750274174707434356622764,1.2.826.0.1.3680043.8.498.10440591424169021316962862657887905795,1.2.826.0.1.3680043.8.498.12353793661137821176718404079734108147,LT_pd_tse_fs_cor,8,MR,KNEE,,*tse2d1rr9,MONOCHROME2,fd7379f0-da7,,,SIEMENS,Aera,L,FFS,1.2.840.10008.1.2.1,640,640,29,,0.98397626;0.17829952;5.990103e-09;-0.020777726;0.11466545;-0.99318685,1.6391933;-2.1568614;72.699658,0.25;0.25,3.0,3.6,1,16,12,11,0,,
train_series\1.2.826.0.1.3680043.8.498.10440591424169021316962862657887905795\1.2.826.0.1.3680043.8.498.12358557426227830514839852522768206663.dcm,1.2.826.0.1.3680043.8.498.10009639203170750274174707434356622764,1.2.826.0.1.3680043.8.498.10440591424169021316962862657887905795,1.2.826.0.1.3680043.8.498.12358557426227830514839852522768206663,LT_pd_tse_fs_cor,8,MR,KNEE,,*tse2d1rr9,MONOCHROME2,fd7379f0-da7,,,SIEMENS,Aera,L,FFS,1.2.840.10008.1.2.1,640,640,31,,0.98397626;0.17829952;5.990103e-09;-0.020777726;0.11466545;-0.99318685,0.36418411;4.8794983;73.538693,0.25;0.25,3.0,3.6,1,16,12,11,0,,
train_series\1.2.826.0.1.3680043.8.498.10440591424169021316962862657887905795\1.2.826.0.1.3680043.8.498.13135342053551622608191890474289731053.dcm,1.2.826.0.1.3680043.8.498.10009639203170750274174707434356622764,1.2.826.0.1.3680043.8.498.10440591424169021316962862657887905795,1.2.826.0.1.3680043.8.498.13135342053551622608191890474289731053,LT_pd_tse_fs_cor,8,MR,KNEE,,*tse2d1rr9,MONOCHROME2,fd7379f0-da7,,,SIEMENS,Aera,L,FFS,1.2.840.10008.1.2.1,640,640,12,,0.98397626;0.17829952;5.990103e-09;-0.020777726;0.11466545;-0.99318685,12.476786;-61.965926;65.567859,0.25;0.25,3.0,3.6,1,16,12,11,0,,
train_series\1.2.826.0.1.3680043.8.498.10440591424169021316962862657887905795\1.2.826.0.1.3680043.8.498.15430509040010394657185946866108205936.dcm,1.2.826.0.1.3680043.8.498.10009639203170750274174707434356622764,1.2.826.0.1.3680043.8.498.10440591424169021316962862657887905795,1.2.826.0.1.3680043.8.498.15430509040010394657185946866108205936,LT_pd_tse_fs_cor,8,MR,KNEE,,*tse2d1rr9,MONOCHROME2,fd7379f0-da7,,,SIEMENS,Aera,L,FFS,1.2.840.10008.1.2.1,640,640,25,,0.98397626;0.17829952;5.990103e-09;-0.020777726;0.11466545;-0.99318685,4.1892192;-16.229582;71.021587,0.25;0.25,3.0,3.6,1,16,12,11,0,,
train_series\1.2.826.0.1.3680043.8.498.10440591424169021316962862657887905795\1.2.826.0.1.3680043.8.498.16767034687170722483933518456243431236.dcm,1.2.826.0.1.3680043.8.498.10009639203170750274174707434356622764,1.2.826.0.1.3680043.8.498.10440591424169021316962862657887905795,1.2.826.0.1.3680043.8.498.16767034687170722483933518456243431236,LT_pd_tse_fs_cor,8,MR,KNEE,,*tse2d1rr9,MONOCHROME2,fd7379f0-da7,,,SIEMENS,Aera,L,FFS,1.2.840.10008.1.2.1,640,640,14,,0.98397626;0.17829952;5.990103e-09;-0.020777726;0.11466545;-0.99318685,11.20177;-54.929565;66.406894,0.25;0.25,3.0,3.6,1,16,12,11,0,,
train_series\1.2.826.0.1.3680043.8.498.10440591424169021316962862657887905795\1.2.826.0.1.3680043.8.498.17275715847864674157737530742068719074.dcm,1.2.826.0.1.3680043.8.498.10009639203170750274174707434356622764,1.2.826.0.1.3680043.8.498.10440591424169021316962862657887905795,1.2.826.0.1.3680043.8.498.17275715847864674157737530742068719074,LT_pd_tse_fs_cor,8,MR,KNEE,,*tse2d1rr9,MONOCHROME2,fd7379f0-da7,,,SIEMENS,Aera,L,FFS,1.2.840.10008.1.2.1,640,640,20,,0.98397626;0.17829952;5.990103e-09;-0.020777726;0.11466545;-0.99318685,7.3767421;-33.820483;68.923999,0.25;0.25,3.0,3.6,1,16,12,11,0,,
train_series\1.2.826.0.1.3680043.8.498.10440591424169021316962862657887905795\1.2.826.0.1.3680043.8.498.20581275495679547150384639183959315115.dcm,1.2.826.0.1.3680043.8.498.10009639203170750274174707434356622764,1.2.826.0.1.3680043.8.498.10440591424169021316962862657887905795,1.2.826.0.1.3680043.8.498.20581275495679547150384639183959315115,LT_pd_tse_fs_cor,8,MR,KNEE,,*tse2d1rr9,MONOCHROME2,fd7379f0-da7,,,SIEMENS,Aera,L,FFS,1.2.840.10008.1.2.1,640,640,6,,0.98397626;0.17829952;5.990103e-09;-0.020777726;0.11466545;-0.99318685,16.301814;-83.075008;63.050754,0.25;0.25,3.0,3.6,1,16,12,11,0,,
train_series\1.2.826.0.1.3680043.8.498.10440591424169021316962862657887905795\1.2.826.0.1.3680043.8.498.31509297671699238684232481873212580014.dcm,1.2.826.0.1.3680043.8.498.10009639203170750274174707434356622764,1.2.826.0.1.3680043.8.498.10440591424169021316962862657887905795,1.2.826.0.1.3680043.8.498.31509297671699238684232481873212580014,LT_pd_tse_fs_cor,8,MR,KNEE,,*tse2d1rr9,MONOCHROME2,fd7379f0-da7,,,SIEMENS,Aera,L,FFS,1.2.840.10008.1.2.1,640,640,17,,0.98397626;0.17829952;5.990103e-09;-0.020777726;0.11466545;-0.99318685,9.2892558;-44.375024;67.665446,0.25;0.25,3.0,3.6,1,16,12,11,0,,
train_series\1.2.826.0.1.3680043.8.498.10440591424169021316962862657887905795\1.2.826.0.1.3680043.8.498.33376962483713156704037665617465769744.dcm,1.2.826.0.1.3680043.8.498.10009639203170750274174707434356622764,1.2.826.0.1.3680043.8.498.10440591424169021316962862657887905795,1.2.826.0.1.3680043.8.498.33376962483713156704037665617465769744,LT_pd_tse_fs_cor,8,MR,KNEE,,*tse2d1rr9,MONOCHROME2,fd7379f0-da7,,,SIEMENS,Aera,L,FFS,1.2.840.10008.1.2.1,640,640,9,,0.98397626;0.17829952;5.990103e-09;-0.020777726;0.11466545;-0.99318685,14.3893;-72.520465;64.309306,0.25;0.25,3.0,3.6,1,16,12,11,0,,
train_series\1.2.826.0.1.3680043.8.498.10440591424169021316962862657887905795\1.2.826.0.1.3680043.8.498.35446331728310613937018810735290603590.dcm,1.2.826.0.1.3680043.8.498.10009639203170750274174707434356622764,1.2.826.0.1.3680043.8.498.10440591424169021316962862657887905795,1.2.826.0.1.3680043.8.498.35446331728310613937018810735290603590,LT_pd_tse_fs_cor,8,MR,KNEE,,*tse2d1rr9,MONOCHROME2,fd7379f0-da7,,,SIEMENS,Aera,L,FFS,1.2.840.10008.1.2.1,640,640,26,,0.98397626;0.17829952;5.990103e-09;-0.020777726;0.11466545;-0.99318685,3.5517146;-12.711402;71.441105,0.25;0.25,3.0,3.6,1,16,12,11,0,,
train_series\1.2.826.0.1.3680043.8.498.10440591424169021316962862657887905795\1.2.826.0.1.3680043.8.498.46673735734949499428278229849896891901.dcm,1.2.826.0.1.3680043.8.498.10009639203170750274174707434356622764,1.2.826.0.1.3680043.8.498.10440591424169021316962862657887905795,1.2.826.0.1.3680043.8.498.46673735734949499428278229849896891901,LT_pd_tse_fs_cor,8,MR,KNEE,,*tse2d1rr9,MONOCHROME2,fd7379f0-da7,,,SIEMENS,Aera,L,FFS,1.2.840.10008.1.2.1,640,640,30,,0.98397626;0.17829952;5.990103e-09;-0.020777726;0.11466545;-0.99318685,1.0016887;1.3613194;73.119176,0.25;0.25,3.0,3.6,1,16,12,11,0,,
train_series\1.2.826.0.1.3680043.8.498.10440591424169021316962862657887905795\1.2.826.0.1.3680043.8.498.51626523711269557544964525839509794666.dcm,1.2.826.0.1.3680043.8.498.10009639203170750274174707434356622764,1.2.826.0.1.3680043.8.498.10440591424169021316962862657887905795,1.2.826.0.1.3680043.8.498.51626523711269557544964525839509794666,LT_pd_tse_fs_cor,8,MR,KNEE,,*tse2d1rr9,MONOCHROME2,fd7379f0-da7,,,SIEMENS,Aera,L,FFS,1.2.840.10008.1.2.1,640,640,7,,0.98397626;0.17829952;5.990103e-09;-0.020777726;0.11466545;-0.99318685,15.664309;-79.556827;63.47027,0.25;0.25,3.0,3.6,1,16,12,11,0,,
train_series\1.2.826.0.1.3680043.8.498.10440591424169021316962862657887905795\1.2.826.0.1.3680043.8.498.55716833311407959459904762553147136530.dcm,1.2.826.0.1.3680043.8.498.10009639203170750274174707434356622764,1.2.826.0.1.3680043.8.498.10440591424169021316962862657887905795,1.2.826.0.1.3680043.8.498.55716833311407959459904762553147136530,LT_pd_tse_fs_cor,8,MR,KNEE,,*tse2d1rr9,MONOCHROME2,fd7379f0-da7,,,SIEMENS,Aera,L,FFS,1.2.840.10008.1.2.1,640,640,1,,0.98397626;0.17829952;5.990103e-09;-0.020777726;0.11466545;-0.99318685,19.489337;-100.66591;60.953164,0.25;0.25,3.0,3.6,1,16,12,11,0,,
train_series\1.2.826.0.1.3680043.8.498.10440591424169021316962862657887905795\1.2.826.0.1.3680043.8.498.58288770879734493100580869378572690185.dcm,1.2.826.0.1.3680043.8.498.10009639203170750274174707434356622764,1.2.826.0.1.3680043.8.498.10440591424169021316962862657887905795,1.2.826.0.1.3680043.8.498.58288770879734493100580869378572690185,LT_pd_tse_fs_cor,8,MR,KNEE,,*tse2d1rr9,MONOCHROME2,fd7379f0-da7,,,SIEMENS,Aera,L,FFS,1.2.840.10008.1.2.1,640,640,13,,0.98397626;0.17829952;5.990103e-09;-0.020777726;0.11466545;-0.99318685,11.839282;-58.447745;65.987376,0.25;0.25,3.0,3.6,1,16,12,11,0,,
train_series\1.2.826.0.1.3680043.8.498.10440591424169021316962862657887905795\1.2.826.0.1.3680043.8.498.59026233485534464508836666130027869354.dcm,1.2.826.0.1.3680043.8.498.10009639203170750274174707434356622764,1.2.826.0.1.3680043.8.498.10440591424169021316962862657887905795,1.2.826.0.1.3680043.8.498.59026233485534464508836666130027869354,LT_pd_tse_fs_cor,8,MR,KNEE,,*tse2d1rr9,MONOCHROME2,fd7379f0-da7,,,SIEMENS,Aera,L,FFS,1.2.840.10008.1.2.1,640,640,11,,0.98397626;0.17829952;5.990103e-09;-0.020777726;0.11466545;-0.99318685,13.114291;-65.484107;65.148341,0.25;0.25,3.0,3.6,1,16,12,11,0,,
train_series\1.2.826.0.1.3680043.8.498.10440591424169021316962862657887905795\1.2.826.0.1.3680043.8.498.60842040751984489150997658985399456323.dcm,1.2.826.0.1.3680043.8.498.10009639203170750274174707434356622764,1.2.826.0.1.3680043.8.498.10440591424169021316962862657887905795,1.2.826.0.1.3680043.8.498.60842040751984489150997658985399456323,LT_pd_tse_fs_cor,8,MR,KNEE,,*tse2d1rr9,MONOCHROME2,fd7379f0-da7,,,SIEMENS,Aera,L,FFS,1.2.840.10008.1.2.1,640,640,10,,0.98397626;0.17829952;5.990103e-09;-0.020777726;0.11466545;-0.99318685,13.751796;-69.002288;64.728824,0.25;0.25,3.0,3.6,1,16,12,11,0,,
train_series\1.2.826.0.1.3680043.8.498.10440591424169021316962862657887905795\1.2.826.0.1.3680043.8.498.68649589748657591885535680860590680862.dcm,1.2.826.0.1.3680043.8.498.10009639203170750274174707434356622764,1.2.826.0.1.3680043.8.498.10440591424169021316962862657887905795,1.2.826.0.1.3680043.8.498.68649589748657591885535680860590680862,LT_pd_tse_fs_cor,8,MR,KNEE,,*tse2d1rr9,MONOCHROME2,fd7379f0-da7,,,SIEMENS,Aera,L,FFS,1.2.840.10008.1.2.1,640,640,27,,0.98397626;0.17829952;5.990103e-09;-0.020777726;0.11466545;-0.99318685,2.9142101;-9.1932222;71.860623,0.25;0.25,3.0,3.6,1,16,12,11,0,,
train_series\1.2.826.0.1.3680043.8.498.10440591424169021316962862657887905795\1.2.826.0.1.3680043.8.498.73839799462713627172413677735437814068.dcm,1.2.826.0.1.3680043.8.498.10009639203170750274174707434356622764,1.2.826.0.1.3680043.8.498.10440591424169021316962862657887905795,1.2.826.0.1.3680043.8.498.73839799462713627172413677735437814068,LT_pd_tse_fs_cor,8,MR,KNEE,,*tse2d1rr9,MONOCHROME2,fd7379f0-da7,,,SIEMENS,Aera,L,FFS,1.2.840.10008.1.2.1,640,640,4,,0.98397626;0.17829952;5.990103e-09;-0.020777726;0.11466545;-0.99318685,17.576823;-90.111369;62.211719,0.25;0.25,3.0,3.6,1,16,12,11,0,,
train_series\1.2.826.0.1.3680043.8.498.10440591424169021316962862657887905795\1.2.826.0.1.3680043.8.498.76299567596146395366739221486535760265.dcm,1.2.826.0.1.3680043.8.498.10009639203170750274174707434356622764,1.2.826.0.1.3680043.8.498.10440591424169021316962862657887905795,1.2.826.0.1.3680043.8.498.76299567596146395366739221486535760265,LT_pd_tse_fs_cor,8,MR,KNEE,,*tse2d1rr9,MONOCHROME2,fd7379f0-da7,,,SIEMENS,Aera,L,FFS,1.2.840.10008.1.2.1,640,640,5,,0.98397626;0.17829952;5.990103e-09;-0.020777726;0.11466545;-0.99318685,16.939318;-86.593188;62.631236,0.25;0.25,3.0,3.6,1,16,12,11,0,,
train_series\1.2.826.0.1.3680043.8.498.10440591424169021316962862657887905795\1.2.826.0.1.3680043.8.498.82563100505363744894089243725475530549.dcm,1.2.826.0.1.3680043.8.498.10009639203170750274174707434356622764,1.2.826.0.1.3680043.8.498.10440591424169021316962862657887905795,1.2.826.0.1.3680043.8.498.82563100505363744894089243725475530549,LT_pd_tse_fs_cor,8,MR,KNEE,,*tse2d1rr9,MONOCHROME2,fd7379f0-da7,,,SIEMENS,Aera,L,FFS,1.2.840.10008.1.2.1,640,640,8,,0.98397626;0.17829952;5.990103e-09;-0.020777726;0.11466545;-0.99318685,15.026805;-76.038646;63.889788,0.25;0.25,3.0,3.6,1,16,12,11,0,,
train_series\1.2.826.0.1.3680043.8.498.10440591424169021316962862657887905795\1.2.826.0.1.3680043.8.498.82843274702796006521775122611659526868.dcm,1.2.826.0.1.3680043.8.498.10009639203170750274174707434356622764,1.2.826.0.1.3680043.8.498.10440591424169021316962862657887905795,1.2.826.0.1.3680043.8.498.82843274702796006521775122611659526868,LT_pd_tse_fs_cor,8,MR,KNEE,,*tse2d1rr9,MONOCHROME2,fd7379f0-da7,,,SIEMENS,Aera,L,FFS,1.2.840.10008.1.2.1,640,640,19,,0.98397626;0.17829952;5.990103e-09;-0.020777726;0.11466545;-0.99318685,8.0142467;-37.338664;68.504481,0.25;0.25,3.0,3.6,1,16,12,11,0,,
train_series\1.2.826.0.1.3680043.8.498.10440591424169021316962862657887905795\1.2.826.0.1.3680043.8.498.87488206911930602668623503962294121689.dcm,1.2.826.0.1.3680043.8.498.10009639203170750274174707434356622764,1.2.826.0.1.3680043.8.498.10440591424169021316962862657887905795,1.2.826.0.1.3680043.8.498.87488206911930602668623503962294121689,LT_pd_tse_fs_cor,8,MR,KNEE,,*tse2d1rr9,MONOCHROME2,fd7379f0-da7,,,SIEMENS,Aera,L,FFS,1.2.840.10008.1.2.1,640,640,2,,0.98397626;0.17829952;5.990103e-09;-0.020777726;0.11466545;-0.99318685,18.851832;-97.147731;61.372682,0.25;0.25,3.0,3.6,1,16,12,11,0,,
train_series\1.2.826.0.1.3680043.8.498.10440591424169021316962862657887905795\1.2.826.0.1.3680043.8.498.91256935459769147603402265824320475888.dcm,1.2.826.0.1.3680043.8.498.10009639203170750274174707434356622764,1.2.826.0.1.3680043.8.498.10440591424169021316962862657887905795,1.2.826.0.1.3680043.8.498.91256935459769147603402265824320475888,LT_pd_tse_fs_cor,8,MR,KNEE,,*tse2d1rr9,MONOCHROME2,fd7379f0-da7,,,SIEMENS,Aera,L,FFS,1.2.840.10008.1.2.1,640,640,16,,0.98397626;0.17829952;5.990103e-09;-0.020777726;0.11466545;-0.99318685,9.9267604;-47.893205;67.245929,0.25;0.25,3.0,3.6,1,16,12,11,0,,
train_series\1.2.826.0.1.3680043.8.498.10440591424169021316962862657887905795\1.2.826.0.1.3680043.8.498.91681496963248731535604903070597031363.dcm,1.2.826.0.1.3680043.8.498.10009639203170750274174707434356622764,1.2.826.0.1.3680043.8.498.10440591424169021316962862657887905795,1.2.826.0.1.3680043.8.498.91681496963248731535604903070597031363,LT_pd_tse_fs_cor,8,MR,KNEE,,*tse2d1rr9,MONOCHROME2,fd7379f0-da7,,,SIEMENS,Aera,L,FFS,1.2.840.10008.1.2.1,640,640,18,,0.98397626;0.17829952;5.990103e-09;-0.020777726;0.11466545;-0.99318685,8.6517512;-40.856845;68.084964,0.25;0.25,3.0,3.6,1,16,12,11,0,,
train_series\1.2.826.0.1.3680043.8.498.10440591424169021316962862657887905795\1.2.826.0.1.3680043.8.498.95001316319417166557842862217356454321.dcm,1.2.826.0.1.3680043.8.498.10009639203170750274174707434356622764,1.2.826.0.1.3680043.8.498.10440591424169021316962862657887905795,1.2.826.0.1.3680043.8.498.95001316319417166557842862217356454321,LT_pd_tse_fs_cor,8,MR,KNEE,,*tse2d1rr9,MONOCHROME2,fd7379f0-da7,,,SIEMENS,Aera,L,FFS,1.2.840.10008.1.2.1,640,640,28,,0.98397626;0.17829952;5.990103e-09;-0.020777726;0.11466545;-0.99318685,2.2767055;-5.6750423;72.28014,0.25;0.25,3.0,3.6,1,16,12,11,0,,
train_series\1.2.826.0.1.3680043.8.498.10440591424169021316962862657887905795\1.2.826.0.1.3680043.8.498.95293228092748318631644855243145238536.dcm,1.2.826.0.1.3680043.8.498.10009639203170750274174707434356622764,1.2.826.0.1.3680043.8.498.10440591424169021316962862657887905795,1.2.826.0.1.3680043.8.498.95293228092748318631644855243145238536,LT_pd_tse_fs_cor,8,MR,KNEE,,*tse2d1rr9,MONOCHROME2,fd7379f0-da7,,,SIEMENS,Aera,L,FFS,1.2.840.10008.1.2.1,640,640,32,,0.98397626;0.17829952;5.990103e-09;-0.020777726;0.11466545;-0.99318685,-0.27332047;8.3976792;73.958211,0.25;0.25,3.0,3.6,1,16,12,11,0,,
train_series\1.2.826.0.1.3680043.8.498.10997243274493644695137773062377650204\1.2.826.0.1.3680043.8.498.10069932447335335020486232196052169038.dcm,1.2.826.0.1.3680043.8.498.10009639203170750274174707434356622764,1.2.826.0.1.3680043.8.498.10997243274493644695137773062377650204,1.2.826.0.1.3680043.8.498.10069932447335335020486232196052169038,LT_t1_tse_tra,4,MR,KNEE,,*tse2d1_3,MONOCHROME2,fd7379f0-da7,,,SIEMENS,Aera,L,FFS,1.2.840.10008.1.2.1,640,640,27,,0.9844883;0.17534076;0.006198057;-0.17536411;0.98449762;0.0034452592,23.823796;-102.4219;-63.036363,0.234375;0.234375,3.0,3.9,1,16,12,11,0,,
train_series\1.2.826.0.1.3680043.8.498.10997243274493644695137773062377650204\1.2.826.0.1.3680043.8.498.10479445270523956099196646307234967492.dcm,1.2.826.0.1.3680043.8.498.10009639203170750274174707434356622764,1.2.826.0.1.3680043.8.498.10997243274493644695137773062377650204,1.2.826.0.1.3680043.8.498.10479445270523956099196646307234967492,LT_t1_tse_tra,4,MR,KNEE,,*tse2d1_3,MONOCHROME2,fd7379f0-da7,,,SIEMENS,Aera,L,FFS,1.2.840.10008.1.2.1,640,640,18,,0.9844883;0.17534076;0.006198057;-0.17536411;0.98449762;0.0034452592,23.630826;-102.5791;-27.937246,0.234375;0.234375,3.0,3.9,1,16,12,11,0,,
train_series\1.2.826.0.1.3680043.8.498.10997243274493644695137773062377650204\1.2.826.0.1.3680043.8.498.10753835315380964994731992725289485038.dcm,1.2.826.0.1.3680043.8.498.10009639203170750274174707434356622764,1.2.826.0.1.3680043.8.498.10997243274493644695137773062377650204,1.2.826.0.1.3680043.8.498.10753835315380964994731992725289485038,LT_t1_tse_tra,4,MR,KNEE,,*tse2d1_3,MONOCHROME2,fd7379f0-da7,,,SIEMENS,Aera,L,FFS,1.2.840.10008.1.2.1,640,640,22,,0.9844883;0.17534076;0.006198057;-0.17536411;0.98449762;0.0034452592,23.716588;-102.50923;-43.536855,0.234375;0.234375,3.0,3.9,1,16,12,11,0,,
train_series\1.2.826.0.1.3680043.8.498.10997243274493644695137773062377650204\1.2.826.0.1.3680043.8.498.11610603877349235811101168072417750775.dcm,1.2.826.0.1.3680043.8.498.10009639203170750274174707434356622764,1.2.826.0.1.3680043.8.498.10997243274493644695137773062377650204,1.2.826.0.1.3680043.8.498.11610603877349235811101168072417750775,LT_t1_tse_tra,4,MR,KNEE,,*tse2d1_3,MONOCHROME2,fd7379f0-da7,,,SIEMENS,Aera,L,FFS,1.2.840.10008.1.2.1,640,640,10,,0.9844883;0.17534076;0.006198057;-0.17536411;0.98449762;0.0034452592,23.459286;-102.71884;3.2619703,0.234375;0.234375,3.0,3.9,1,16,12,11,0,,
train_series\1.2.826.0.1.3680043.8.498.10997243274493644695137773062377650204\1.2.826.0.1.3680043.8.498.12275478554180468287781944607189526172.dcm,1.2.826.0.1.3680043.8.498.10009639203170750274174707434356622764,1.2.826.0.1.3680043.8.498.10997243274493644695137773062377650204,1.2.826.0.1.3680043.8.498.12275478554180468287781944607189526172,LT_t1_tse_tra,4,MR,KNEE,,*tse2d1_3,MONOCHROME2,fd7379f0-da7,,,SIEMENS,Aera,L,FFS,1.2.840.10008.1.2.1,640,640,6,,0.9844883;0.17534076;0.006198057;-0.17536411;0.98449762;0.0034452592,23.373524;-102.78871;18.861579,0.234375;0.234375,3.0,3.9,1,16,12,11,0,,
train_series\1.2.826.0.1.3680043.8.498.10997243274493644695137773062377650204\1.2.826.0.1.3680043.8.498.16383039765121737941690709956292235629.dcm,1.2.826.0.1.3680043.8.498.10009639203170750274174707434356622764,1.2.826.0.1.3680043.8.498.10997243274493644695137773062377650204,1.2.826.0.1.3680043.8.498.16383039765121737941690709956292235629,LT_t1_tse_tra,4,MR,KNEE,,*tse2d1_3,MONOCHROME2,fd7379f0-da7,,,SIEMENS,Aera,L,FFS,1.2.840.10008.1.2.1,640,640,26,,0.9844883;0.17534076;0.006198057;-0.17536411;0.98449762;0.0034452592,23.802357;-102.43936;-59.136461,0.234375;0.234375,3.0,3.9,1,16,12,11,0,,
train_series\1.2.826.0.1.3680043.8.498.10997243274493644695137773062377650204\1.2.826.0.1.3680043.8.498.16910314788534360790951412975620824133.dcm,1.2.826.0.1.3680043.8.498.10009639203170750274174707434356622764,1.2.826.0.1.3680043.8.498.10997243274493644695137773062377650204,1.2.826.0.1.3680043.8.498.16910314788534360790951412975620824133,LT_t1_tse_tra,4,MR,KNEE,,*tse2d1_3,MONOCHROME2,fd7379f0-da7,,,SIEMENS,Aera,L,FFS,1.2.840.10008.1.2.1,640,640,24,,0.9844883;0.17534076;0.006198057;-0.17536411;0.98449762;0.0034452592,23.759473;-102.4743;-51.336656,0.234375;0.234375,3.0,3.9,1,16,12,11,0,,
train_series\1.2.826.0.1.3680043.8.498.10997243274493644695137773062377650204\1.2.826.0.1.3680043.8.498.19465763668762798486160184662653562175.dcm,1.2.826.0.1.3680043.8.498.10009639203170750274174707434356622764,1.2.826.0.1.3680043.8.498.10997243274493644695137773062377650204,1.2.826.0.1.3680043.8.498.19465763668762798486160184662653562175,LT_t1_tse_tra,4,MR,KNEE,,*tse2d1_3,MONOCHROME2,fd7379f0-da7,,,SIEMENS,Aera,L,FFS,1.2.840.10008.1.2.1,640,640,20,,0.9844883;0.17534076;0.006198057;-0.17536411;0.98449762;0.0034452592,23.673711;-102.54417;-35.73705,0.234375;0.234375,3.0,3.9,1,16,12,11,0,,
train_series\1.2.826.0.1.3680043.8.498.10997243274493644695137773062377650204\1.2.826.0.1.3680043.8.498.23524193321290724446617765813779905756.dcm,1.2.826.0.1.3680043.8.498.10009639203170750274174707434356622764,1.2.826.0.1.3680043.8.498.10997243274493644695137773062377650204,1.2.826.0.1.3680043.8.498.23524193321290724446617765813779905756,LT_t1_tse_tra,4,MR,KNEE,,*tse2d1_3,MONOCHROME2,fd7379f0-da7,,,SIEMENS,Aera,L,FFS,1.2.840.10008.1.2.1,640,640,8,,0.9844883;0.17534076;0.006198057;-0.17536411;0.98449762;0.0034452592,23.416409;-102.75377;11.061774,0.234375;0.234375,3.0,3.9,1,16,12,11,0,,
train_series\1.2.826.0.1.3680043.8.498.10997243274493644695137773062377650204\1.2.826.0.1.3680043.8.498.25336601319375135432506283231426926386.dcm,1.2.826.0.1.3680043.8.498.10009639203170750274174707434356622764,1.2.826.0.1.3680043.8.498.10997243274493644695137773062377650204,1.2.826.0.1.3680043.8.498.25336601319375135432506283231426926386,LT_t1_tse_tra,4,MR,KNEE,,*tse2d1_3,MONOCHROME2,fd7379f0-da7,,,SIEMENS,Aera,L,FFS,1.2.840.10008.1.2.1,640,640,16,,0.9844883;0.17534076;0.006198057;-0.17536411;0.98449762;0.0034452592,23.587941;-102.61403;-20.137441,0.234375;0.234375,3.0,3.9,1,16,12,11,0,,
train_series\1.2.826.0.1.3680043.8.498.10997243274493644695137773062377650204\1.2.826.0.1.3680043.8.498.26137839157079768705114962138470029738.dcm,1.2.826.0.1.3680043.8.498.10009639203170750274174707434356622764,1.2.826.0.1.3680043.8.498.10997243274493644695137773062377650204,1.2.826.0.1.3680043.8.498.26137839157079768705114962138470029738,LT_t1_tse_tra,4,MR,KNEE,,*tse2d1_3,MONOCHROME2,fd7379f0-da7,,,SIEMENS,Aera,L,FFS,1.2.840.10008.1.2.1,640,640,11,,0.9844883;0.17534076;0.006198057;-0.17536411;0.98449762;0.0034452592,23.480733;-102.70137;-0.63793172,0.234375;0.234375,3.0,3.9,1,16,12,11,0,,
train_series\1.2.826.0.1.3680043.8.498.10997243274493644695137773062377650204\1.2.826.0.1.3680043.8.498.27059456745933435652024638264621191290.dcm,1.2.826.0.1.3680043.8.498.10009639203170750274174707434356622764,1.2.826.0.1.3680043.8.498.10997243274493644695137773062377650204,1.2.826.0.1.3680043.8.498.27059456745933435652024638264621191290,LT_t1_tse_tra,4,MR,KNEE,,*tse2d1_3,MONOCHROME2,fd7379f0-da7,,,SIEMENS,Aera,L,FFS,1.2.840.10008.1.2.1,640,640,28,,0.9844883;0.17534076;0.006198057;-0.17536411;0.98449762;0.0034452592,23.845242;-102.40443;-66.936261,0.234375;0.234375,3.0,3.9,1,16,12,11,0,,
train_series\1.2.826.0.1.3680043.8.498.10997243274493644695137773062377650204\1.2.826.0.1.3680043.8.498.28118353321546512226599338512540103395.dcm,1.2.826.0.1.3680043.8.498.10009639203170750274174707434356622764,1.2.826.0.1.3680043.8.498.10997243274493644695137773062377650204,1.2.826.0.1.3680043.8.498.28118353321546512226599338512540103395,LT_t1_tse_tra,4,MR,KNEE,,*tse2d1_3,MONOCHROME2,fd7379f0-da7,,,SIEMENS,Aera,L,FFS,1.2.840.10008.1.2.1,640,640,17,,0.9844883;0.17534076;0.006198057;-0.17536411;0.98449762;0.0034452592,23.609379;-102.59657;-24.037343,0.234375;0.234375,3.0,3.9,1,16,12,11,0,,
train_series\1.2.826.0.1.3680043.8.498.10997243274493644695137773062377650204\1.2.826.0.1.3680043.8.498.28526557669627225016574061677247917853.dcm,1.2.826.0.1.3680043.8.498.10009639203170750274174707434356622764,1.2.826.0.1.3680043.8.498.10997243274493644695137773062377650204,1.2.826.0.1.3680043.8.498.28526557669627225016574061677247917853,LT_t1_tse_tra,4,MR,KNEE,,*tse2d1_3,MONOCHROME2,fd7379f0-da7,,,SIEMENS,Aera,L,FFS,1.2.840.10008.1.2.1,640,640,30,,0.9844883;0.17534076;0.006198057;-0.17536411;0.98449762;0.0034452592,23.888127;-102.3695;-74.736066,0.234375;0.234375,3.0,3.9,1,16,12,11,0,,
train_series\1.2.826.0.1.3680043.8.498.10997243274493644695137773062377650204\1.2.826.0.1.3680043.8.498.41129567862905896357732519198691086513.dcm,1.2.826.0.1.3680043.8.498.10009639203170750274174707434356622764,1.2.826.0.1.3680043.8.498.10997243274493644695137773062377650204,1.2.826.0.1.3680043.8.498.41129567862905896357732519198691086513,LT_t1_tse_tra,4,MR,KNEE,,*tse2d1_3,MONOCHROME2,fd7379f0-da7,,,SIEMENS,Aera,L,FFS,1.2.840.10008.1.2.1,640,640,3,,0.9844883;0.17534076;0.006198057;-0.17536411;0.98449762;0.0034452592,23.309201;-102.84111;30.561284,0.234375;0.234375,3.0,3.9,1,16,12,11,0,,
train_series\1.2.826.0.1.3680043.8.498.10997243274493644695137773062377650204\1.2.826.0.1.3680043.8.498.41721146033703867732970518615112226662.dcm,1.2.826.0.1.3680043.8.498.10009639203170750274174707434356622764,1.2.826.0.1.3680043.8.498.10997243274493644695137773062377650204,1.2.826.0.1.3680043.8.498.41721146033703867732970518615112226662,LT_t1_tse_tra,4,MR,KNEE,,*tse2d1_3,MONOCHROME2,fd7379f0-da7,,,SIEMENS,Aera,L,FFS,1.2.840.10008.1.2.1,640,640,12,,0.9844883;0.17534076;0.006198057;-0.17536411;0.98449762;0.0034452592,23.502171;-102.6839;-4.5378337,0.234375;0.234375,3.0,3.9,1,16,12,11,0,,
train_series\1.2.826.0.1.3680043.8.498.10997243274493644695137773062377650204\1.2.826.0.1.3680043.8.498.43460058802519341492928551324321350102.dcm,1.2.826.0.1.3680043.8.498.10009639203170750274174707434356622764,1.2.826.0.1.3680043.8.498.10997243274493644695137773062377650204,1.2.826.0.1.3680043.8.498.43460058802519341492928551324321350102,LT_t1_tse_tra,4,MR,KNEE,,*tse2d1_3,MONOCHROME2,fd7379f0-da7,,,SIEMENS,Aera,L,FFS,1.2.840.10008.1.2.1,640,640,5,,0.9844883;0.17534076;0.006198057;-0.17536411;0.98449762;0.0034452592,23.352078;-102.80617;22.761479,0.234375;0.234375,3.0,3.9,1,16,12,11,0,,
train_series\1.2.826.0.1.3680043.8.498.10997243274493644695137773062377650204\1.2.826.0.1.3680043.8.498.49094488868061207302714877713334660039.dcm,1.2.826.0.1.3680043.8.498.10009639203170750274174707434356622764,1.2.826.0.1.3680043.8.498.10997243274493644695137773062377650204,1.2.826.0.1.3680043.8.498.49094488868061207302714877713334660039,LT_t1_tse_tra,4,MR,KNEE,,*tse2d1_3,MONOCHROME2,fd7379f0-da7,,,SIEMENS,Aera,L,FFS,1.2.840.10008.1.2.1,640,640,21,,0.9844883;0.17534076;0.006198057;-0.17536411;0.98449762;0.0034452592,23.695149;-102.5267;-39.636953,0.234375;0.234375,3.0,3.9,1,16,12,11,0,,
train_series\1.2.826.0.1.3680043.8.498.10997243274493644695137773062377650204\1.2.826.0.1.3680043.8.498.57482788780395516131580730676476567208.dcm,1.2.826.0.1.3680043.8.498.10009639203170750274174707434356622764,1.2.826.0.1.3680043.8.498.10997243274493644695137773062377650204,1.2.826.0.1.3680043.8.498.57482788780395516131580730676476567208,LT_t1_tse_tra,4,MR,KNEE,,*tse2d1_3,MONOCHROME2,fd7379f0-da7,,,SIEMENS,Aera,L,FFS,1.2.840.10008.1.2.1,640,640,13,,0.9844883;0.17534076;0.006198057;-0.17536411;0.98449762;0.0034452592,23.523617;-102.66644;-8.4377358,0.234375;0.234375,3.0,3.9,1,16,12,11,0,,
train_series\1.2.826.0.1.3680043.8.498.10997243274493644695137773062377650204\1.2.826.0.1.3680043.8.498.63196299789521883909376264923224144696.dcm,1.2.826.0.1.3680043.8.498.10009639203170750274174707434356622764,1.2.826.0.1.3680043.8.498.10997243274493644695137773062377650204,1.2.826.0.1.3680043.8.498.63196299789521883909376264923224144696,LT_t1_tse_tra,4,MR,KNEE,,*tse2d1_3,MONOCHROME2,fd7379f0-da7,,,SIEMENS,Aera,L,FFS,1.2.840.10008.1.2.1,640,640,9,,0.9844883;0.17534076;0.006198057;-0.17536411;0.98449762;0.0034452592,23.437848;-102.7363;7.1618722,0.234375;0.234375,3.0,3.9,1,16,12,11,0,,
train_series\1.2.826.0.1.3680043.8.498.10997243274493644695137773062377650204\1.2.826.0.1.3680043.8.498.67254622599264206618325604190619812168.dcm,1.2.826.0.1.3680043.8.498.10009639203170750274174707434356622764,1.2.826.0.1.3680043.8.498.10997243274493644695137773062377650204,1.2.826.0.1.3680043.8.498.67254622599264206618325604190619812168,LT_t1_tse_tra,4,MR,KNEE,,*tse2d1_3,MONOCHROME2,fd7379f0-da7,,,SIEMENS,Aera,L,FFS,1.2.840.10008.1.2.1,640,640,2,,0.9844883;0.17534076;0.006198057;-0.17536411;0.98449762;0.0034452592,23.287755;-102.85857;34.461184,0.234375;0.234375,3.0,3.9,1,16,12,11,0,,
train_series\1.2.826.0.1.3680043.8.498.10997243274493644695137773062377650204\1.2.826.0.1.3680043.8.498.73922685040261517504382364311017869327.dcm,1.2.826.0.1.3680043.8.498.10009639203170750274174707434356622764,1.2.826.0.1.3680043.8.498.10997243274493644695137773062377650204,1.2.826.0.1.3680043.8.498.73922685040261517504382364311017869327,LT_t1_tse_tra,4,MR,KNEE,,*tse2d1_3,MONOCHROME2,fd7379f0-da7,,,SIEMENS,Aera,L,FFS,1.2.840.10008.1.2.1,640,640,15,,0.9844883;0.17534076;0.006198057;-0.17536411;0.98449762;0.0034452592,23.566502;-102.6315;-16.23754,0.234375;0.234375,3.0,3.9,1,16,12,11,0,,
train_series\1.2.826.0.1.3680043.8.498.10997243274493644695137773062377650204\1.2.826.0.1.3680043.8.498.75013542116871432982690348025488928392.dcm,1.2.826.0.1.3680043.8.498.10009639203170750274174707434356622764,1.2.826.0.1.3680043.8.498.10997243274493644695137773062377650204,1.2.826.0.1.3680043.8.498.75013542116871432982690348025488928392,LT_t1_tse_tra,4,MR,KNEE,,*tse2d1_3,MONOCHROME2,fd7379f0-da7,,,SIEMENS,Aera,L,FFS,1.2.840.10008.1.2.1,640,640,29,,0.9844883;0.17534076;0.006198057;-0.17536411;0.98449762;0.0034452592,23.866681;-102.38696;-70.836164,0.234375;0.234375,3.0,3.9,1,16,12,11,0,,
train_series\1.2.826.0.1.3680043.8.498.10997243274493644695137773062377650204\1.2.826.0.1.3680043.8.498.77240016677467973628188976411885339896.dcm,1.2.826.0.1.3680043.8.498.10009639203170750274174707434356622764,1.2.826.0.1.3680043.8.498.10997243274493644695137773062377650204,1.2.826.0.1.3680043.8.498.77240016677467973628188976411885339896,LT_t1_tse_tra,4,MR,KNEE,,*tse2d1_3,MONOCHROME2,fd7379f0-da7,,,SIEMENS,Aera,L,FFS,1.2.840.10008.1.2.1,640,640,25,,0.9844883;0.17534076;0.006198057;-0.17536411;0.98449762;0.0034452592,23.780919;-102.45683;-55.236558,0.234375;0.234375,3.0,3.9,1,16,12,11,0,,
train_series\1.2.826.0.1.3680043.8.498.10997243274493644695137773062377650204\1.2.826.0.1.3680043.8.498.81997668742638069412863164671772092224.dcm,1.2.826.0.1.3680043.8.498.10009639203170750274174707434356622764,1.2.826.0.1.3680043.8.498.10997243274493644695137773062377650204,1.2.826.0.1.3680043.8.498.81997668742638069412863164671772092224,LT_t1_tse_tra,4,MR,KNEE,,*tse2d1_3,MONOCHROME2,fd7379f0-da7,,,SIEMENS,Aera,L,FFS,1.2.840.10008.1.2.1,640,640,7,,0.9844883;0.17534076;0.006198057;-0.17536411;0.98449762;0.0034452592,23.394963;-102.77124;14.961676,0.234375;0.234375,3.0,3.9,1,16,12,11,0,,
train_series\1.2.826.0.1.3680043.8.498.10997243274493644695137773062377650204\1.2.826.0.1.3680043.8.498.83013347138699273701034933860128153529.dcm,1.2.826.0.1.3680043.8.498.10009639203170750274174707434356622764,1.2.826.0.1.3680043.8.498.10997243274493644695137773062377650204,1.2.826.0.1.3680043.8.498.83013347138699273701034933860128153529,LT_t1_tse_tra,4,MR,KNEE,,*tse2d1_3,MONOCHROME2,fd7379f0-da7,,,SIEMENS,Aera,L,FFS,1.2.840.10008.1.2.1,640,640,23,,0.9844883;0.17534076;0.006198057;-0.17536411;0.98449762;0.0034452592,23.738034;-102.49177;-47.436754,0.234375;0.234375,3.0,3.9,1,16,12,11,0,,
train_series\1.2.826.0.1.3680043.8.498.10997243274493644695137773062377650204\1.2.826.0.1.3680043.8.498.84990841372015341389549262052815823606.dcm,1.2.826.0.1.3680043.8.498.10009639203170750274174707434356622764,1.2.826.0.1.3680043.8.498.10997243274493644695137773062377650204,1.2.826.0.1.3680043.8.498.84990841372015341389549262052815823606,LT_t1_tse_tra,4,MR,KNEE,,*tse2d1_3,MONOCHROME2,fd7379f0-da7,,,SIEMENS,Aera,L,FFS,1.2.840.10008.1.2.1,640,640,4,,0.9844883;0.17534076;0.006198057;-0.17536411;0.98449762;0.0034452592,23.33064;-102.82364;26.661381,0.234375;0.234375,3.0,3.9,1,16,12,11,0,,
train_series\1.2.826.0.1.3680043.8.498.10997243274493644695137773062377650204\1.2.826.0.1.3680043.8.498.92795079231195331416027802835112857886.dcm,1.2.826.0.1.3680043.8.498.10009639203170750274174707434356622764,1.2.826.0.1.3680043.8.498.10997243274493644695137773062377650204,1.2.826.0.1.3680043.8.498.92795079231195331416027802835112857886,LT_t1_tse_tra,4,MR,KNEE,,*tse2d1_3,MONOCHROME2,fd7379f0-da7,,,SIEMENS,Aera,L,FFS,1.2.840.10008.1.2.1,640,640,19,,0.9844883;0.17534076;0.006198057;-0.17536411;0.98449762;0.0034452592,23.652264;-102.56163;-31.837148,0.234375;0.234375,3.0,3.9,1,16,12,11,0,,
train_series\1.2.826.0.1.3680043.8.498.10997243274493644695137773062377650204\1.2.826.0.1.3680043.8.498.94743652779861610130389531076385471664.dcm,1.2.826.0.1.3680043.8.498.10009639203170750274174707434356622764,1.2.826.0.1.3680043.8.498.10997243274493644695137773062377650204,1.2.826.0.1.3680043.8.498.94743652779861610130389531076385471664,LT_t1_tse_tra,4,MR,KNEE,,*tse2d1_3,MONOCHROME2,fd7379f0-da7,,,SIEMENS,Aera,L,FFS,1.2.840.10008.1.2.1,640,640,1,,0.9844883;0.17534076;0.006198057;-0.17536411;0.98449762;0.0034452592,23.266316;-102.87604;38.361087,0.234375;0.234375,3.0,3.9,1,16,12,11,0,,
train_series\1.2.826.0.1.3680043.8.498.10997243274493644695137773062377650204\1.2.826.0.1.3680043.8.498.97864299469605101819063825852041793623.dcm,1.2.826.0.1.3680043.8.498.10009639203170750274174707434356622764,1.2.826.0.1.3680043.8.498.10997243274493644695137773062377650204,1.2.826.0.1.3680043.8.498.97864299469605101819063825852041793623,LT_t1_tse_tra,4,MR,KNEE,,*tse2d1_3,MONOCHROME2,fd7379f0-da7,,,SIEMENS,Aera,L,FFS,1.2.840.10008.1.2.1,640,640,14,,0.9844883;0.17534076;0.006198057;-0.17536411;0.98449762;0.0034452592,23.545056;-102.64897;-12.337637,0.234375;0.234375,3.0,3.9,1,16,12,11,0,,
train_series\1.2.826.0.1.3680043.8.498.11982164807463634778369544669639739403\1.2.826.0.1.3680043.8.498.10334393107299528601125194497504139937.dcm,1.2.826.0.1.3680043.8.498.10013663742400736029415768216599146542,1.2.826.0.1.3680043.8.498.11982164807463634778369544669639739403,1.2.826.0.1.3680043.8.498.10334393107299528601125194497504139937,RT. PD_TSE_TRA_FS,3,MR,KNEE,,*tse2d1_15,MONOCHROME2,0adaf01b-2dc,,,Siemens Healthineers,MAGNETOM Aera,R,FFS,1.2.840.10008.1.2.1,384,384,4,,0.998027;0.00320634;-0.0627091;2.70025e-10;0.998695;0.0510638,-164.639;-107.762;25.7428,0.416667;0.416667,3.0,3.3,1,16,12,11,0,1.0,0.0
train_series\1.2.826.0.1.3680043.8.498.11982164807463634778369544669639739403\1.2.826.0.1.3680043.8.498.10356779123428217713583131097391913827.dcm,1.2.826.0.1.3680043.8.498.10013663742400736029415768216599146542,1.2.826.0.1.3680043.8.498.11982164807463634778369544669639739403,1.2.826.0.1.3680043.8.498.10356779123428217713583131097391913827,RT. PD_TSE_TRA_FS,3,MR,KNEE,,*tse2d1_15,MONOCHROME2,0adaf01b-2dc,,,Siemens Healthineers,MAGNETOM Aera,R,FFS,1.2.840.10008.1.2.1,384,384,39,,0.998027;0.00320634;-0.0627091;2.70025e-10;0.998695;0.0510638,-171.891;-101.876;-89.379,0.416667;0.416667,3.0,3.3,1,16,12,11,0,1.0,0.0
train_series\1.2.826.0.1.3680043.8.498.11982164807463634778369544669639739403\1.2.826.0.1.3680043.8.498.10589954683491101390998450787888084473.dcm,1.2.826.0.1.3680043.8.498.10013663742400736029415768216599146542,1.2.826.0.1.3680043.8.498.11982164807463634778369544669639739403,1.2.826.0.1.3680043.8.498.10589954683491101390998450787888084473,RT. PD_TSE_TRA_FS,3,MR,KNEE,,*tse2d1_15,MONOCHROME2,0adaf01b-2dc,,,Siemens Healthineers,MAGNETOM Aera,R,FFS,1.2.840.10008.1.2.1,384,384,5,,0.998027;0.00320634;-0.0627091;2.70025e-10;0.998695;0.0510638,-164.846;-107.594;22.4536,0.416667;0.416667,3.0,3.3,1,16,12,11,0,1.0,0.0
train_series\1.2.826.0.1.3680043.8.498.11982164807463634778369544669639739403\1.2.826.0.1.3680043.8.498.10659397223588412491872726599873751074.dcm,1.2.826.0.1.3680043.8.498.10013663742400736029415768216599146542,1.2.826.0.1.3680043.8.498.11982164807463634778369544669639739403,1.2.826.0.1.3680043.8.498.10659397223588412491872726599873751074,RT. PD_TSE_TRA_FS,3,MR,KNEE,,*tse2d1_15,MONOCHROME2,0adaf01b-2dc,,,Siemens Healthineers,MAGNETOM Aera,R,FFS,1.2.840.10008.1.2.1,384,384,7,,0.998027;0.00320634;-0.0627091;2.70025e-10;0.998695;0.0510638,-165.261;-107.258;15.8752,0.416667;0.416667,3.0,3.3,1,16,12,11,0,1.0,0.0
train_series\1.2.826.0.1.3680043.8.498.11982164807463634778369544669639739403\1.2.826.0.1.3680043.8.498.10810258635631038102948407924296159122.dcm,1.2.826.0.1.3680043.8.498.10013663742400736029415768216599146542,1.2.826.0.1.3680043.8.498.11982164807463634778369544669639739403,1.2.826.0.1.3680043.8.498.10810258635631038102948407924296159122,RT. PD_TSE_TRA_FS,3,MR,KNEE,,*tse2d1_15,MONOCHROME2,0adaf01b-2dc,,,Siemens Healthineers,MAGNETOM Aera,R,FFS,1.2.840.10008.1.2.1,384,384,16,,0.998027;0.00320634;-0.0627091;2.70025e-10;0.998695;0.0510638,-167.126;-105.744;-13.7275,0.416667;0.416667,3.0,3.3,1,16,12,11,0,1.0,0.0
train_series\1.2.826.0.1.3680043.8.498.11982164807463634778369544669639739403\1.2.826.0.1.3680043.8.498.10898505484070820492141892483923378397.dcm,1.2.826.0.1.3680043.8.498.10013663742400736029415768216599146542,1.2.826.0.1.3680043.8.498.11982164807463634778369544669639739403,1.2.826.0.1.3680043.8.498.10898505484070820492141892483923378397,RT. PD_TSE_TRA_FS,3,MR,KNEE,,*tse2d1_15,MONOCHROME2,0adaf01b-2dc,,,Siemens Healthineers,MAGNETOM Aera,R,FFS,1.2.840.10008.1.2.1,384,384,28,,0.998027;0.00320634;-0.0627091;2.70025e-10;0.998695;0.0510638,-169.612;-103.726;-53.1978,0.416667;0.416667,3.0,3.3,1,16,12,11,0,1.0,0.0
train_series\1.2.826.0.1.3680043.8.498.11982164807463634778369544669639739403\1.2.826.0.1.3680043.8.498.11181461633592517475561323475330548504.dcm,1.2.826.0.1.3680043.8.498.10013663742400736029415768216599146542,1.2.826.0.1.3680043.8.498.11982164807463634778369544669639739403,1.2.826.0.1.3680043.8.498.11181461633592517475561323475330548504,RT. PD_TSE_TRA_FS,3,MR,KNEE,,*tse2d1_15,MONOCHROME2,0adaf01b-2dc,,,Siemens Healthineers,MAGNETOM Aera,R,FFS,1.2.840.10008.1.2.1,384,384,11,,0.998027;0.00320634;-0.0627091;2.70025e-10;0.998695;0.0510638,-166.09;-106.585;2.71843,0.416667;0.416667,3.0,3.3,1,16,12,11,0,1.0,0.0
train_series\1.2.826.0.1.3680043.8.498.11982164807463634778369544669639739403\1.2.826.0.1.3680043.8.498.11645370166992316729051808293228289217.dcm,1.2.826.0.1.3680043.8.498.10013663742400736029415768216599146542,1.2.826.0.1.3680043.8.498.11982164807463634778369544669639739403,1.2.826.0.1.3680043.8.498.11645370166992316729051808293228289217,RT. PD_TSE_TRA_FS,3,MR,KNEE,,*tse2d1_15,MONOCHROME2,0adaf01b-2dc,,,Siemens Healthineers,MAGNETOM Aera,R,FFS,1.2.840.10008.1.2.1,384,384,3,,0.998027;0.00320634;-0.0627091;2.70025e-10;0.998695;0.0510638,-164.432;-107.93;29.032,0.416667;0.416667,3.0,3.3,1,16,12,11,0,1.0,0.0
train_series\1.2.826.0.1.3680043.8.498.11982164807463634778369544669639739403\1.2.826.0.1.3680043.8.498.11676515300340876840353952131698828055.dcm,1.2.826.0.1.3680043.8.498.10013663742400736029415768216599146542,1.2.826.0.1.3680043.8.498.11982164807463634778369544669639739403,1.2.826.0.1.3680043.8.498.11676515300340876840353952131698828055,RT. PD_TSE_TRA_FS,3,MR,KNEE,,*tse2d1_15,MONOCHROME2,0adaf01b-2dc,,,Siemens Healthineers,MAGNETOM Aera,R,FFS,1.2.840.10008.1.2.1,384,384,19,,0.998027;0.00320634;-0.0627091;2.70025e-10;0.998695;0.0510638,-167.747;-105.239;-23.5951,0.416667;0.416667,3.0,3.3,1,16,12,11,0,1.0,0.0
train_series\1.2.826.0.1.3680043.8.498.11982164807463634778369544669639739403\1.2.826.0.1.3680043.8.498.11975695226951384953670979244499238039.dcm,1.2.826.0.1.3680043.8.498.10013663742400736029415768216599146542,1.2.826.0.1.3680043.8.498.11982164807463634778369544669639739403,1.2.826.0.1.3680043.8.498.11975695226951384953670979244499238039,RT. PD_TSE_TRA_FS,3,MR,KNEE,,*tse2d1_15,MONOCHROME2,0adaf01b-2dc,,,Siemens Healthineers,MAGNETOM Aera,R,FFS,1.2.840.10008.1.2.1,384,384,14,,0.998027;0.00320634;-0.0627091;2.70025e-10;0.998695;0.0510638,-166.711;-106.08;-7.14915,0.416667;0.416667,3.0,3.3,1,16,12,11,0,1.0,0.0
train_series\1.2.826.0.1.3680043.8.498.11982164807463634778369544669639739403\1.2.826.0.1.3680043.8.498.12680508000567923079580207064042268883.dcm,1.2.826.0.1.3680043.8.498.10013663742400736029415768216599146542,1.2.826.0.1.3680043.8.498.11982164807463634778369544669639739403,1.2.826.0.1.3680043.8.498.12680508000567923079580207064042268883,RT. PD_TSE_TRA_FS,3,MR,KNEE,,*tse2d1_15,MONOCHROME2,0adaf01b-2dc,,,Siemens Healthineers,MAGNETOM Aera,R,FFS,1.2.840.10008.1.2.1,384,384,12,,0.998027;0.00320634;-0.0627091;2.70025e-10;0.998695;0.0510638,-166.297;-106.417;-0.570767,0.416667;0.416667,3.0,3.3,1,16,12,11,0,1.0,0.0
train_series\1.2.826.0.1.3680043.8.498.11982164807463634778369544669639739403\1.2.826.0.1.3680043.8.498.12787331336834264699583465931062207110.dcm,1.2.826.0.1.3680043.8.498.10013663742400736029415768216599146542,1.2.826.0.1.3680043.8.498.11982164807463634778369544669639739403,1.2.826.0.1.3680043.8.498.12787331336834264699583465931062207110,RT. PD_TSE_TRA_FS,3,MR,KNEE,,*tse2d1_15,MONOCHROME2,0adaf01b-2dc,,,Siemens Healthineers,MAGNETOM Aera,R,FFS,1.2.840.10008.1.2.1,384,384,38,,0.998027;0.00320634;-0.0627091;2.70025e-10;0.998695;0.0510638,-171.684;-102.044;-86.0898,0.416667;0.416667,3.0,3.3,1,16,12,11,0,1.0,0.0
train_series\1.2.826.0.1.3680043.8.498.11982164807463634778369544669639739403\1.2.826.0.1.3680043.8.498.12846547584851857603930935962313791467.dcm,1.2.826.0.1.3680043.8.498.10013663742400736029415768216599146542,1.2.826.0.1.3680043.8.498.11982164807463634778369544669639739403,1.2.826.0.1.3680043.8.498.12846547584851857603930935962313791467,RT. PD_TSE_TRA_FS,3,MR,KNEE,,*tse2d1_15,MONOCHROME2,0adaf01b-2dc,,,Siemens Healthineers,MAGNETOM Aera,R,FFS,1.2.840.10008.1.2.1,384,384,31,,0.998027;0.00320634;-0.0627091;2.70025e-10;0.998695;0.0510638,-170.234;-103.221;-63.0654,0.416667;0.416667,3.0,3.3,1,16,12,11,0,1.0,0.0
train_series\1.2.826.0.1.3680043.8.498.11982164807463634778369544669639739403\1.2.826.0.1.3680043.8.498.17598961445452251853533983032507719963.dcm,1.2.826.0.1.3680043.8.498.10013663742400736029415768216599146542,1.2.826.0.1.3680043.8.498.11982164807463634778369544669639739403,1.2.826.0.1.3680043.8.498.17598961445452251853533983032507719963,RT. PD_TSE_TRA_FS,3,MR,KNEE,,*tse2d1_15,MONOCHROME2,0adaf01b-2dc,,,Siemens Healthineers,MAGNETOM Aera,R,FFS,1.2.840.10008.1.2.1,384,384,33,,0.998027;0.00320634;-0.0627091;2.70025e-10;0.998695;0.0510638,-170.648;-102.885;-69.6438,0.416667;0.416667,3.0,3.3,1,16,12,11,0,1.0,0.0
train_series\1.2.826.0.1.3680043.8.498.11982164807463634778369544669639739403\1.2.826.0.1.3680043.8.498.24673006332170947519741999701590072479.dcm,1.2.826.0.1.3680043.8.498.10013663742400736029415768216599146542,1.2.826.0.1.3680043.8.498.11982164807463634778369544669639739403,1.2.826.0.1.3680043.8.498.24673006332170947519741999701590072479,RT. PD_TSE_TRA_FS,3,MR,KNEE,,*tse2d1_15,MONOCHROME2,0adaf01b-2dc,,,Siemens Healthineers,MAGNETOM Aera,R,FFS,1.2.840.10008.1.2.1,384,384,18,,0.998027;0.00320634;-0.0627091;2.70025e-10;0.998695;0.0510638,-167.54;-105.408;-20.3059,0.416667;0.416667,3.0,3.3,1,16,12,11,0,1.0,0.0
train_series\1.2.826.0.1.3680043.8.498.11982164807463634778369544669639739403\1.2.826.0.1.3680043.8.498.26896919813786720021314369334457627764.dcm,1.2.826.0.1.3680043.8.498.10013663742400736029415768216599146542,1.2.826.0.1.3680043.8.498.11982164807463634778369544669639739403,1.2.826.0.1.3680043.8.498.26896919813786720021314369334457627764,RT. PD_TSE_TRA_FS,3,MR,KNEE,,*tse2d1_15,MONOCHROME2,0adaf01b-2dc,,,Siemens Healthineers,MAGNETOM Aera,R,FFS,1.2.840.10008.1.2.1,384,384,27,,0.998027;0.00320634;-0.0627091;2.70025e-10;0.998695;0.0510638,-169.405;-103.894;-49.9087,0.416667;0.416667,3.0,3.3,1,16,12,11,0,1.0,0.0
train_series\1.2.826.0.1.3680043.8.498.11982164807463634778369544669639739403\1.2.826.0.1.3680043.8.498.30354526256340685848966453622136200931.dcm,1.2.826.0.1.3680043.8.498.10013663742400736029415768216599146542,1.2.826.0.1.3680043.8.498.11982164807463634778369544669639739403,1.2.826.0.1.3680043.8.498.30354526256340685848966453622136200931,RT. PD_TSE_TRA_FS,3,MR,KNEE,,*tse2d1_15,MONOCHROME2,0adaf01b-2dc,,,Siemens Healthineers,MAGNETOM Aera,R,FFS,1.2.840.10008.1.2.1,384,384,32,,0.998027;0.00320634;-0.0627091;2.70025e-10;0.998695;0.0510638,-170.441;-103.053;-66.3546,0.416667;0.416667,3.0,3.3,1,16,12,11,0,1.0,0.0
train_series\1.2.826.0.1.3680043.8.498.11982164807463634778369544669639739403\1.2.826.0.1.3680043.8.498.33251621191146222889704903377409124222.dcm,1.2.826.0.1.3680043.8.498.10013663742400736029415768216599146542,1.2.826.0.1.3680043.8.498.11982164807463634778369544669639739403,1.2.826.0.1.3680043.8.498.33251621191146222889704903377409124222,RT. PD_TSE_TRA_FS,3,MR,KNEE,,*tse2d1_15,MONOCHROME2,0adaf01b-2dc,,,Siemens Healthineers,MAGNETOM Aera,R,FFS,1.2.840.10008.1.2.1,384,384,35,,0.998027;0.00320634;-0.0627091;2.70025e-10;0.998695;0.0510638,-171.063;-102.549;-76.2222,0.416667;0.416667,3.0,3.3,1,16,12,11,0,1.0,0.0
train_series\1.2.826.0.1.3680043.8.498.11982164807463634778369544669639739403\1.2.826.0.1.3680043.8.498.35185927065415878966612626644067333475.dcm,1.2.826.0.1.3680043.8.498.10013663742400736029415768216599146542,1.2.826.0.1.3680043.8.498.11982164807463634778369544669639739403,1.2.826.0.1.3680043.8.498.35185927065415878966612626644067333475,RT. PD_TSE_TRA_FS,3,MR,KNEE,,*tse2d1_15,MONOCHROME2,0adaf01b-2dc,,,Siemens Healthineers,MAGNETOM Aera,R,FFS,1.2.840.10008.1.2.1,384,384,20,,0.998027;0.00320634;-0.0627091;2.70025e-10;0.998695;0.0510638,-167.954;-105.071;-26.8843,0.416667;0.416667,3.0,3.3,1,16,12,11,0,1.0,0.0
train_series\1.2.826.0.1.3680043.8.498.11982164807463634778369544669639739403\1.2.826.0.1.3680043.8.498.36163032061491366333815251470357122465.dcm,1.2.826.0.1.3680043.8.498.10013663742400736029415768216599146542,1.2.826.0.1.3680043.8.498.11982164807463634778369544669639739403,1.2.826.0.1.3680043.8.498.36163032061491366333815251470357122465,RT. PD_TSE_TRA_FS,3,MR,KNEE,,*tse2d1_15,MONOCHROME2,0adaf01b-2dc,,,Siemens Healthineers,MAGNETOM Aera,R,FFS,1.2.840.10008.1.2.1,384,384,6,,0.998027;0.00320634;-0.0627091;2.70025e-10;0.998695;0.0510638,-165.053;-107.426;19.1644,0.416667;0.416667,3.0,3.3,1,16,12,11,0,1.0,0.0
train_series\1.2.826.0.1.3680043.8.498.11982164807463634778369544669639739403\1.2.826.0.1.3680043.8.498.36895968548191643125366850357085859628.dcm,1.2.826.0.1.3680043.8.498.10013663742400736029415768216599146542,1.2.826.0.1.3680043.8.498.11982164807463634778369544669639739403,1.2.826.0.1.3680043.8.498.36895968548191643125366850357085859628,RT. PD_TSE_TRA_FS,3,MR,KNEE,,*tse2d1_15,MONOCHROME2,0adaf01b-2dc,,,Siemens Healthineers,MAGNETOM Aera,R,FFS,1.2.840.10008.1.2.1,384,384,21,,0.998027;0.00320634;-0.0627091;2.70025e-10;0.998695;0.0510638,-168.162;-104.903;-30.1735,0.416667;0.416667,3.0,3.3,1,16,12,11,0,1.0,0.0
train_series\1.2.826.0.1.3680043.8.498.11982164807463634778369544669639739403\1.2.826.0.1.3680043.8.498.37314858146224711783815859932910141484.dcm,1.2.826.0.1.3680043.8.498.10013663742400736029415768216599146542,1.2.826.0.1.3680043.8.498.11982164807463634778369544669639739403,1.2.826.0.1.3680043.8.498.37314858146224711783815859932910141484,RT. PD_TSE_TRA_FS,3,MR,KNEE,,*tse2d1_15,MONOCHROME2,0adaf01b-2dc,,,Siemens Healthineers,MAGNETOM Aera,R,FFS,1.2.840.10008.1.2.1,384,384,13,,0.998027;0.00320634;-0.0627091;2.70025e-10;0.998695;0.0510638,-166.504;-106.249;-3.85996,0.416667;0.416667,3.0,3.3,1,16,12,11,0,1.0,0.0
train_series\1.2.826.0.1.3680043.8.498.11982164807463634778369544669639739403\1.2.826.0.1.3680043.8.498.37496177599691720099714328718056188819.dcm,1.2.826.0.1.3680043.8.498.10013663742400736029415768216599146542,1.2.826.0.1.3680043.8.498.11982164807463634778369544669639739403,1.2.826.0.1.3680043.8.498.37496177599691720099714328718056188819,RT. PD_TSE_TRA_FS,3,MR,KNEE,,*tse2d1_15,MONOCHROME2,0adaf01b-2dc,,,Siemens Healthineers,MAGNETOM Aera,R,FFS,1.2.840.10008.1.2.1,384,384,25,,0.998027;0.00320634;-0.0627091;2.70025e-10;0.998695;0.0510638,-168.99;-104.23;-43.3303,0.416667;0.416667,3.0,3.3,1,16,12,11,0,1.0,0.0
train_series\1.2.826.0.1.3680043.8.498.11982164807463634778369544669639739403\1.2.826.0.1.3680043.8.498.50225677447480332122945828091504054963.dcm,1.2.826.0.1.3680043.8.498.10013663742400736029415768216599146542,1.2.826.0.1.3680043.8.498.11982164807463634778369544669639739403,1.2.826.0.1.3680043.8.498.50225677447480332122945828091504054963,RT. PD_TSE_TRA_FS,3,MR,KNEE,,*tse2d1_15,MONOCHROME2,0adaf01b-2dc,,,Siemens Healthineers,MAGNETOM Aera,R,FFS,1.2.840.10008.1.2.1,384,384,22,,0.998027;0.00320634;-0.0627091;2.70025e-10;0.998695;0.0510638,-168.369;-104.735;-33.4627,0.416667;0.416667,3.0,3.3,1,16,12,11,0,1.0,0.0
train_series\1.2.826.0.1.3680043.8.498.11982164807463634778369544669639739403\1.2.826.0.1.3680043.8.498.51461086734498018396453499359719790499.dcm,1.2.826.0.1.3680043.8.498.10013663742400736029415768216599146542,1.2.826.0.1.3680043.8.498.11982164807463634778369544669639739403,1.2.826.0.1.3680043.8.498.51461086734498018396453499359719790499,RT. PD_TSE_TRA_FS,3,MR,KNEE,,*tse2d1_15,MONOCHROME2,0adaf01b-2dc,,,Siemens Healthineers,MAGNETOM Aera,R,FFS,1.2.840.10008.1.2.1,384,384,17,,0.998027;0.00320634;-0.0627091;2.70025e-10;0.998695;0.0510638,-167.333;-105.576;-17.0167,0.416667;0.416667,3.0,3.3,1,16,12,11,0,1.0,0.0
train_series\1.2.826.0.1.3680043.8.498.11982164807463634778369544669639739403\1.2.826.0.1.3680043.8.498.54642244718481023995790398911568965873.dcm,1.2.826.0.1.3680043.8.498.10013663742400736029415768216599146542,1.2.826.0.1.3680043.8.498.11982164807463634778369544669639739403,1.2.826.0.1.3680043.8.498.54642244718481023995790398911568965873,RT. PD_TSE_TRA_FS,3,MR,KNEE,,*tse2d1_15,MONOCHROME2,0adaf01b-2dc,,,Siemens Healthineers,MAGNETOM Aera,R,FFS,1.2.840.10008.1.2.1,384,384,36,,0.998027;0.00320634;-0.0627091;2.70025e-10;0.998695;0.0510638,-171.27;-102.38;-79.5114,0.416667;0.416667,3.0,3.3,1,16,12,11,0,1.0,0.0
train_series\1.2.826.0.1.3680043.8.498.11982164807463634778369544669639739403\1.2.826.0.1.3680043.8.498.59681261111976177617815711375991219637.dcm,1.2.826.0.1.3680043.8.498.10013663742400736029415768216599146542,1.2.826.0.1.3680043.8.498.11982164807463634778369544669639739403,1.2.826.0.1.3680043.8.498.59681261111976177617815711375991219637,RT. PD_TSE_TRA_FS,3,MR,KNEE,,*tse2d1_15,MONOCHROME2,0adaf01b-2dc,,,Siemens Healthineers,MAGNETOM Aera,R,FFS,1.2.840.10008.1.2.1,384,384,29,,0.998027;0.00320634;-0.0627091;2.70025e-10;0.998695;0.0510638,-169.819;-103.558;-56.487,0.416667;0.416667,3.0,3.3,1,16,12,11,0,1.0,0.0
train_series\1.2.826.0.1.3680043.8.498.11982164807463634778369544669639739403\1.2.826.0.1.3680043.8.498.59818270206853402968688908711992884899.dcm,1.2.826.0.1.3680043.8.498.10013663742400736029415768216599146542,1.2.826.0.1.3680043.8.498.11982164807463634778369544669639739403,1.2.826.0.1.3680043.8.498.59818270206853402968688908711992884899,RT. PD_TSE_TRA_FS,3,MR,KNEE,,*tse2d1_15,MONOCHROME2,0adaf01b-2dc,,,Siemens Healthineers,MAGNETOM Aera,R,FFS,1.2.840.10008.1.2.1,384,384,24,,0.998027;0.00320634;-0.0627091;2.70025e-10;0.998695;0.0510638,-168.783;-104.399;-40.0411,0.416667;0.416667,3.0,3.3,1,16,12,11,0,1.0,0.0
train_series\1.2.826.0.1.3680043.8.498.11982164807463634778369544669639739403\1.2.826.0.1.3680043.8.498.61472387789430899002721777393719574089.dcm,1.2.826.0.1.3680043.8.498.10013663742400736029415768216599146542,1.2.826.0.1.3680043.8.498.11982164807463634778369544669639739403,1.2.826.0.1.3680043.8.498.61472387789430899002721777393719574089,RT. PD_TSE_TRA_FS,3,MR,KNEE,,*tse2d1_15,MONOCHROME2,0adaf01b-2dc,,,Siemens Healthineers,MAGNETOM Aera,R,FFS,1.2.840.10008.1.2.1,384,384,23,,0.998027;0.00320634;-0.0627091;2.70025e-10;0.998695;0.0510638,-168.576;-104.567;-36.7519,0.416667;0.416667,3.0,3.3,1,16,12,11,0,1.0,0.0
train_series\1.2.826.0.1.3680043.8.498.11982164807463634778369544669639739403\1.2.826.0.1.3680043.8.498.61975394657148515861226509775723780737.dcm,1.2.826.0.1.3680043.8.498.10013663742400736029415768216599146542,1.2.826.0.1.3680043.8.498.11982164807463634778369544669639739403,1.2.826.0.1.3680043.8.498.61975394657148515861226509775723780737,RT. PD_TSE_TRA_FS,3,MR,KNEE,,*tse2d1_15,MONOCHROME2,0adaf01b-2dc,,,Siemens Healthineers,MAGNETOM Aera,R,FFS,1.2.840.10008.1.2.1,384,384,40,,0.998027;0.00320634;-0.0627091;2.70025e-10;0.998695;0.0510638,-172.099;-101.708;-92.6682,0.416667;0.416667,3.0,3.3,1,16,12,11,0,1.0,0.0
train_series\1.2.826.0.1.3680043.8.498.11982164807463634778369544669639739403\1.2.826.0.1.3680043.8.498.62119712674562899337110412585772725572.dcm,1.2.826.0.1.3680043.8.498.10013663742400736029415768216599146542,1.2.826.0.1.3680043.8.498.11982164807463634778369544669639739403,1.2.826.0.1.3680043.8.498.62119712674562899337110412585772725572,RT. PD_TSE_TRA_FS,3,MR,KNEE,,*tse2d1_15,MONOCHROME2,0adaf01b-2dc,,,Siemens Healthineers,MAGNETOM Aera,R,FFS,1.2.840.10008.1.2.1,384,384,9,,0.998027;0.00320634;-0.0627091;2.70025e-10;0.998695;0.0510638,-165.675;-106.921;9.29681,0.416667;0.416667,3.0,3.3,1,16,12,11,0,1.0,0.0
train_series\1.2.826.0.1.3680043.8.498.11982164807463634778369544669639739403\1.2.826.0.1.3680043.8.498.72729835974967665776081216813952369255.dcm,1.2.826.0.1.3680043.8.498.10013663742400736029415768216599146542,1.2.826.0.1.3680043.8.498.11982164807463634778369544669639739403,1.2.826.0.1.3680043.8.498.72729835974967665776081216813952369255,RT. PD_TSE_TRA_FS,3,MR,KNEE,,*tse2d1_15,MONOCHROME2,0adaf01b-2dc,,,Siemens Healthineers,MAGNETOM Aera,R,FFS,1.2.840.10008.1.2.1,384,384,8,,0.998027;0.00320634;-0.0627091;2.70025e-10;0.998695;0.0510638,-165.468;-107.089;12.586,0.416667;0.416667,3.0,3.3,1,16,12,11,0,1.0,0.0
train_series\1.2.826.0.1.3680043.8.498.11982164807463634778369544669639739403\1.2.826.0.1.3680043.8.498.73746437363041659106484221317735259438.dcm,1.2.826.0.1.3680043.8.498.10013663742400736029415768216599146542,1.2.826.0.1.3680043.8.498.11982164807463634778369544669639739403,1.2.826.0.1.3680043.8.498.73746437363041659106484221317735259438,RT. PD_TSE_TRA_FS,3,MR,KNEE,,*tse2d1_15,MONOCHROME2,0adaf01b-2dc,,,Siemens Healthineers,MAGNETOM Aera,R,FFS,1.2.840.10008.1.2.1,384,384,10,,0.998027;0.00320634;-0.0627091;2.70025e-10;0.998695;0.0510638,-165.882;-106.753;6.00762,0.416667;0.416667,3.0,3.3,1,16,12,11,0,1.0,0.0
train_series\1.2.826.0.1.3680043.8.498.11982164807463634778369544669639739403\1.2.826.0.1.3680043.8.498.73763088995623321052174108112882642944.dcm,1.2.826.0.1.3680043.8.498.10013663742400736029415768216599146542,1.2.826.0.1.3680043.8.498.11982164807463634778369544669639739403,1.2.826.0.1.3680043.8.498.73763088995623321052174108112882642944,RT. PD_TSE_TRA_FS,3,MR,KNEE,,*tse2d1_15,MONOCHROME2,0adaf01b-2dc,,,Siemens Healthineers,MAGNETOM Aera,R,FFS,1.2.840.10008.1.2.1,384,384,30,,0.998027;0.00320634;-0.0627091;2.70025e-10;0.998695;0.0510638,-170.027;-103.39;-59.7762,0.416667;0.416667,3.0,3.3,1,16,12,11,0,1.0,0.0
train_series\1.2.826.0.1.3680043.8.498.11982164807463634778369544669639739403\1.2.826.0.1.3680043.8.498.78387657671547649863945956231442283430.dcm,1.2.826.0.1.3680043.8.498.10013663742400736029415768216599146542,1.2.826.0.1.3680043.8.498.11982164807463634778369544669639739403,1.2.826.0.1.3680043.8.498.78387657671547649863945956231442283430,RT. PD_TSE_TRA_FS,3,MR,KNEE,,*tse2d1_15,MONOCHROME2,0adaf01b-2dc,,,Siemens Healthineers,MAGNETOM Aera,R,FFS,1.2.840.10008.1.2.1,384,384,1,,0.998027;0.00320634;-0.0627091;2.70025e-10;0.998695;0.0510638,-164.017;-108.267;35.6104,0.416667;0.416667,3.0,3.3,1,16,12,11,0,1.0,0.0
train_series\1.2.826.0.1.3680043.8.498.11982164807463634778369544669639739403\1.2.826.0.1.3680043.8.498.82697043862036345853390370945994407558.dcm,1.2.826.0.1.3680043.8.498.10013663742400736029415768216599146542,1.2.826.0.1.3680043.8.498.11982164807463634778369544669639739403,1.2.826.0.1.3680043.8.498.82697043862036345853390370945994407558,RT. PD_TSE_TRA_FS,3,MR,KNEE,,*tse2d1_15,MONOCHROME2,0adaf01b-2dc,,,Siemens Healthineers,MAGNETOM Aera,R,FFS,1.2.840.10008.1.2.1,384,384,34,,0.998027;0.00320634;-0.0627091;2.70025e-10;0.998695;0.0510638,-170.855;-102.717;-72.933,0.416667;0.416667,3.0,3.3,1,16,12,11,0,1.0,0.0
train_series\1.2.826.0.1.3680043.8.498.11982164807463634778369544669639739403\1.2.826.0.1.3680043.8.498.85671486125975293992035345321221059758.dcm,1.2.826.0.1.3680043.8.498.10013663742400736029415768216599146542,1.2.826.0.1.3680043.8.498.11982164807463634778369544669639739403,1.2.826.0.1.3680043.8.498.85671486125975293992035345321221059758,RT. PD_TSE_TRA_FS,3,MR,KNEE,,*tse2d1_15,MONOCHROME2,0adaf01b-2dc,,,Siemens Healthineers,MAGNETOM Aera,R,FFS,1.2.840.10008.1.2.1,384,384,37,,0.998027;0.00320634;-0.0627091;2.70025e-10;0.998695;0.0510638,-171.477;-102.212;-82.8006,0.416667;0.416667,3.0,3.3,1,16,12,11,0,1.0,0.0
train_series\1.2.826.0.1.3680043.8.498.11982164807463634778369544669639739403\1.2.826.0.1.3680043.8.498.85680120245822350150276550744005810916.dcm,1.2.826.0.1.3680043.8.498.10013663742400736029415768216599146542,1.2.826.0.1.3680043.8.498.11982164807463634778369544669639739403,1.2.826.0.1.3680043.8.498.85680120245822350150276550744005810916,RT. PD_TSE_TRA_FS,3,MR,KNEE,,*tse2d1_15,MONOCHROME2,0adaf01b-2dc,,,Siemens Healthineers,MAGNETOM Aera,R,FFS,1.2.840.10008.1.2.1,384,384,26,,0.998027;0.00320634;-0.0627091;2.70025e-10;0.998695;0.0510638,-169.198;-104.062;-46.6195,0.416667;0.416667,3.0,3.3,1,16,12,11,0,1.0,0.0
train_series\1.2.826.0.1.3680043.8.498.11982164807463634778369544669639739403\1.2.826.0.1.3680043.8.498.86066023161622472695156070222830969045.dcm,1.2.826.0.1.3680043.8.498.10013663742400736029415768216599146542,1.2.826.0.1.3680043.8.498.11982164807463634778369544669639739403,1.2.826.0.1.3680043.8.498.86066023161622472695156070222830969045,RT. PD_TSE_TRA_FS,3,MR,KNEE,,*tse2d1_15,MONOCHROME2,0adaf01b-2dc,,,Siemens Healthineers,MAGNETOM Aera,R,FFS,1.2.840.10008.1.2.1,384,384,15,,0.998027;0.00320634;-0.0627091;2.70025e-10;0.998695;0.0510638,-166.918;-105.912;-10.4383,0.416667;0.416667,3.0,3.3,1,16,12,11,0,1.0,0.0
train_series\1.2.826.0.1.3680043.8.498.11982164807463634778369544669639739403\1.2.826.0.1.3680043.8.498.90333679071642937715552207033764701040.dcm,1.2.826.0.1.3680043.8.498.10013663742400736029415768216599146542,1.2.826.0.1.3680043.8.498.11982164807463634778369544669639739403,1.2.826.0.1.3680043.8.498.90333679071642937715552207033764701040,RT. PD_TSE_TRA_FS,3,MR,KNEE,,*tse2d1_15,MONOCHROME2,0adaf01b-2dc,,,Siemens Healthineers,MAGNETOM Aera,R,FFS,1.2.840.10008.1.2.1,384,384,2,,0.998027;0.00320634;-0.0627091;2.70025e-10;0.998695;0.0510638,-164.225;-108.099;32.3212,0.416667;0.416667,3.0,3.3,1,16,12,11,0,1.0,0.0
train_series\1.2.826.0.1.3680043.8.498.12035938794439579756583835150081778633\1.2.826.0.1.3680043.8.498.10108997196434739578042525303455745539.dcm,1.2.826.0.1.3680043.8.498.10009639203170750274174707434356622764,1.2.826.0.1.3680043.8.498.12035938794439579756583835150081778633,1.2.826.0.1.3680043.8.498.10108997196434739578042525303455745539,LT_t2_tse_sag,7,MR,KNEE,,*tse2d1rr18,MONOCHROME2,fd7379f0-da7,,,SIEMENS,Aera,L,FFS,1.2.840.10008.1.2.1,384,384,3,,0.1150452;0.99336026;3.558015e-09;0.043042667;-0.0049849474;-0.9990608,22.837975;-95.926636;66.019846,0.41666666;0.41666666,3.0,3.6,1,16,12,11,0,,
train_series\1.2.826.0.1.3680043.8.498.12035938794439579756583835150081778633\1.2.826.0.1.3680043.8.498.10134162200349867544106932138068262788.dcm,1.2.826.0.1.3680043.8.498.10009639203170750274174707434356622764,1.2.826.0.1.3680043.8.498.12035938794439579756583835150081778633,1.2.826.0.1.3680043.8.498.10134162200349867544106932138068262788,LT_t2_tse_sag,7,MR,KNEE,,*tse2d1rr18,MONOCHROME2,fd7379f0-da7,,,SIEMENS,Aera,L,FFS,1.2.840.10008.1.2.1,384,384,25,,0.1150452;0.99336026;3.558015e-09;0.043042667;-0.0049849474;-0.9990608,101.43822;-105.02966;69.451607,0.41666666;0.41666666,3.0,3.6,1,16,12,11,0,,
train_series\1.2.826.0.1.3680043.8.498.12035938794439579756583835150081778633\1.2.826.0.1.3680043.8.498.10476586146576403273584794421996806887.dcm,1.2.826.0.1.3680043.8.498.10009639203170750274174707434356622764,1.2.826.0.1.3680043.8.498.12035938794439579756583835150081778633,1.2.826.0.1.3680043.8.498.10476586146576403273584794421996806887,LT_t2_tse_sag,7,MR,KNEE,,*tse2d1rr18,MONOCHROME2,fd7379f0-da7,,,SIEMENS,Aera,L,FFS,1.2.840.10008.1.2.1,384,384,12,,0.1150452;0.99336026;3.558015e-09;0.043042667;-0.0049849474;-0.9990608,54.992619;-99.650599;67.423748,0.41666666;0.41666666,3.0,3.6,1,16,12,11,0,,
train_series\1.2.826.0.1.3680043.8.498.12035938794439579756583835150081778633\1.2.826.0.1.3680043.8.498.10537390505558225088368757542972489909.dcm,1.2.826.0.1.3680043.8.498.10009639203170750274174707434356622764,1.2.826.0.1.3680043.8.498.12035938794439579756583835150081778633,1.2.826.0.1.3680043.8.498.10537390505558225088368757542972489909,LT_t2_tse_sag,7,MR,KNEE,,*tse2d1rr18,MONOCHROME2,fd7379f0-da7,,,SIEMENS,Aera,L,FFS,1.2.840.10008.1.2.1,384,384,1,,0.1150452;0.99336026;3.558015e-09;0.043042667;-0.0049849474;-0.9990608,15.6925;-95.099089;65.707867,0.41666666;0.41666666,3.0,3.6,1,16,12,11,0,,
train_series\1.2.826.0.1.3680043.8.498.12035938794439579756583835150081778633\1.2.826.0.1.3680043.8.498.10761834009311259390169122814957410669.dcm,1.2.826.0.1.3680043.8.498.10009639203170750274174707434356622764,1.2.826.0.1.3680043.8.498.12035938794439579756583835150081778633,1.2.826.0.1.3680043.8.498.10761834009311259390169122814957410669,LT_t2_tse_sag,7,MR,KNEE,,*tse2d1rr18,MONOCHROME2,fd7379f0-da7,,,SIEMENS,Aera,L,FFS,1.2.840.10008.1.2.1,384,384,13,,0.1150452;0.99336026;3.558015e-09;0.043042667;-0.0049849474;-0.9990608,58.565358;-100.06437;67.579736,0.41666666;0.41666666,3.0,3.6,1,16,12,11,0,,
train_series\1.2.826.0.1.3680043.8.498.12035938794439579756583835150081778633\1.2.826.0.1.3680043.8.498.10986235065300184677235292282926692693.dcm,1.2.826.0.1.3680043.8.498.10009639203170750274174707434356622764,1.2.826.0.1.3680043.8.498.12035938794439579756583835150081778633,1.2.826.0.1.3680043.8.498.10986235065300184677235292282926692693,LT_t2_tse_sag,7,MR,KNEE,,*tse2d1rr18,MONOCHROME2,fd7379f0-da7,,,SIEMENS,Aera,L,FFS,1.2.840.10008.1.2.1,384,384,9,,0.1150452;0.99336026;3.558015e-09;0.043042667;-0.0049849474;-0.9990608,44.274407;-98.409279;66.955781,0.41666666;0.41666666,3.0,3.6,1,16,12,11,0,,
train_series\1.2.826.0.1.3680043.8.498.12035938794439579756583835150081778633\1.2.826.0.1.3680043.8.498.11355815130894202775334213198942514880.dcm,1.2.826.0.1.3680043.8.498.10009639203170750274174707434356622764,1.2.826.0.1.3680043.8.498.12035938794439579756583835150081778633,1.2.826.0.1.3680043.8.498.11355815130894202775334213198942514880,LT_t2_tse_sag,7,MR,KNEE,,*tse2d1rr18,MONOCHROME2,fd7379f0-da7,,,SIEMENS,Aera,L,FFS,1.2.840.10008.1.2.1,384,384,18,,0.1150452;0.99336026;3.558015e-09;0.043042667;-0.0049849474;-0.9990608,76.429051;-102.13324;68.359683,0.41666666;0.41666666,3.0,3.6,1,16,12,11,0,,
train_series\1.2.826.0.1.3680043.8.498.12035938794439579756583835150081778633\1.2.826.0.1.3680043.8.498.11674941069855657892830788044516449754.dcm,1.2.826.0.1.3680043.8.498.10009639203170750274174707434356622764,1.2.826.0.1.3680043.8.498.12035938794439579756583835150081778633,1.2.826.0.1.3680043.8.498.11674941069855657892830788044516449754,LT_t2_tse_sag,7,MR,KNEE,,*tse2d1rr18,MONOCHROME2,fd7379f0-da7,,,SIEMENS,Aera,L,FFS,1.2.840.10008.1.2.1,384,384,6,,0.1150452;0.99336026;3.558015e-09;0.043042667;-0.0049849474;-0.9990608,33.556191;-97.167958;66.487813,0.41666666;0.41666666,3.0,3.6,1,16,12,11,0,,
train_series\1.2.826.0.1.3680043.8.498.12035938794439579756583835150081778633\1.2.826.0.1.3680043.8.498.11784716697612884220073966037567017796.dcm,1.2.826.0.1.3680043.8.498.10009639203170750274174707434356622764,1.2.826.0.1.3680043.8.498.12035938794439579756583835150081778633,1.2.826.0.1.3680043.8.498.11784716697612884220073966037567017796,LT_t2_tse_sag,7,MR,KNEE,,*tse2d1rr18,MONOCHROME2,fd7379f0-da7,,,SIEMENS,Aera,L,FFS,1.2.840.10008.1.2.1,384,384,19,,0.1150452;0.99336026;3.558015e-09;0.043042667;-0.0049849474;-0.9990608,80.00179;-102.54702;68.515672,0.41666666;0.41666666,3.0,3.6,1,16,12,11,0,,
train_series\1.2.826.0.1.3680043.8.498.12035938794439579756583835150081778633\1.2.826.0.1.3680043.8.498.11788406296760347237101590689954041950.dcm,1.2.826.0.1.3680043.8.498.10009639203170750274174707434356622764,1.2.826.0.1.3680043.8.498.12035938794439579756583835150081778633,1.2.826.0.1.3680043.8.498.11788406296760347237101590689954041950,LT_t2_tse_sag,7,MR,KNEE,,*tse2d1rr18,MONOCHROME2,fd7379f0-da7,,,SIEMENS,Aera,L,FFS,1.2.840.10008.1.2.1,384,384,4,,0.1150452;0.99336026;3.558015e-09;0.043042667;-0.0049849474;-0.9990608,26.410714;-96.340411;66.175834,0.41666666;0.41666666,3.0,3.6,1,16,12,11,0,,
train_series\1.2.826.0.1.3680043.8.498.12035938794439579756583835150081778633\1.2.826.0.1.3680043.8.498.11951729982381733506375313840352173972.dcm,1.2.826.0.1.3680043.8.498.10009639203170750274174707434356622764,1.2.826.0.1.3680043.8.498.12035938794439579756583835150081778633,1.2.826.0.1.3680043.8.498.11951729982381733506375313840352173972,LT_t2_tse_sag,7,MR,KNEE,,*tse2d1rr18,MONOCHROME2,fd7379f0-da7,,,SIEMENS,Aera,L,FFS,1.2.840.10008.1.2.1,384,384,5,,0.1150452;0.99336026;3.558015e-09;0.043042667;-0.0049849474;-0.9990608,29.983453;-96.754183;66.331824,0.41666666;0.41666666,3.0,3.6,1,16,12,11,0,,
train_series\1.2.826.0.1.3680043.8.498.12035938794439579756583835150081778633\1.2.826.0.1.3680043.8.498.12076282352353371414120728809869042452.dcm,1.2.826.0.1.3680043.8.498.10009639203170750274174707434356622764,1.2.826.0.1.3680043.8.498.12035938794439579756583835150081778633,1.2.826.0.1.3680043.8.498.12076282352353371414120728809869042452,LT_t2_tse_sag,7,MR,KNEE,,*tse2d1rr18,MONOCHROME2,fd7379f0-da7,,,SIEMENS,Aera,L,FFS,1.2.840.10008.1.2.1,384,384,29,,0.1150452;0.99336026;3.558015e-09;0.043042667;-0.0049849474;-0.9990608,115.72918;-106.68475;70.075563,0.41666666;0.41666666,3.0,3.6,1,16,12,11,0,,
train_series\1.2.826.0.1.3680043.8.498.12035938794439579756583835150081778633\1.2.826.0.1.3680043.8.498.12183517239753670476541230204279995828.dcm,1.2.826.0.1.3680043.8.498.10009639203170750274174707434356622764,1.2.826.0.1.3680043.8.498.12035938794439579756583835150081778633,1.2.826.0.1.3680043.8.498.12183517239753670476541230204279995828,LT_t2_tse_sag,7,MR,KNEE,,*tse2d1rr18,MONOCHROME2,fd7379f0-da7,,,SIEMENS,Aera,L,FFS,1.2.840.10008.1.2.1,384,384,14,,0.1150452;0.99336026;3.558015e-09;0.043042667;-0.0049849474;-0.9990608,62.138097;-100.47815;67.735726,0.41666666;0.41666666,3.0,3.6,1,16,12,11,0,,
train_series\1.2.826.0.1.3680043.8.498.12035938794439579756583835150081778633\1.2.826.0.1.3680043.8.498.16711577427455756550176141126885728136.dcm,1.2.826.0.1.3680043.8.498.10009639203170750274174707434356622764,1.2.826.0.1.3680043.8.498.12035938794439579756583835150081778633,1.2.826.0.1.3680043.8.498.16711577427455756550176141126885728136,LT_t2_tse_sag,7,MR,KNEE,,*tse2d1rr18,MONOCHROME2,fd7379f0-da7,,,SIEMENS,Aera,L,FFS,1.2.840.10008.1.2.1,384,384,15,,0.1150452;0.99336026;3.558015e-09;0.043042667;-0.0049849474;-0.9990608,65.710835;-100.89192;67.891715,0.41666666;0.41666666,3.0,3.6,1,16,12,11,0,,
train_series\1.2.826.0.1.3680043.8.498.12035938794439579756583835150081778633\1.2.826.0.1.3680043.8.498.25823816011668680749273188516645596239.dcm,1.2.826.0.1.3680043.8.498.10009639203170750274174707434356622764,1.2.826.0.1.3680043.8.498.12035938794439579756583835150081778633,1.2.826.0.1.3680043.8.498.25823816011668680749273188516645596239,LT_t2_tse_sag,7,MR,KNEE,,*tse2d1rr18,MONOCHROME2,fd7379f0-da7,,,SIEMENS,Aera,L,FFS,1.2.840.10008.1.2.1,384,384,23,,0.1150452;0.99336026;3.558015e-09;0.043042667;-0.0049849474;-0.9990608,94.292745;-104.20211;69.139628,0.41666666;0.41666666,3.0,3.6,1,16,12,11,0,,
train_series\1.2.826.0.1.3680043.8.498.12035938794439579756583835150081778633\1.2.826.0.1.3680043.8.498.31206828353791008060633417956216500202.dcm,1.2.826.0.1.3680043.8.498.10009639203170750274174707434356622764,1.2.826.0.1.3680043.8.498.12035938794439579756583835150081778633,1.2.826.0.1.3680043.8.498.31206828353791008060633417956216500202,LT_t2_tse_sag,7,MR,KNEE,,*tse2d1rr18,MONOCHROME2,fd7379f0-da7,,,SIEMENS,Aera,L,FFS,1.2.840.10008.1.2.1,384,384,22,,0.1150452;0.99336026;3.558015e-09;0.043042667;-0.0049849474;-0.9990608,90.720006;-103.78834;68.983639,0.41666666;0.41666666,3.0,3.6,1,16,12,11,0,,
train_series\1.2.826.0.1.3680043.8.498.12035938794439579756583835150081778633\1.2.826.0.1.3680043.8.498.39483676865673595988216072880122313616.dcm,1.2.826.0.1.3680043.8.498.10009639203170750274174707434356622764,1.2.826.0.1.3680043.8.498.12035938794439579756583835150081778633,1.2.826.0.1.3680043.8.498.39483676865673595988216072880122313616,LT_t2_tse_sag,7,MR,KNEE,,*tse2d1rr18,MONOCHROME2,fd7379f0-da7,,,SIEMENS,Aera,L,FFS,1.2.840.10008.1.2.1,384,384,8,,0.1150452;0.99336026;3.558015e-09;0.043042667;-0.0049849474;-0.9990608,40.701669;-97.995505;66.799791,0.41666666;0.41666666,3.0,3.6,1,16,12,11,0,,
train_series\1.2.826.0.1.3680043.8.498.12035938794439579756583835150081778633\1.2.826.0.1.3680043.8.498.42011505911729310264663014677050434926.dcm,1.2.826.0.1.3680043.8.498.10009639203170750274174707434356622764,1.2.826.0.1.3680043.8.498.12035938794439579756583835150081778633,1.2.826.0.1.3680043.8.498.42011505911729310264663014677050434926,LT_t2_tse_sag,7,MR,KNEE,,*tse2d1rr18,MONOCHROME2,fd7379f0-da7,,,SIEMENS,Aera,L,FFS,1.2.840.10008.1.2.1,384,384,21,,0.1150452;0.99336026;3.558015e-09;0.043042667;-0.0049849474;-0.9990608,87.147267;-103.37456;68.82765,0.41666666;0.41666666,3.0,3.6,1,16,12,11,0,,
train_series\1.2.826.0.1.3680043.8.498.12035938794439579756583835150081778633\1.2.826.0.1.3680043.8.498.46002936563407038873122664786463531854.dcm,1.2.826.0.1.3680043.8.498.10009639203170750274174707434356622764,1.2.826.0.1.3680043.8.498.12035938794439579756583835150081778633,1.2.826.0.1.3680043.8.498.46002936563407038873122664786463531854,LT_t2_tse_sag,7,MR,KNEE,,*tse2d1rr18,MONOCHROME2,fd7379f0-da7,,,SIEMENS,Aera,L,FFS,1.2.840.10008.1.2.1,384,384,27,,0.1150452;0.99336026;3.558015e-09;0.043042667;-0.0049849474;-0.9990608,108.5837;-105.85721;69.763585,0.41666666;0.41666666,3.0,3.6,1,16,12,11,0,,
train_series\1.2.826.0.1.3680043.8.498.12035938794439579756583835150081778633\1.2.826.0.1.3680043.8.498.50560281253388413108235399147634131675.dcm,1.2.826.0.1.3680043.8.498.10009639203170750274174707434356622764,1.2.826.0.1.3680043.8.498.12035938794439579756583835150081778633,1.2.826.0.1.3680043.8.498.50560281253388413108235399147634131675,LT_t2_tse_sag,7,MR,KNEE,,*tse2d1rr18,MONOCHROME2,fd7379f0-da7,,,SIEMENS,Aera,L,FFS,1.2.840.10008.1.2.1,384,384,28,,0.1150452;0.99336026;3.558015e-09;0.043042667;-0.0049849474;-0.9990608,112.15643;-106.27098;69.919574,0.41666666;0.41666666,3.0,3.6,1,16,12,11,0,,
train_series\1.2.826.0.1.3680043.8.498.12035938794439579756583835150081778633\1.2.826.0.1.3680043.8.498.51336972010644154696215272667466128569.dcm,1.2.826.0.1.3680043.8.498.10009639203170750274174707434356622764,1.2.826.0.1.3680043.8.498.12035938794439579756583835150081778633,1.2.826.0.1.3680043.8.498.51336972010644154696215272667466128569,LT_t2_tse_sag,7,MR,KNEE,,*tse2d1rr18,MONOCHROME2,fd7379f0-da7,,,SIEMENS,Aera,L,FFS,1.2.840.10008.1.2.1,384,384,10,,0.1150452;0.99336026;3.558015e-09;0.043042667;-0.0049849474;-0.9990608,47.847146;-98.823052;67.111769,0.41666666;0.41666666,3.0,3.6,1,16,12,11,0,,
train_series\1.2.826.0.1.3680043.8.498.12035938794439579756583835150081778633\1.2.826.0.1.3680043.8.498.54785727744869642441191559853932766256.dcm,1.2.826.0.1.3680043.8.498.10009639203170750274174707434356622764,1.2.826.0.1.3680043.8.498.12035938794439579756583835150081778633,1.2.826.0.1.3680043.8.498.54785727744869642441191559853932766256,LT_t2_tse_sag,7,MR,KNEE,,*tse2d1rr18,MONOCHROME2,fd7379f0-da7,,,SIEMENS,Aera,L,FFS,1.2.840.10008.1.2.1,384,384,24,,0.1150452;0.99336026;3.558015e-09;0.043042667;-0.0049849474;-0.9990608,97.865483;-104.61589;69.295617,0.41666666;0.41666666,3.0,3.6,1,16,12,11,0,,
train_series\1.2.826.0.1.3680043.8.498.12035938794439579756583835150081778633\1.2.826.0.1.3680043.8.498.57611402481107047925833144336215276764.dcm,1.2.826.0.1.3680043.8.498.10009639203170750274174707434356622764,1.2.826.0.1.3680043.8.498.12035938794439579756583835150081778633,1.2.826.0.1.3680043.8.498.57611402481107047925833144336215276764,LT_t2_tse_sag,7,MR,KNEE,,*tse2d1rr18,MONOCHROME2,fd7379f0-da7,,,SIEMENS,Aera,L,FFS,1.2.840.10008.1.2.1,384,384,16,,0.1150452;0.99336026;3.558015e-09;0.043042667;-0.0049849474;-0.9990608,69.283574;-101.30569;68.047704,0.41666666;0.41666666,3.0,3.6,1,16,12,11,0,,
train_series\1.2.826.0.1.3680043.8.498.12035938794439579756583835150081778633\1.2.826.0.1.3680043.8.498.58112985526377549977555979182533037419.dcm,1.2.826.0.1.3680043.8.498.10009639203170750274174707434356622764,1.2.826.0.1.3680043.8.498.12035938794439579756583835150081778633,1.2.826.0.1.3680043.8.498.58112985526377549977555979182533037419,LT_t2_tse_sag,7,MR,KNEE,,*tse2d1rr18,MONOCHROME2,fd7379f0-da7,,,SIEMENS,Aera,L,FFS,1.2.840.10008.1.2.1,384,384,2,,0.1150452;0.99336026;3.558015e-09;0.043042667;-0.0049849474;-0.9990608,19.265239;-95.512862;65.863856,0.41666666;0.41666666,3.0,3.6,1,16,12,11,0,,
train_series\1.2.826.0.1.3680043.8.498.12035938794439579756583835150081778633\1.2.826.0.1.3680043.8.498.63764814901495124585720461309227093455.dcm,1.2.826.0.1.3680043.8.498.10009639203170750274174707434356622764,1.2.826.0.1.3680043.8.498.12035938794439579756583835150081778633,1.2.826.0.1.3680043.8.498.63764814901495124585720461309227093455,LT_t2_tse_sag,7,MR,KNEE,,*tse2d1rr18,MONOCHROME2,fd7379f0-da7,,,SIEMENS,Aera,L,FFS,1.2.840.10008.1.2.1,384,384,7,,0.1150452;0.99336026;3.558015e-09;0.043042667;-0.0049849474;-0.9990608,37.12893;-97.58173;66.643802,0.41666666;0.41666666,3.0,3.6,1,16,12,11,0,,
train_series\1.2.826.0.1.3680043.8.498.12035938794439579756583835150081778633\1.2.826.0.1.3680043.8.498.81159201796696636861730343930827629281.dcm,1.2.826.0.1.3680043.8.498.10009639203170750274174707434356622764,1.2.826.0.1.3680043.8.498.12035938794439579756583835150081778633,1.2.826.0.1.3680043.8.498.81159201796696636861730343930827629281,LT_t2_tse_sag,7,MR,KNEE,,*tse2d1rr18,MONOCHROME2,fd7379f0-da7,,,SIEMENS,Aera,L,FFS,1.2.840.10008.1.2.1,384,384,20,,0.1150452;0.99336026;3.558015e-09;0.043042667;-0.0049849474;-0.9990608,83.574529;-102.96079;68.671661,0.41666666;0.41666666,3.0,3.6,1,16,12,11,0,,
train_series\1.2.826.0.1.3680043.8.498.12035938794439579756583835150081778633\1.2.826.0.1.3680043.8.498.86970862241979939136140447241027665459.dcm,1.2.826.0.1.3680043.8.498.10009639203170750274174707434356622764,1.2.826.0.1.3680043.8.498.12035938794439579756583835150081778633,1.2.826.0.1.3680043.8.498.86970862241979939136140447241027665459,LT_t2_tse_sag,7,MR,KNEE,,*tse2d1rr18,MONOCHROME2,fd7379f0-da7,,,SIEMENS,Aera,L,FFS,1.2.840.10008.1.2.1,384,384,26,,0.1150452;0.99336026;3.558015e-09;0.043042667;-0.0049849474;-0.9990608,105.01096;-105.44343;69.607595,0.41666666;0.41666666,3.0,3.6,1,16,12,11,0,,
train_series\1.2.826.0.1.3680043.8.498.12035938794439579756583835150081778633\1.2.826.0.1.3680043.8.498.90601432435576703231827214747476951542.dcm,1.2.826.0.1.3680043.8.498.10009639203170750274174707434356622764,1.2.826.0.1.3680043.8.498.12035938794439579756583835150081778633,1.2.826.0.1.3680043.8.498.90601432435576703231827214747476951542,LT_t2_tse_sag,7,MR,KNEE,,*tse2d1rr18,MONOCHROME2,fd7379f0-da7,,,SIEMENS,Aera,L,FFS,1.2.840.10008.1.2.1,384,384,11,,0.1150452;0.99336026;3.558015e-09;0.043042667;-0.0049849474;-0.9990608,51.419881;-99.236826;67.267759,0.41666666;0.41666666,3.0,3.6,1,16,12,11,0,,
train_series\1.2.826.0.1.3680043.8.498.12035938794439579756583835150081778633\1.2.826.0.1.3680043.8.498.90622788792223817875405165548453014311.dcm,1.2.826.0.1.3680043.8.498.10009639203170750274174707434356622764,1.2.826.0.1.3680043.8.498.12035938794439579756583835150081778633,1.2.826.0.1.3680043.8.498.90622788792223817875405165548453014311,LT_t2_tse_sag,7,MR,KNEE,,*tse2d1rr18,MONOCHROME2,fd7379f0-da7,,,SIEMENS,Aera,L,FFS,1.2.840.10008.1.2.1,384,384,17,,0.1150452;0.99336026;3.558015e-09;0.043042667;-0.0049849474;-0.9990608,72.856313;-101.71947;68.203693,0.41666666;0.41666666,3.0,3.6,1,16,12,11,0,,
train_series\1.2.826.0.1.3680043.8.498.12343110195036213483454091715412333772\1.2.826.0.1.3680043.8.498.10374285052733466977592225981851620435.dcm,1.2.826.0.1.3680043.8.498.10004873229099053869093324292195817260,1.2.826.0.1.3680043.8.498.12343110195036213483454091715412333772,1.2.826.0.1.3680043.8.498.10374285052733466977592225981851620435,DP SPIR CS_SAG,401,MR,KNEE,,,MONOCHROME2,b9d20b75-edf,,,Philips Healthcare,Ingenia,,FFS,1.2.840.10008.1.2.1,512,512,5,1.0,-0.03349328;0.99921125;0.021332152;0.058019578;0.023252046;-0.99804461,-80.965252;-143.11943;98.546741,0.33007812;0.33007812,3.4,4.635,1,16,12,11,0,2.55507,0.0
train_series\1.2.826.0.1.3680043.8.498.12343110195036213483454091715412333772\1.2.826.0.1.3680043.8.498.10552300544162020167761688956919811803.dcm,1.2.826.0.1.3680043.8.498.10004873229099053869093324292195817260,1.2.826.0.1.3680043.8.498.12343110195036213483454091715412333772,1.2.826.0.1.3680043.8.498.10552300544162020167761688956919811803,DP SPIR CS_SAG,401,MR,KNEE,,,MONOCHROME2,b9d20b75-edf,,,Philips Healthcare,Ingenia,,FFS,1.2.840.10008.1.2.1,512,512,10,1.0,-0.03349328;0.99921125;0.021332152;0.058019578;0.023252046;-0.99804461,-104.08596;-143.86536;97.185281,0.33007812;0.33007812,3.4,4.635,1,16,12,11,0,2.55507,0.0
train_series\1.2.826.0.1.3680043.8.498.12343110195036213483454091715412333772\1.2.826.0.1.3680043.8.498.10986732409717781858945381543460955371.dcm,1.2.826.0.1.3680043.8.498.10004873229099053869093324292195817260,1.2.826.0.1.3680043.8.498.12343110195036213483454091715412333772,1.2.826.0.1.3680043.8.498.10986732409717781858945381543460955371,DP SPIR CS_SAG,401,MR,KNEE,,,MONOCHROME2,b9d20b75-edf,,,Philips Healthcare,Ingenia,,FFS,1.2.840.10008.1.2.1,512,512,3,1.0,-0.03349328;0.99921125;0.021332152;0.058019578;0.023252046;-0.99804461,-71.716969;-142.82106;99.091325,0.33007812;0.33007812,3.4,4.635,1,16,12,11,0,2.55507,0.0
train_series\1.2.826.0.1.3680043.8.498.12343110195036213483454091715412333772\1.2.826.0.1.3680043.8.498.11560456494251875828657453454342564666.dcm,1.2.826.0.1.3680043.8.498.10004873229099053869093324292195817260,1.2.826.0.1.3680043.8.498.12343110195036213483454091715412333772,1.2.826.0.1.3680043.8.498.11560456494251875828657453454342564666,DP SPIR CS_SAG,401,MR,KNEE,,,MONOCHROME2,b9d20b75-edf,,,Philips Healthcare,Ingenia,,FFS,1.2.840.10008.1.2.1,512,512,2,1.0,-0.03349328;0.99921125;0.021332152;0.058019578;0.023252046;-0.99804461,-67.092823;-142.67187;99.363618,0.33007812;0.33007812,3.4,4.635,1,16,12,11,0,2.55507,0.0
train_series\1.2.826.0.1.3680043.8.498.12343110195036213483454091715412333772\1.2.826.0.1.3680043.8.498.12720245539969605839663420050899240578.dcm,1.2.826.0.1.3680043.8.498.10004873229099053869093324292195817260,1.2.826.0.1.3680043.8.498.12343110195036213483454091715412333772,1.2.826.0.1.3680043.8.498.12720245539969605839663420050899240578,DP SPIR CS_SAG,401,MR,KNEE,,,MONOCHROME2,b9d20b75-edf,,,Philips Healthcare,Ingenia,,FFS,1.2.840.10008.1.2.1,512,512,9,1.0,-0.03349328;0.99921125;0.021332152;0.058019578;0.023252046;-0.99804461,-99.461811;-143.71618;97.457573,0.33007812;0.33007812,3.4,4.635,1,16,12,11,0,2.55507,0.0
train_series\1.2.826.0.1.3680043.8.498.12343110195036213483454091715412333772\1.2.826.0.1.3680043.8.498.13270416360166070027275555170852805514.dcm,1.2.826.0.1.3680043.8.498.10004873229099053869093324292195817260,1.2.826.0.1.3680043.8.498.12343110195036213483454091715412333772,1.2.826.0.1.3680043.8.498.13270416360166070027275555170852805514,DP SPIR CS_SAG,401,MR,KNEE,,,MONOCHROME2,b9d20b75-edf,,,Philips Healthcare,Ingenia,,FFS,1.2.840.10008.1.2.1,512,512,12,1.0,-0.03349328;0.99921125;0.021332152;0.058019578;0.023252046;-0.99804461,-113.33424;-144.16374;96.640697,0.33007812;0.33007812,3.4,4.635,1,16,12,11,0,2.55507,0.0
train_series\1.2.826.0.1.3680043.8.498.12343110195036213483454091715412333772\1.2.826.0.1.3680043.8.498.16282623942824367613229214931863706593.dcm,1.2.826.0.1.3680043.8.498.10004873229099053869093324292195817260,1.2.826.0.1.3680043.8.498.12343110195036213483454091715412333772,1.2.826.0.1.3680043.8.498.16282623942824367613229214931863706593,DP SPIR CS_SAG,401,MR,KNEE,,,MONOCHROME2,b9d20b75-edf,,,Philips Healthcare,Ingenia,,FFS,1.2.840.10008.1.2.1,512,512,13,1.0,-0.03349328;0.99921125;0.021332152;0.058019578;0.023252046;-0.99804461,-117.95838;-144.31293;96.368405,0.33007812;0.33007812,3.4,4.635,1,16,12,11,0,2.55507,0.0
train_series\1.2.826.0.1.3680043.8.498.12343110195036213483454091715412333772\1.2.826.0.1.3680043.8.498.23328002438949038536557188236149654821.dcm,1.2.826.0.1.3680043.8.498.10004873229099053869093324292195817260,1.2.826.0.1.3680043.8.498.12343110195036213483454091715412333772,1.2.826.0.1.3680043.8.498.23328002438949038536557188236149654821,DP SPIR CS_SAG,401,MR,KNEE,,,MONOCHROME2,b9d20b75-edf,,,Philips Healthcare,Ingenia,,FFS,1.2.840.10008.1.2.1,512,512,16,1.0,-0.03349328;0.99921125;0.021332152;0.058019578;0.023252046;-0.99804461,-131.8308;-144.76048;95.551529,0.33007812;0.33007812,3.4,4.635,1,16,12,11,0,2.55507,0.0
train_series\1.2.826.0.1.3680043.8.498.12343110195036213483454091715412333772\1.2.826.0.1.3680043.8.498.25773224913662123081042636531507895788.dcm,1.2.826.0.1.3680043.8.498.10004873229099053869093324292195817260,1.2.826.0.1.3680043.8.498.12343110195036213483454091715412333772,1.2.826.0.1.3680043.8.498.25773224913662123081042636531507895788,DP SPIR CS_SAG,401,MR,KNEE,,,MONOCHROME2,b9d20b75-edf,,,Philips Healthcare,Ingenia,,FFS,1.2.840.10008.1.2.1,512,512,19,1.0,-0.03349328;0.99921125;0.021332152;0.058019578;0.023252046;-0.99804461,-145.70322;-145.20804;94.734653,0.33007812;0.33007812,3.4,4.635,1,16,12,11,0,2.55507,0.0
train_series\1.2.826.0.1.3680043.8.498.12343110195036213483454091715412333772\1.2.826.0.1.3680043.8.498.33690734911291064161809205186196741576.dcm,1.2.826.0.1.3680043.8.498.10004873229099053869093324292195817260,1.2.826.0.1.3680043.8.498.12343110195036213483454091715412333772,1.2.826.0.1.3680043.8.498.33690734911291064161809205186196741576,DP SPIR CS_SAG,401,MR,KNEE,,,MONOCHROME2,b9d20b75-edf,,,Philips Healthcare,Ingenia,,FFS,1.2.840.10008.1.2.1,512,512,14,1.0,-0.03349328;0.99921125;0.021332152;0.058019578;0.023252046;-0.99804461,-122.58252;-144.46211;96.096113,0.33007812;0.33007812,3.4,4.635,1,16,12,11,0,2.55507,0.0
train_series\1.2.826.0.1.3680043.8.498.12343110195036213483454091715412333772\1.2.826.0.1.3680043.8.498.42673944844785294518943020113657253754.dcm,1.2.826.0.1.3680043.8.498.10004873229099053869093324292195817260,1.2.826.0.1.3680043.8.498.12343110195036213483454091715412333772,1.2.826.0.1.3680043.8.498.42673944844785294518943020113657253754,DP SPIR CS_SAG,401,MR,KNEE,,,MONOCHROME2,b9d20b75-edf,,,Philips Healthcare,Ingenia,,FFS,1.2.840.10008.1.2.1,512,512,18,1.0,-0.03349328;0.99921125;0.021332152;0.058019578;0.023252046;-0.99804461,-141.07909;-145.05886;95.006945,0.33007812;0.33007812,3.4,4.635,1,16,12,11,0,2.55507,0.0
train_series\1.2.826.0.1.3680043.8.498.12343110195036213483454091715412333772\1.2.826.0.1.3680043.8.498.44435284380654338446078448674021394881.dcm,1.2.826.0.1.3680043.8.498.10004873229099053869093324292195817260,1.2.826.0.1.3680043.8.498.12343110195036213483454091715412333772,1.2.826.0.1.3680043.8.498.44435284380654338446078448674021394881,DP SPIR CS_SAG,401,MR,KNEE,,,MONOCHROME2,b9d20b75-edf,,,Philips Healthcare,Ingenia,,FFS,1.2.840.10008.1.2.1,512,512,22,1.0,-0.03349328;0.99921125;0.021332152;0.058019578;0.023252046;-0.99804461,-159.57566;-145.6556;93.917776,0.33007812;0.33007812,3.4,4.635,1,16,12,11,0,2.55507,0.0
train_series\1.2.826.0.1.3680043.8.498.12343110195036213483454091715412333772\1.2.826.0.1.3680043.8.498.46159856332493360402365244633291513065.dcm,1.2.826.0.1.3680043.8.498.10004873229099053869093324292195817260,1.2.826.0.1.3680043.8.498.12343110195036213483454091715412333772,1.2.826.0.1.3680043.8.498.46159856332493360402365244633291513065,DP SPIR CS_SAG,401,MR,KNEE,,,MONOCHROME2,b9d20b75-edf,,,Philips Healthcare,Ingenia,,FFS,1.2.840.10008.1.2.1,512,512,7,1.0,-0.03349328;0.99921125;0.021332152;0.058019578;0.023252046;-0.99804461,-90.213535;-143.4178;98.002157,0.33007812;0.33007812,3.4,4.635,1,16,12,11,0,2.55507,0.0
train_series\1.2.826.0.1.3680043.8.498.12343110195036213483454091715412333772\1.2.826.0.1.3680043.8.498.56450775768487641304512746384338543527.dcm,1.2.826.0.1.3680043.8.498.10004873229099053869093324292195817260,1.2.826.0.1.3680043.8.498.12343110195036213483454091715412333772,1.2.826.0.1.3680043.8.498.56450775768487641304512746384338543527,DP SPIR CS_SAG,401,MR,KNEE,,,MONOCHROME2,b9d20b75-edf,,,Philips Healthcare,Ingenia,,FFS,1.2.840.10008.1.2.1,512,512,8,1.0,-0.03349328;0.99921125;0.021332152;0.058019578;0.023252046;-0.99804461,-94.837673;-143.56699;97.729865,0.33007812;0.33007812,3.4,4.635,1,16,12,11,0,2.55507,0.0
train_series\1.2.826.0.1.3680043.8.498.12343110195036213483454091715412333772\1.2.826.0.1.3680043.8.498.59737936249480831062759776785470043687.dcm,1.2.826.0.1.3680043.8.498.10004873229099053869093324292195817260,1.2.826.0.1.3680043.8.498.12343110195036213483454091715412333772,1.2.826.0.1.3680043.8.498.59737936249480831062759776785470043687,DP SPIR CS_SAG,401,MR,KNEE,,,MONOCHROME2,b9d20b75-edf,,,Philips Healthcare,Ingenia,,FFS,1.2.840.10008.1.2.1,512,512,20,1.0,-0.03349328;0.99921125;0.021332152;0.058019578;0.023252046;-0.99804461,-150.32737;-145.35723;94.46236,0.33007812;0.33007812,3.4,4.635,1,16,12,11,0,2.55507,0.0
train_series\1.2.826.0.1.3680043.8.498.12343110195036213483454091715412333772\1.2.826.0.1.3680043.8.498.62696444312933722854177245172284641767.dcm,1.2.826.0.1.3680043.8.498.10004873229099053869093324292195817260,1.2.826.0.1.3680043.8.498.12343110195036213483454091715412333772,1.2.826.0.1.3680043.8.498.62696444312933722854177245172284641767,DP SPIR CS_SAG,401,MR,KNEE,,,MONOCHROME2,b9d20b75-edf,,,Philips Healthcare,Ingenia,,FFS,1.2.840.10008.1.2.1,512,512,15,1.0,-0.03349328;0.99921125;0.021332152;0.058019578;0.023252046;-0.99804461,-127.20666;-144.6113;95.823821,0.33007812;0.33007812,3.4,4.635,1,16,12,11,0,2.55507,0.0
train_series\1.2.826.0.1.3680043.8.498.12343110195036213483454091715412333772\1.2.826.0.1.3680043.8.498.71656435732714482639940164422051302783.dcm,1.2.826.0.1.3680043.8.498.10004873229099053869093324292195817260,1.2.826.0.1.3680043.8.498.12343110195036213483454091715412333772,1.2.826.0.1.3680043.8.498.71656435732714482639940164422051302783,DP SPIR CS_SAG,401,MR,KNEE,,,MONOCHROME2,b9d20b75-edf,,,Philips Healthcare,Ingenia,,FFS,1.2.840.10008.1.2.1,512,512,21,1.0,-0.03349328;0.99921125;0.021332152;0.058019578;0.023252046;-0.99804461,-154.95151;-145.50642;94.190068,0.33007812;0.33007812,3.4,4.635,1,16,12,11,0,2.55507,0.0
train_series\1.2.826.0.1.3680043.8.498.12343110195036213483454091715412333772\1.2.826.0.1.3680043.8.498.74175179936773179394750527095586711803.dcm,1.2.826.0.1.3680043.8.498.10004873229099053869093324292195817260,1.2.826.0.1.3680043.8.498.12343110195036213483454091715412333772,1.2.826.0.1.3680043.8.498.74175179936773179394750527095586711803,DP SPIR CS_SAG,401,MR,KNEE,,,MONOCHROME2,b9d20b75-edf,,,Philips Healthcare,Ingenia,,FFS,1.2.840.10008.1.2.1,512,512,11,1.0,-0.03349328;0.99921125;0.021332152;0.058019578;0.023252046;-0.99804461,-108.71009;-144.01455;96.912989,0.33007812;0.33007812,3.4,4.635,1,16,12,11,0,2.55507,0.0
train_series\1.2.826.0.1.3680043.8.498.12343110195036213483454091715412333772\1.2.826.0.1.3680043.8.498.79341978025976159266844242719730732276.dcm,1.2.826.0.1.3680043.8.498.10004873229099053869093324292195817260,1.2.826.0.1.3680043.8.498.12343110195036213483454091715412333772,1.2.826.0.1.3680043.8.498.79341978025976159266844242719730732276,DP SPIR CS_SAG,401,MR,KNEE,,,MONOCHROME2,b9d20b75-edf,,,Philips Healthcare,Ingenia,,FFS,1.2.840.10008.1.2.1,512,512,6,1.0,-0.03349328;0.99921125;0.021332152;0.058019578;0.023252046;-0.99804461,-85.58939;-143.26862;98.274449,0.33007812;0.33007812,3.4,4.635,1,16,12,11,0,2.55507,0.0
train_series\1.2.826.0.1.3680043.8.498.12343110195036213483454091715412333772\1.2.826.0.1.3680043.8.498.81077736138294550629230371168740398974.dcm,1.2.826.0.1.3680043.8.498.10004873229099053869093324292195817260,1.2.826.0.1.3680043.8.498.12343110195036213483454091715412333772,1.2.826.0.1.3680043.8.498.81077736138294550629230371168740398974,DP SPIR CS_SAG,401,MR,KNEE,,,MONOCHROME2,b9d20b75-edf,,,Philips Healthcare,Ingenia,,FFS,1.2.840.10008.1.2.1,512,512,1,1.0,-0.03349328;0.99921125;0.021332152;0.058019578;0.023252046;-0.99804461,-62.468685;-142.52268;99.635909,0.33007812;0.33007812,3.4,4.635,1,16,12,11,0,2.55507,0.0
train_series\1.2.826.0.1.3680043.8.498.12343110195036213483454091715412333772\1.2.826.0.1.3680043.8.498.92820762186965516661504773122064038436.dcm,1.2.826.0.1.3680043.8.498.10004873229099053869093324292195817260,1.2.826.0.1.3680043.8.498.12343110195036213483454091715412333772,1.2.826.0.1.3680043.8.498.92820762186965516661504773122064038436,DP SPIR CS_SAG,401,MR,KNEE,,,MONOCHROME2,b9d20b75-edf,,,Philips Healthcare,Ingenia,,FFS,1.2.840.10008.1.2.1,512,512,17,1.0,-0.03349328;0.99921125;0.021332152;0.058019578;0.023252046;-0.99804461,-136.45494;-144.90967;95.279237,0.33007812;0.33007812,3.4,4.635,1,16,12,11,0,2.55507,0.0
train_series\1.2.826.0.1.3680043.8.498.12343110195036213483454091715412333772\1.2.826.0.1.3680043.8.498.93755789787124953238372097127634273349.dcm,1.2.826.0.1.3680043.8.498.10004873229099053869093324292195817260,1.2.826.0.1.3680043.8.498.12343110195036213483454091715412333772,1.2.826.0.1.3680043.8.498.93755789787124953238372097127634273349,DP SPIR CS_SAG,401,MR,KNEE,,,MONOCHROME2,b9d20b75-edf,,,Philips Healthcare,Ingenia,,FFS,1.2.840.10008.1.2.1,512,512,4,1.0,-0.03349328;0.99921125;0.021332152;0.058019578;0.023252046;-0.99804461,-76.341107;-142.97024;98.819034,0.33007812;0.33007812,3.4,4.635,1,16,12,11,0,2.55507,0.0
train_series\1.2.826.0.1.3680043.8.498.12689544351656485342798482846432921455\1.2.826.0.1.3680043.8.498.10323189539836718523512188411875374402.dcm,1.2.826.0.1.3680043.8.498.10009278692606631573540062909909132231,1.2.826.0.1.3680043.8.498.12689544351656485342798482846432921455,1.2.826.0.1.3680043.8.498.10323189539836718523512188411875374402,pd_tse_fs_cor_416_p2_s2,5001,MR,KNEE,,*tseR2d1rr6,MONOCHROME2,f7648f12-847,,,Siemens Healthineers,MAGNETOM Lumina,L,FFS,1.2.840.10008.1.2.1,416,416,37,,0.982508;0.185786;-0.0127297;-0.0201795;0.0382632;-0.999064,-17.1086;2.11387;81.4833,0.432692;0.432692,2.5,3.0,1,16,12,11,0,1.0,0.0
train_series\1.2.826.0.1.3680043.8.498.12689544351656485342798482846432921455\1.2.826.0.1.3680043.8.498.10385711878454265627098281738357991831.dcm,1.2.826.0.1.3680043.8.498.10009278692606631573540062909909132231,1.2.826.0.1.3680043.8.498.12689544351656485342798482846432921455,1.2.826.0.1.3680043.8.498.10385711878454265627098281738357991831,pd_tse_fs_cor_416_p2_s2,5001,MR,KNEE,,*tseR2d1rr6,MONOCHROME2,f7648f12-847,,,Siemens Healthineers,MAGNETOM Lumina,L,FFS,1.2.840.10008.1.2.1,416,416,24,,0.982508;0.185786;-0.0127297;-0.0201795;0.0382632;-0.999064,-9.88868;-36.1781;79.871,0.432692;0.432692,2.5,3.0,1,16,12,11,0,1.0,0.0
train_series\1.2.826.0.1.3680043.8.498.12689544351656485342798482846432921455\1.2.826.0.1.3680043.8.498.10591388312014034516328022548143006415.dcm,1.2.826.0.1.3680043.8.498.10009278692606631573540062909909132231,1.2.826.0.1.3680043.8.498.12689544351656485342798482846432921455,1.2.826.0.1.3680043.8.498.10591388312014034516328022548143006415,pd_tse_fs_cor_416_p2_s2,5001,MR,KNEE,,*tseR2d1rr6,MONOCHROME2,f7648f12-847,,,Siemens Healthineers,MAGNETOM Lumina,L,FFS,1.2.840.10008.1.2.1,416,416,33,,0.982508;0.185786;-0.0127297;-0.0201795;0.0382632;-0.999064,-14.8871;-9.66827;80.9872,0.432692;0.432692,2.5,3.0,1,16,12,11,0,1.0,0.0
train_series\1.2.826.0.1.3680043.8.498.12689544351656485342798482846432921455\1.2.826.0.1.3680043.8.498.10619808135024273415263864226436594802.dcm,1.2.826.0.1.3680043.8.498.10009278692606631573540062909909132231,1.2.826.0.1.3680043.8.498.12689544351656485342798482846432921455,1.2.826.0.1.3680043.8.498.10619808135024273415263864226436594802,pd_tse_fs_cor_416_p2_s2,5001,MR,KNEE,,*tseR2d1rr6,MONOCHROME2,f7648f12-847,,,Siemens Healthineers,MAGNETOM Lumina,L,FFS,1.2.840.10008.1.2.1,416,416,10,,0.982508;0.185786;-0.0127297;-0.0201795;0.0382632;-0.999064,-2.11343;-77.4156;78.1345,0.432692;0.432692,2.5,3.0,1,16,12,11,0,1.0,0.0
train_series\1.2.826.0.1.3680043.8.498.12689544351656485342798482846432921455\1.2.826.0.1.3680043.8.498.10973093133633053812147585458382310011.dcm,1.2.826.0.1.3680043.8.498.10009278692606631573540062909909132231,1.2.826.0.1.3680043.8.498.12689544351656485342798482846432921455,1.2.826.0.1.3680043.8.498.10973093133633053812147585458382310011,pd_tse_fs_cor_416_p2_s2,5001,MR,KNEE,,*tseR2d1rr6,MONOCHROME2,f7648f12-847,,,Siemens Healthineers,MAGNETOM Lumina,L,FFS,1.2.840.10008.1.2.1,416,416,7,,0.982508;0.185786;-0.0127297;-0.0201795;0.0382632;-0.999064,-0.447307;-86.2522;77.7625,0.432692;0.432692,2.5,3.0,1,16,12,11,0,1.0,0.0
train_series\1.2.826.0.1.3680043.8.498.12689544351656485342798482846432921455\1.2.826.0.1.3680043.8.498.11119336241049378055605114610545634203.dcm,1.2.826.0.1.3680043.8.498.10009278692606631573540062909909132231,1.2.826.0.1.3680043.8.498.12689544351656485342798482846432921455,1.2.826.0.1.3680043.8.498.11119336241049378055605114610545634203,pd_tse_fs_cor_416_p2_s2,5001,MR,KNEE,,*tseR2d1rr6,MONOCHROME2,f7648f12-847,,,Siemens Healthineers,MAGNETOM Lumina,L,FFS,1.2.840.10008.1.2.1,416,416,38,,0.982508;0.185786;-0.0127297;-0.0201795;0.0382632;-0.999064,-17.6639;5.0594;81.6074,0.432692;0.432692,2.5,3.0,1,16,12,11,0,1.0,0.0
train_series\1.2.826.0.1.3680043.8.498.12689544351656485342798482846432921455\1.2.826.0.1.3680043.8.498.11210058070332901175316195623543571945.dcm,1.2.826.0.1.3680043.8.498.10009278692606631573540062909909132231,1.2.826.0.1.3680043.8.498.12689544351656485342798482846432921455,1.2.826.0.1.3680043.8.498.11210058070332901175316195623543571945,pd_tse_fs_cor_416_p2_s2,5001,MR,KNEE,,*tseR2d1rr6,MONOCHROME2,f7648f12-847,,,Siemens Healthineers,MAGNETOM Lumina,L,FFS,1.2.840.10008.1.2.1,416,416,30,,0.982508;0.185786;-0.0127297;-0.0201795;0.0382632;-0.999064,-13.2209;-18.5049;80.6151,0.432692;0.432692,2.5,3.0,1,16,12,11,0,1.0,0.0
train_series\1.2.826.0.1.3680043.8.498.12689544351656485342798482846432921455\1.2.826.0.1.3680043.8.498.11234881119889202051859728154899063857.dcm,1.2.826.0.1.3680043.8.498.10009278692606631573540062909909132231,1.2.826.0.1.3680043.8.498.12689544351656485342798482846432921455,1.2.826.0.1.3680043.8.498.11234881119889202051859728154899063857,pd_tse_fs_cor_416_p2_s2,5001,MR,KNEE,,*tseR2d1rr6,MONOCHROME2,f7648f12-847,,,Siemens Healthineers,MAGNETOM Lumina,L,FFS,1.2.840.10008.1.2.1,416,416,18,,0.982508;0.185786;-0.0127297;-0.0201795;0.0382632;-0.999064,-6.55643;-53.8513;79.1268,0.432692;0.432692,2.5,3.0,1,16,12,11,0,1.0,0.0
train_series\1.2.826.0.1.3680043.8.498.12689544351656485342798482846432921455\1.2.826.0.1.3680043.8.498.11413932088097907045751551013951892692.dcm,1.2.826.0.1.3680043.8.498.10009278692606631573540062909909132231,1.2.826.0.1.3680043.8.498.12689544351656485342798482846432921455,1.2.826.0.1.3680043.8.498.11413932088097907045751551013951892692,pd_tse_fs_cor_416_p2_s2,5001,MR,KNEE,,*tseR2d1rr6,MONOCHROME2,f7648f12-847,,,Siemens Healthineers,MAGNETOM Lumina,L,FFS,1.2.840.10008.1.2.1,416,416,19,,0.982508;0.185786;-0.0127297;-0.0201795;0.0382632;-0.999064,-7.1118;-50.9058;79.2508,0.432692;0.432692,2.5,3.0,1,16,12,11,0,1.0,0.0
train_series\1.2.826.0.1.3680043.8.498.12689544351656485342798482846432921455\1.2.826.0.1.3680043.8.498.11445322067512108342032807157018862985.dcm,1.2.826.0.1.3680043.8.498.10009278692606631573540062909909132231,1.2.826.0.1.3680043.8.498.12689544351656485342798482846432921455,1.2.826.0.1.3680043.8.498.11445322067512108342032807157018862985,pd_tse_fs_cor_416_p2_s2,5001,MR,KNEE,,*tseR2d1rr6,MONOCHROME2,f7648f12-847,,,Siemens Healthineers,MAGNETOM Lumina,L,FFS,1.2.840.10008.1.2.1,416,416,31,,0.982508;0.185786;-0.0127297;-0.0201795;0.0382632;-0.999064,-13.7763;-15.5593;80.7392,0.432692;0.432692,2.5,3.0,1,16,12,11,0,1.0,0.0
train_series\1.2.826.0.1.3680043.8.498.12689544351656485342798482846432921455\1.2.826.0.1.3680043.8.498.12475701908644344458792355937527998822.dcm,1.2.826.0.1.3680043.8.498.10009278692606631573540062909909132231,1.2.826.0.1.3680043.8.498.12689544351656485342798482846432921455,1.2.826.0.1.3680043.8.498.12475701908644344458792355937527998822,pd_tse_fs_cor_416_p2_s2,5001,MR,KNEE,,*tseR2d1rr6,MONOCHROME2,f7648f12-847,,,Siemens Healthineers,MAGNETOM Lumina,L,FFS,1.2.840.10008.1.2.1,416,416,21,,0.982508;0.185786;-0.0127297;-0.0201795;0.0382632;-0.999064,-8.22255;-45.0147;79.4989,0.432692;0.432692,2.5,3.0,1,16,12,11,0,1.0,0.0
train_series\1.2.826.0.1.3680043.8.498.12689544351656485342798482846432921455\1.2.826.0.1.3680043.8.498.12865263868968832955161323905637688481.dcm,1.2.826.0.1.3680043.8.498.10009278692606631573540062909909132231,1.2.826.0.1.3680043.8.498.12689544351656485342798482846432921455,1.2.826.0.1.3680043.8.498.12865263868968832955161323905637688481,pd_tse_fs_cor_416_p2_s2,5001,MR,KNEE,,*tseR2d1rr6,MONOCHROME2,f7648f12-847,,,Siemens Healthineers,MAGNETOM Lumina,L,FFS,1.2.840.10008.1.2.1,416,416,28,,0.982508;0.185786;-0.0127297;-0.0201795;0.0382632;-0.999064,-12.1102;-24.3959;80.3671,0.432692;0.432692,2.5,3.0,1,16,12,11,0,1.0,0.0
train_series\1.2.826.0.1.3680043.8.498.12689544351656485342798482846432921455\1.2.826.0.1.3680043.8.498.19736966752617651092343904694009800708.dcm,1.2.826.0.1.3680043.8.498.10009278692606631573540062909909132231,1.2.826.0.1.3680043.8.498.12689544351656485342798482846432921455,1.2.826.0.1.3680043.8.498.19736966752617651092343904694009800708,pd_tse_fs_cor_416_p2_s2,5001,MR,KNEE,,*tseR2d1rr6,MONOCHROME2,f7648f12-847,,,Siemens Healthineers,MAGNETOM Lumina,L,FFS,1.2.840.10008.1.2.1,416,416,25,,0.982508;0.185786;-0.0127297;-0.0201795;0.0382632;-0.999064,-10.4441;-33.2326;79.995,0.432692;0.432692,2.5,3.0,1,16,12,11,0,1.0,0.0
train_series\1.2.826.0.1.3680043.8.498.12689544351656485342798482846432921455\1.2.826.0.1.3680043.8.498.22911399518629864367640264582266820545.dcm,1.2.826.0.1.3680043.8.498.10009278692606631573540062909909132231,1.2.826.0.1.3680043.8.498.12689544351656485342798482846432921455,1.2.826.0.1.3680043.8.498.22911399518629864367640264582266820545,pd_tse_fs_cor_416_p2_s2,5001,MR,KNEE,,*tseR2d1rr6,MONOCHROME2,f7648f12-847,,,Siemens Healthineers,MAGNETOM Lumina,L,FFS,1.2.840.10008.1.2.1,416,416,1,,0.982508;0.185786;-0.0127297;-0.0201795;0.0382632;-0.999064,2.88495;-103.925;77.0183,0.432692;0.432692,2.5,3.0,1,16,12,11,0,1.0,0.0
train_series\1.2.826.0.1.3680043.8.498.12689544351656485342798482846432921455\1.2.826.0.1.3680043.8.498.23700557328492505241486327637740471154.dcm,1.2.826.0.1.3680043.8.498.10009278692606631573540062909909132231,1.2.826.0.1.3680043.8.498.12689544351656485342798482846432921455,1.2.826.0.1.3680043.8.498.23700557328492505241486327637740471154,pd_tse_fs_cor_416_p2_s2,5001,MR,KNEE,,*tseR2d1rr6,MONOCHROME2,f7648f12-847,,,Siemens Healthineers,MAGNETOM Lumina,L,FFS,1.2.840.10008.1.2.1,416,416,16,,0.982508;0.185786;-0.0127297;-0.0201795;0.0382632;-0.999064,-5.44568;-59.7424;78.8787,0.432692;0.432692,2.5,3.0,1,16,12,11,0,1.0,0.0
train_series\1.2.826.0.1.3680043.8.498.12689544351656485342798482846432921455\1.2.826.0.1.3680043.8.498.25273278667682766515976743677910491884.dcm,1.2.826.0.1.3680043.8.498.10009278692606631573540062909909132231,1.2.826.0.1.3680043.8.498.12689544351656485342798482846432921455,1.2.826.0.1.3680043.8.498.25273278667682766515976743677910491884,pd_tse_fs_cor_416_p2_s2,5001,MR,KNEE,,*tseR2d1rr6,MONOCHROME2,f7648f12-847,,,Siemens Healthineers,MAGNETOM Lumina,L,FFS,1.2.840.10008.1.2.1,416,416,17,,0.982508;0.185786;-0.0127297;-0.0201795;0.0382632;-0.999064,-6.00106;-56.7968;79.0027,0.432692;0.432692,2.5,3.0,1,16,12,11,0,1.0,0.0
train_series\1.2.826.0.1.3680043.8.498.12689544351656485342798482846432921455\1.2.826.0.1.3680043.8.498.27626649392751518562822095976735372587.dcm,1.2.826.0.1.3680043.8.498.10009278692606631573540062909909132231,1.2.826.0.1.3680043.8.498.12689544351656485342798482846432921455,1.2.826.0.1.3680043.8.498.27626649392751518562822095976735372587,pd_tse_fs_cor_416_p2_s2,5001,MR,KNEE,,*tseR2d1rr6,MONOCHROME2,f7648f12-847,,,Siemens Healthineers,MAGNETOM Lumina,L,FFS,1.2.840.10008.1.2.1,416,416,15,,0.982508;0.185786;-0.0127297;-0.0201795;0.0382632;-0.999064,-4.8903;-62.6879;78.7547,0.432692;0.432692,2.5,3.0,1,16,12,11,0,1.0,0.0
train_series\1.2.826.0.1.3680043.8.498.12689544351656485342798482846432921455\1.2.826.0.1.3680043.8.498.29786080472727491375010953563337936478.dcm,1.2.826.0.1.3680043.8.498.10009278692606631573540062909909132231,1.2.826.0.1.3680043.8.498.12689544351656485342798482846432921455,1.2.826.0.1.3680043.8.498.29786080472727491375010953563337936478,pd_tse_fs_cor_416_p2_s2,5001,MR,KNEE,,*tseR2d1rr6,MONOCHROME2,f7648f12-847,,,Siemens Healthineers,MAGNETOM Lumina,L,FFS,1.2.840.10008.1.2.1,416,416,20,,0.982508;0.185786;-0.0127297;-0.0201795;0.0382632;-0.999064,-7.66718;-47.9602;79.3748,0.432692;0.432692,2.5,3.0,1,16,12,11,0,1.0,0.0
train_series\1.2.826.0.1.3680043.8.498.12689544351656485342798482846432921455\1.2.826.0.1.3680043.8.498.30247135170365312279302990921128375713.dcm,1.2.826.0.1.3680043.8.498.10009278692606631573540062909909132231,1.2.826.0.1.3680043.8.498.12689544351656485342798482846432921455,1.2.826.0.1.3680043.8.498.30247135170365312279302990921128375713,pd_tse_fs_cor_416_p2_s2,5001,MR,KNEE,,*tseR2d1rr6,MONOCHROME2,f7648f12-847,,,Siemens Healthineers,MAGNETOM Lumina,L,FFS,1.2.840.10008.1.2.1,416,416,4,,0.982508;0.185786;-0.0127297;-0.0201795;0.0382632;-0.999064,1.21882;-95.0888;77.3904,0.432692;0.432692,2.5,3.0,1,16,12,11,0,1.0,0.0
train_series\1.2.826.0.1.3680043.8.498.12689544351656485342798482846432921455\1.2.826.0.1.3680043.8.498.37501817876501304836998514044291311230.dcm,1.2.826.0.1.3680043.8.498.10009278692606631573540062909909132231,1.2.826.0.1.3680043.8.498.12689544351656485342798482846432921455,1.2.826.0.1.3680043.8.498.37501817876501304836998514044291311230,pd_tse_fs_cor_416_p2_s2,5001,MR,KNEE,,*tseR2d1rr6,MONOCHROME2,f7648f12-847,,,Siemens Healthineers,MAGNETOM Lumina,L,FFS,1.2.840.10008.1.2.1,416,416,29,,0.982508;0.185786;-0.0127297;-0.0201795;0.0382632;-0.999064,-12.6656;-21.4504;80.4911,0.432692;0.432692,2.5,3.0,1,16,12,11,0,1.0,0.0
train_series\1.2.826.0.1.3680043.8.498.12689544351656485342798482846432921455\1.2.826.0.1.3680043.8.498.40717008086239662449137994839631786954.dcm,1.2.826.0.1.3680043.8.498.10009278692606631573540062909909132231,1.2.826.0.1.3680043.8.498.12689544351656485342798482846432921455,1.2.826.0.1.3680043.8.498.40717008086239662449137994839631786954,pd_tse_fs_cor_416_p2_s2,5001,MR,KNEE,,*tseR2d1rr6,MONOCHROME2,f7648f12-847,,,Siemens Healthineers,MAGNETOM Lumina,L,FFS,1.2.840.10008.1.2.1,416,416,26,,0.982508;0.185786;-0.0127297;-0.0201795;0.0382632;-0.999064,-10.9994;-30.287;80.119,0.432692;0.432692,2.5,3.0,1,16,12,11,0,1.0,0.0
train_series\1.2.826.0.1.3680043.8.498.12689544351656485342798482846432921455\1.2.826.0.1.3680043.8.498.40894169237865431074919017197466885197.dcm,1.2.826.0.1.3680043.8.498.10009278692606631573540062909909132231,1.2.826.0.1.3680043.8.498.12689544351656485342798482846432921455,1.2.826.0.1.3680043.8.498.40894169237865431074919017197466885197,pd_tse_fs_cor_416_p2_s2,5001,MR,KNEE,,*tseR2d1rr6,MONOCHROME2,f7648f12-847,,,Siemens Healthineers,MAGNETOM Lumina,L,FFS,1.2.840.10008.1.2.1,416,416,32,,0.982508;0.185786;-0.0127297;-0.0201795;0.0382632;-0.999064,-14.3317;-12.6138;80.8632,0.432692;0.432692,2.5,3.0,1,16,12,11,0,1.0,0.0
train_series\1.2.826.0.1.3680043.8.498.12689544351656485342798482846432921455\1.2.826.0.1.3680043.8.498.47860046350366547337940166921284787009.dcm,1.2.826.0.1.3680043.8.498.10009278692606631573540062909909132231,1.2.826.0.1.3680043.8.498.12689544351656485342798482846432921455,1.2.826.0.1.3680043.8.498.47860046350366547337940166921284787009,pd_tse_fs_cor_416_p2_s2,5001,MR,KNEE,,*tseR2d1rr6,MONOCHROME2,f7648f12-847,,,Siemens Healthineers,MAGNETOM Lumina,L,FFS,1.2.840.10008.1.2.1,416,416,2,,0.982508;0.185786;-0.0127297;-0.0201795;0.0382632;-0.999064,2.32957;-100.98;77.1423,0.432692;0.432692,2.5,3.0,1,16,12,11,0,1.0,0.0
train_series\1.2.826.0.1.3680043.8.498.12689544351656485342798482846432921455\1.2.826.0.1.3680043.8.498.51470704131112658479089175091896623005.dcm,1.2.826.0.1.3680043.8.498.10009278692606631573540062909909132231,1.2.826.0.1.3680043.8.498.12689544351656485342798482846432921455,1.2.826.0.1.3680043.8.498.51470704131112658479089175091896623005,pd_tse_fs_cor_416_p2_s2,5001,MR,KNEE,,*tseR2d1rr6,MONOCHROME2,f7648f12-847,,,Siemens Healthineers,MAGNETOM Lumina,L,FFS,1.2.840.10008.1.2.1,416,416,22,,0.982508;0.185786;-0.0127297;-0.0201795;0.0382632;-0.999064,-8.77793;-42.0692;79.6229,0.432692;0.432692,2.5,3.0,1,16,12,11,0,1.0,0.0
train_series\1.2.826.0.1.3680043.8.498.12689544351656485342798482846432921455\1.2.826.0.1.3680043.8.498.56774660541613529728263617853143049216.dcm,1.2.826.0.1.3680043.8.498.10009278692606631573540062909909132231,1.2.826.0.1.3680043.8.498.12689544351656485342798482846432921455,1.2.826.0.1.3680043.8.498.56774660541613529728263617853143049216,pd_tse_fs_cor_416_p2_s2,5001,MR,KNEE,,*tseR2d1rr6,MONOCHROME2,f7648f12-847,,,Siemens Healthineers,MAGNETOM Lumina,L,FFS,1.2.840.10008.1.2.1,416,416,12,,0.982508;0.185786;-0.0127297;-0.0201795;0.0382632;-0.999064,-3.22418;-71.5245;78.3826,0.432692;0.432692,2.5,3.0,1,16,12,11,0,1.0,0.0
train_series\1.2.826.0.1.3680043.8.498.12689544351656485342798482846432921455\1.2.826.0.1.3680043.8.498.58012942048882352099637898421303921263.dcm,1.2.826.0.1.3680043.8.498.10009278692606631573540062909909132231,1.2.826.0.1.3680043.8.498.12689544351656485342798482846432921455,1.2.826.0.1.3680043.8.498.58012942048882352099637898421303921263,pd_tse_fs_cor_416_p2_s2,5001,MR,KNEE,,*tseR2d1rr6,MONOCHROME2,f7648f12-847,,,Siemens Healthineers,MAGNETOM Lumina,L,FFS,1.2.840.10008.1.2.1,416,416,34,,0.982508;0.185786;-0.0127297;-0.0201795;0.0382632;-0.999064,-15.4424;-6.72274;81.1112,0.432692;0.432692,2.5,3.0,1,16,12,11,0,1.0,0.0
train_series\1.2.826.0.1.3680043.8.498.12689544351656485342798482846432921455\1.2.826.0.1.3680043.8.498.59066071538037729637828791634729138348.dcm,1.2.826.0.1.3680043.8.498.10009278692606631573540062909909132231,1.2.826.0.1.3680043.8.498.12689544351656485342798482846432921455,1.2.826.0.1.3680043.8.498.59066071538037729637828791634729138348,pd_tse_fs_cor_416_p2_s2,5001,MR,KNEE,,*tseR2d1rr6,MONOCHROME2,f7648f12-847,,,Siemens Healthineers,MAGNETOM Lumina,L,FFS,1.2.840.10008.1.2.1,416,416,35,,0.982508;0.185786;-0.0127297;-0.0201795;0.0382632;-0.999064,-15.9978;-3.7772;81.2353,0.432692;0.432692,2.5,3.0,1,16,12,11,0,1.0,0.0
train_series\1.2.826.0.1.3680043.8.498.12689544351656485342798482846432921455\1.2.826.0.1.3680043.8.498.61843372362370326423626569113241231982.dcm,1.2.826.0.1.3680043.8.498.10009278692606631573540062909909132231,1.2.826.0.1.3680043.8.498.12689544351656485342798482846432921455,1.2.826.0.1.3680043.8.498.61843372362370326423626569113241231982,pd_tse_fs_cor_416_p2_s2,5001,MR,KNEE,,*tseR2d1rr6,MONOCHROME2,f7648f12-847,,,Siemens Healthineers,MAGNETOM Lumina,L,FFS,1.2.840.10008.1.2.1,416,416,8,,0.982508;0.185786;-0.0127297;-0.0201795;0.0382632;-0.999064,-1.00268;-83.3066;77.8865,0.432692;0.432692,2.5,3.0,1,16,12,11,0,1.0,0.0
train_series\1.2.826.0.1.3680043.8.498.12689544351656485342798482846432921455\1.2.826.0.1.3680043.8.498.63314455008130077671561062538783033367.dcm,1.2.826.0.1.3680043.8.498.10009278692606631573540062909909132231,1.2.826.0.1.3680043.8.498.12689544351656485342798482846432921455,1.2.826.0.1.3680043.8.498.63314455008130077671561062538783033367,pd_tse_fs_cor_416_p2_s2,5001,MR,KNEE,,*tseR2d1rr6,MONOCHROME2,f7648f12-847,,,Siemens Healthineers,MAGNETOM Lumina,L,FFS,1.2.840.10008.1.2.1,416,416,3,,0.982508;0.185786;-0.0127297;-0.0201795;0.0382632;-0.999064,1.7742;-98.0343;77.2663,0.432692;0.432692,2.5,3.0,1,16,12,11,0,1.0,0.0
train_series\1.2.826.0.1.3680043.8.498.12689544351656485342798482846432921455\1.2.826.0.1.3680043.8.498.63760795801042126342070992439079744236.dcm,1.2.826.0.1.3680043.8.498.10009278692606631573540062909909132231,1.2.826.0.1.3680043.8.498.12689544351656485342798482846432921455,1.2.826.0.1.3680043.8.498.63760795801042126342070992439079744236,pd_tse_fs_cor_416_p2_s2,5001,MR,KNEE,,*tseR2d1rr6,MONOCHROME2,f7648f12-847,,,Siemens Healthineers,MAGNETOM Lumina,L,FFS,1.2.840.10008.1.2.1,416,416,13,,0.982508;0.185786;-0.0127297;-0.0201795;0.0382632;-0.999064,-3.77955;-68.579;78.5066,0.432692;0.432692,2.5,3.0,1,16,12,11,0,1.0,0.0
train_series\1.2.826.0.1.3680043.8.498.12689544351656485342798482846432921455\1.2.826.0.1.3680043.8.498.64116559099892334343074933367901809567.dcm,1.2.826.0.1.3680043.8.498.10009278692606631573540062909909132231,1.2.826.0.1.3680043.8.498.12689544351656485342798482846432921455,1.2.826.0.1.3680043.8.498.64116559099892334343074933367901809567,pd_tse_fs_cor_416_p2_s2,5001,MR,KNEE,,*tseR2d1rr6,MONOCHROME2,f7648f12-847,,,Siemens Healthineers,MAGNETOM Lumina,L,FFS,1.2.840.10008.1.2.1,416,416,36,,0.982508;0.185786;-0.0127297;-0.0201795;0.0382632;-0.999064,-16.5532;-0.831667;81.3593,0.432692;0.432692,2.5,3.0,1,16,12,11,0,1.0,0.0
train_series\1.2.826.0.1.3680043.8.498.12689544351656485342798482846432921455\1.2.826.0.1.3680043.8.498.76225764205263261929578860796062632933.dcm,1.2.826.0.1.3680043.8.498.10009278692606631573540062909909132231,1.2.826.0.1.3680043.8.498.12689544351656485342798482846432921455,1.2.826.0.1.3680043.8.498.76225764205263261929578860796062632933,pd_tse_fs_cor_416_p2_s2,5001,MR,KNEE,,*tseR2d1rr6,MONOCHROME2,f7648f12-847,,,Siemens Healthineers,MAGNETOM Lumina,L,FFS,1.2.840.10008.1.2.1,416,416,6,,0.982508;0.185786;-0.0127297;-0.0201795;0.0382632;-0.999064,0.108075;-89.1977;77.6384,0.432692;0.432692,2.5,3.0,1,16,12,11,0,1.0,0.0
train_series\1.2.826.0.1.3680043.8.498.12689544351656485342798482846432921455\1.2.826.0.1.3680043.8.498.85883734968801009929617321316052951473.dcm,1.2.826.0.1.3680043.8.498.10009278692606631573540062909909132231,1.2.826.0.1.3680043.8.498.12689544351656485342798482846432921455,1.2.826.0.1.3680043.8.498.85883734968801009929617321316052951473,pd_tse_fs_cor_416_p2_s2,5001,MR,KNEE,,*tseR2d1rr6,MONOCHROME2,f7648f12-847,,,Siemens Healthineers,MAGNETOM Lumina,L,FFS,1.2.840.10008.1.2.1,416,416,5,,0.982508;0.185786;-0.0127297;-0.0201795;0.0382632;-0.999064,0.663449;-92.1433;77.5144,0.432692;0.432692,2.5,3.0,1,16,12,11,0,1.0,0.0
train_series\1.2.826.0.1.3680043.8.498.12689544351656485342798482846432921455\1.2.826.0.1.3680043.8.498.87389556887825913281623415972762330184.dcm,1.2.826.0.1.3680043.8.498.10009278692606631573540062909909132231,1.2.826.0.1.3680043.8.498.12689544351656485342798482846432921455,1.2.826.0.1.3680043.8.498.87389556887825913281623415972762330184,pd_tse_fs_cor_416_p2_s2,5001,MR,KNEE,,*tseR2d1rr6,MONOCHROME2,f7648f12-847,,,Siemens Healthineers,MAGNETOM Lumina,L,FFS,1.2.840.10008.1.2.1,416,416,23,,0.982508;0.185786;-0.0127297;-0.0201795;0.0382632;-0.999064,-9.3333;-39.1236;79.7469,0.432692;0.432692,2.5,3.0,1,16,12,11,0,1.0,0.0
train_series\1.2.826.0.1.3680043.8.498.12689544351656485342798482846432921455\1.2.826.0.1.3680043.8.498.87760800156384649314850315457933038304.dcm,1.2.826.0.1.3680043.8.498.10009278692606631573540062909909132231,1.2.826.0.1.3680043.8.498.12689544351656485342798482846432921455,1.2.826.0.1.3680043.8.498.87760800156384649314850315457933038304,pd_tse_fs_cor_416_p2_s2,5001,MR,KNEE,,*tseR2d1rr6,MONOCHROME2,f7648f12-847,,,Siemens Healthineers,MAGNETOM Lumina,L,FFS,1.2.840.10008.1.2.1,416,416,27,,0.982508;0.185786;-0.0127297;-0.0201795;0.0382632;-0.999064,-11.5548;-27.3415;80.243,0.432692;0.432692,2.5,3.0,1,16,12,11,0,1.0,0.0
train_series\1.2.826.0.1.3680043.8.498.12689544351656485342798482846432921455\1.2.826.0.1.3680043.8.498.88220118972630235157813695961294309371.dcm,1.2.826.0.1.3680043.8.498.10009278692606631573540062909909132231,1.2.826.0.1.3680043.8.498.12689544351656485342798482846432921455,1.2.826.0.1.3680043.8.498.88220118972630235157813695961294309371,pd_tse_fs_cor_416_p2_s2,5001,MR,KNEE,,*tseR2d1rr6,MONOCHROME2,f7648f12-847,,,Siemens Healthineers,MAGNETOM Lumina,L,FFS,1.2.840.10008.1.2.1,416,416,9,,0.982508;0.185786;-0.0127297;-0.0201795;0.0382632;-0.999064,-1.55806;-80.3611;78.0105,0.432692;0.432692,2.5,3.0,1,16,12,11,0,1.0,0.0
train_series\1.2.826.0.1.3680043.8.498.12689544351656485342798482846432921455\1.2.826.0.1.3680043.8.498.91272374724455924571454122245387255176.dcm,1.2.826.0.1.3680043.8.498.10009278692606631573540062909909132231,1.2.826.0.1.3680043.8.498.12689544351656485342798482846432921455,1.2.826.0.1.3680043.8.498.91272374724455924571454122245387255176,pd_tse_fs_cor_416_p2_s2,5001,MR,KNEE,,*tseR2d1rr6,MONOCHROME2,f7648f12-847,,,Siemens Healthineers,MAGNETOM Lumina,L,FFS,1.2.840.10008.1.2.1,416,416,14,,0.982508;0.185786;-0.0127297;-0.0201795;0.0382632;-0.999064,-4.33493;-65.6334;78.6307,0.432692;0.432692,2.5,3.0,1,16,12,11,0,1.0,0.0
train_series\1.2.826.0.1.3680043.8.498.12689544351656485342798482846432921455\1.2.826.0.1.3680043.8.498.91501755805372641929488268822637261274.dcm,1.2.826.0.1.3680043.8.498.10009278692606631573540062909909132231,1.2.826.0.1.3680043.8.498.12689544351656485342798482846432921455,1.2.826.0.1.3680043.8.498.91501755805372641929488268822637261274,pd_tse_fs_cor_416_p2_s2,5001,MR,KNEE,,*tseR2d1rr6,MONOCHROME2,f7648f12-847,,,Siemens Healthineers,MAGNETOM Lumina,L,FFS,1.2.840.10008.1.2.1,416,416,11,,0.982508;0.185786;-0.0127297;-0.0201795;0.0382632;-0.999064,-2.6688;-74.47;78.2586,0.432692;0.432692,2.5,3.0,1,16,12,11,0,1.0,0.0
train_series\1.2.826.0.1.3680043.8.498.12899608222010739549162228949977121036\1.2.826.0.1.3680043.8.498.10068628820823006249175665140321321108.dcm,1.2.826.0.1.3680043.8.498.10009639203170750274174707434356622764,1.2.826.0.1.3680043.8.498.12899608222010739549162228949977121036,1.2.826.0.1.3680043.8.498.10068628820823006249175665140321321108,LT_t2_tse_fs_tra,3,MR,KNEE,,*tse2d1_13,MONOCHROME2,fd7379f0-da7,,,SIEMENS,Aera,L,FFS,1.2.840.10008.1.2.1,640,640,22,,0.9844883;0.17534076;0.006198057;-0.17536411;0.98449762;0.0034452592,23.716588;-102.50923;-43.536855,0.234375;0.234375,3.0,3.9,1,16,12,11,0,,
train_series\1.2.826.0.1.3680043.8.498.12899608222010739549162228949977121036\1.2.826.0.1.3680043.8.498.10183317548184556471384488615827398346.dcm,1.2.826.0.1.3680043.8.498.10009639203170750274174707434356622764,1.2.826.0.1.3680043.8.498.12899608222010739549162228949977121036,1.2.826.0.1.3680043.8.498.10183317548184556471384488615827398346,LT_t2_tse_fs_tra,3,MR,KNEE,,*tse2d1_13,MONOCHROME2,fd7379f0-da7,,,SIEMENS,Aera,L,FFS,1.2.840.10008.1.2.1,640,640,9,,0.9844883;0.17534076;0.006198057;-0.17536411;0.98449762;0.0034452592,23.437848;-102.7363;7.1618722,0.234375;0.234375,3.0,3.9,1,16,12,11,0,,
train_series\1.2.826.0.1.3680043.8.498.12899608222010739549162228949977121036\1.2.826.0.1.3680043.8.498.10905515727471602927163768219602311691.dcm,1.2.826.0.1.3680043.8.498.10009639203170750274174707434356622764,1.2.826.0.1.3680043.8.498.12899608222010739549162228949977121036,1.2.826.0.1.3680043.8.498.10905515727471602927163768219602311691,LT_t2_tse_fs_tra,3,MR,KNEE,,*tse2d1_13,MONOCHROME2,fd7379f0-da7,,,SIEMENS,Aera,L,FFS,1.2.840.10008.1.2.1,640,640,1,,0.9844883;0.17534076;0.006198057;-0.17536411;0.98449762;0.0034452592,23.266316;-102.87604;38.361087,0.234375;0.234375,3.0,3.9,1,16,12,11,0,,
train_series\1.2.826.0.1.3680043.8.498.12899608222010739549162228949977121036\1.2.826.0.1.3680043.8.498.11358641427280067825218901849249578660.dcm,1.2.826.0.1.3680043.8.498.10009639203170750274174707434356622764,1.2.826.0.1.3680043.8.498.12899608222010739549162228949977121036,1.2.826.0.1.3680043.8.498.11358641427280067825218901849249578660,LT_t2_tse_fs_tra,3,MR,KNEE,,*tse2d1_13,MONOCHROME2,fd7379f0-da7,,,SIEMENS,Aera,L,FFS,1.2.840.10008.1.2.1,640,640,5,,0.9844883;0.17534076;0.006198057;-0.17536411;0.98449762;0.0034452592,23.352078;-102.80617;22.761479,0.234375;0.234375,3.0,3.9,1,16,12,11,0,,
train_series\1.2.826.0.1.3680043.8.498.12899608222010739549162228949977121036\1.2.826.0.1.3680043.8.498.12941797902317066696434084598464892218.dcm,1.2.826.0.1.3680043.8.498.10009639203170750274174707434356622764,1.2.826.0.1.3680043.8.498.12899608222010739549162228949977121036,1.2.826.0.1.3680043.8.498.12941797902317066696434084598464892218,LT_t2_tse_fs_tra,3,MR,KNEE,,*tse2d1_13,MONOCHROME2,fd7379f0-da7,,,SIEMENS,Aera,L,FFS,1.2.840.10008.1.2.1,640,640,21,,0.9844883;0.17534076;0.006198057;-0.17536411;0.98449762;0.0034452592,23.695149;-102.5267;-39.636953,0.234375;0.234375,3.0,3.9,1,16,12,11,0,,
train_series\1.2.826.0.1.3680043.8.498.12899608222010739549162228949977121036\1.2.826.0.1.3680043.8.498.13196039756863102329586858164204924675.dcm,1.2.826.0.1.3680043.8.498.10009639203170750274174707434356622764,1.2.826.0.1.3680043.8.498.12899608222010739549162228949977121036,1.2.826.0.1.3680043.8.498.13196039756863102329586858164204924675,LT_t2_tse_fs_tra,3,MR,KNEE,,*tse2d1_13,MONOCHROME2,fd7379f0-da7,,,SIEMENS,Aera,L,FFS,1.2.840.10008.1.2.1,640,640,18,,0.9844883;0.17534076;0.006198057;-0.17536411;0.98449762;0.0034452592,23.630826;-102.5791;-27.937246,0.234375;0.234375,3.0,3.9,1,16,12,11,0,,
train_series\1.2.826.0.1.3680043.8.498.12899608222010739549162228949977121036\1.2.826.0.1.3680043.8.498.19334098089868119782318756665696209969.dcm,1.2.826.0.1.3680043.8.498.10009639203170750274174707434356622764,1.2.826.0.1.3680043.8.498.12899608222010739549162228949977121036,1.2.826.0.1.3680043.8.498.19334098089868119782318756665696209969,LT_t2_tse_fs_tra,3,MR,KNEE,,*tse2d1_13,MONOCHROME2,fd7379f0-da7,,,SIEMENS,Aera,L,FFS,1.2.840.10008.1.2.1,640,640,7,,0.9844883;0.17534076;0.006198057;-0.17536411;0.98449762;0.0034452592,23.394963;-102.77124;14.961676,0.234375;0.234375,3.0,3.9,1,16,12,11,0,,
train_series\1.2.826.0.1.3680043.8.498.12899608222010739549162228949977121036\1.2.826.0.1.3680043.8.498.19970306355729472304008186435645016934.dcm,1.2.826.0.1.3680043.8.498.10009639203170750274174707434356622764,1.2.826.0.1.3680043.8.498.12899608222010739549162228949977121036,1.2.826.0.1.3680043.8.498.19970306355729472304008186435645016934,LT_t2_tse_fs_tra,3,MR,KNEE,,*tse2d1_13,MONOCHROME2,fd7379f0-da7,,,SIEMENS,Aera,L,FFS,1.2.840.10008.1.2.1,640,640,11,,0.9844883;0.17534076;0.006198057;-0.17536411;0.98449762;0.0034452592,23.480733;-102.70137;-0.63793172,0.234375;0.234375,3.0,3.9,1,16,12,11,0,,
train_series\1.2.826.0.1.3680043.8.498.12899608222010739549162228949977121036\1.2.826.0.1.3680043.8.498.25370457446278221291542253620034395749.dcm,1.2.826.0.1.3680043.8.498.10009639203170750274174707434356622764,1.2.826.0.1.3680043.8.498.12899608222010739549162228949977121036,1.2.826.0.1.3680043.8.498.25370457446278221291542253620034395749,LT_t2_tse_fs_tra,3,MR,KNEE,,*tse2d1_13,MONOCHROME2,fd7379f0-da7,,,SIEMENS,Aera,L,FFS,1.2.840.10008.1.2.1,640,640,2,,0.9844883;0.17534076;0.006198057;-0.17536411;0.98449762;0.0034452592,23.287755;-102.85857;34.461184,0.234375;0.234375,3.0,3.9,1,16,12,11,0,,
train_series\1.2.826.0.1.3680043.8.498.12899608222010739549162228949977121036\1.2.826.0.1.3680043.8.498.26634045961728489407657555322949627898.dcm,1.2.826.0.1.3680043.8.498.10009639203170750274174707434356622764,1.2.826.0.1.3680043.8.498.12899608222010739549162228949977121036,1.2.826.0.1.3680043.8.498.26634045961728489407657555322949627898,LT_t2_tse_fs_tra,3,MR,KNEE,,*tse2d1_13,MONOCHROME2,fd7379f0-da7,,,SIEMENS,Aera,L,FFS,1.2.840.10008.1.2.1,640,640,4,,0.9844883;0.17534076;0.006198057;-0.17536411;0.98449762;0.0034452592,23.33064;-102.82364;26.661381,0.234375;0.234375,3.0,3.9,1,16,12,11,0,,
train_series\1.2.826.0.1.3680043.8.498.12899608222010739549162228949977121036\1.2.826.0.1.3680043.8.498.27120586771074871847152116163252546984.dcm,1.2.826.0.1.3680043.8.498.10009639203170750274174707434356622764,1.2.826.0.1.3680043.8.498.12899608222010739549162228949977121036,1.2.826.0.1.3680043.8.498.27120586771074871847152116163252546984,LT_t2_tse_fs_tra,3,MR,KNEE,,*tse2d1_13,MONOCHROME2,fd7379f0-da7,,,SIEMENS,Aera,L,FFS,1.2.840.10008.1.2.1,640,640,20,,0.9844883;0.17534076;0.006198057;-0.17536411;0.98449762;0.0034452592,23.673711;-102.54417;-35.73705,0.234375;0.234375,3.0,3.9,1,16,12,11,0,,
train_series\1.2.826.0.1.3680043.8.498.12899608222010739549162228949977121036\1.2.826.0.1.3680043.8.498.29265622229862519776613656433929932619.dcm,1.2.826.0.1.3680043.8.498.10009639203170750274174707434356622764,1.2.826.0.1.3680043.8.498.12899608222010739549162228949977121036,1.2.826.0.1.3680043.8.498.29265622229862519776613656433929932619,LT_t2_tse_fs_tra,3,MR,KNEE,,*tse2d1_13,MONOCHROME2,fd7379f0-da7,,,SIEMENS,Aera,L,FFS,1.2.840.10008.1.2.1,640,640,27,,0.9844883;0.17534076;0.006198057;-0.17536411;0.98449762;0.0034452592,23.823796;-102.4219;-63.036363,0.234375;0.234375,3.0,3.9,1,16,12,11,0,,
train_series\1.2.826.0.1.3680043.8.498.12899608222010739549162228949977121036\1.2.826.0.1.3680043.8.498.32505466175405675063894405366566940288.dcm,1.2.826.0.1.3680043.8.498.10009639203170750274174707434356622764,1.2.826.0.1.3680043.8.498.12899608222010739549162228949977121036,1.2.826.0.1.3680043.8.498.32505466175405675063894405366566940288,LT_t2_tse_fs_tra,3,MR,KNEE,,*tse2d1_13,MONOCHROME2,fd7379f0-da7,,,SIEMENS,Aera,L,FFS,1.2.840.10008.1.2.1,640,640,13,,0.9844883;0.17534076;0.006198057;-0.17536411;0.98449762;0.0034452592,23.523617;-102.66644;-8.4377358,0.234375;0.234375,3.0,3.9,1,16,12,11,0,,
train_series\1.2.826.0.1.3680043.8.498.12899608222010739549162228949977121036\1.2.826.0.1.3680043.8.498.37029283315984790881483582159990840566.dcm,1.2.826.0.1.3680043.8.498.10009639203170750274174707434356622764,1.2.826.0.1.3680043.8.498.12899608222010739549162228949977121036,1.2.826.0.1.3680043.8.498.37029283315984790881483582159990840566,LT_t2_tse_fs_tra,3,MR,KNEE,,*tse2d1_13,MONOCHROME2,fd7379f0-da7,,,SIEMENS,Aera,L,FFS,1.2.840.10008.1.2.1,640,640,6,,0.9844883;0.17534076;0.006198057;-0.17536411;0.98449762;0.0034452592,23.373524;-102.78871;18.861579,0.234375;0.234375,3.0,3.9,1,16,12,11,0,,
train_series\1.2.826.0.1.3680043.8.498.12899608222010739549162228949977121036\1.2.826.0.1.3680043.8.498.39439831085835170169183821542048530176.dcm,1.2.826.0.1.3680043.8.498.10009639203170750274174707434356622764,1.2.826.0.1.3680043.8.498.12899608222010739549162228949977121036,1.2.826.0.1.3680043.8.498.39439831085835170169183821542048530176,LT_t2_tse_fs_tra,3,MR,KNEE,,*tse2d1_13,MONOCHROME2,fd7379f0-da7,,,SIEMENS,Aera,L,FFS,1.2.840.10008.1.2.1,640,640,8,,0.9844883;0.17534076;0.006198057;-0.17536411;0.98449762;0.0034452592,23.416409;-102.75377;11.061774,0.234375;0.234375,3.0,3.9,1,16,12,11,0,,
train_series\1.2.826.0.1.3680043.8.498.12899608222010739549162228949977121036\1.2.826.0.1.3680043.8.498.47580370569047097422474499641177808114.dcm,1.2.826.0.1.3680043.8.498.10009639203170750274174707434356622764,1.2.826.0.1.3680043.8.498.12899608222010739549162228949977121036,1.2.826.0.1.3680043.8.498.47580370569047097422474499641177808114,LT_t2_tse_fs_tra,3,MR,KNEE,,*tse2d1_13,MONOCHROME2,fd7379f0-da7,,,SIEMENS,Aera,L,FFS,1.2.840.10008.1.2.1,640,640,15,,0.9844883;0.17534076;0.006198057;-0.17536411;0.98449762;0.0034452592,23.566502;-102.6315;-16.23754,0.234375;0.234375,3.0,3.9,1,16,12,11,0,,
train_series\1.2.826.0.1.3680043.8.498.12899608222010739549162228949977121036\1.2.826.0.1.3680043.8.498.55120445657879315478352188384017674427.dcm,1.2.826.0.1.3680043.8.498.10009639203170750274174707434356622764,1.2.826.0.1.3680043.8.498.12899608222010739549162228949977121036,1.2.826.0.1.3680043.8.498.55120445657879315478352188384017674427,LT_t2_tse_fs_tra,3,MR,KNEE,,*tse2d1_13,MONOCHROME2,fd7379f0-da7,,,SIEMENS,Aera,L,FFS,1.2.840.10008.1.2.1,640,640,26,,0.9844883;0.17534076;0.006198057;-0.17536411;0.98449762;0.0034452592,23.802357;-102.43936;-59.136461,0.234375;0.234375,3.0,3.9,1,16,12,11,0,,
train_series\1.2.826.0.1.3680043.8.498.12899608222010739549162228949977121036\1.2.826.0.1.3680043.8.498.61712702895697846973466682713996994455.dcm,1.2.826.0.1.3680043.8.498.10009639203170750274174707434356622764,1.2.826.0.1.3680043.8.498.12899608222010739549162228949977121036,1.2.826.0.1.3680043.8.498.61712702895697846973466682713996994455,LT_t2_tse_fs_tra,3,MR,KNEE,,*tse2d1_13,MONOCHROME2,fd7379f0-da7,,,SIEMENS,Aera,L,FFS,1.2.840.10008.1.2.1,640,640,19,,0.9844883;0.17534076;0.006198057;-0.17536411;0.98449762;0.0034452592,23.652264;-102.56163;-31.837148,0.234375;0.234375,3.0,3.9,1,16,12,11,0,,
train_series\1.2.826.0.1.3680043.8.498.12899608222010739549162228949977121036\1.2.826.0.1.3680043.8.498.68644548354233176607467401312131335090.dcm,1.2.826.0.1.3680043.8.498.10009639203170750274174707434356622764,1.2.826.0.1.3680043.8.498.12899608222010739549162228949977121036,1.2.826.0.1.3680043.8.498.68644548354233176607467401312131335090,LT_t2_tse_fs_tra,3,MR,KNEE,,*tse2d1_13,MONOCHROME2,fd7379f0-da7,,,SIEMENS,Aera,L,FFS,1.2.840.10008.1.2.1,640,640,3,,0.9844883;0.17534076;0.006198057;-0.17536411;0.98449762;0.0034452592,23.309201;-102.84111;30.561284,0.234375;0.234375,3.0,3.9,1,16,12,11,0,,
train_series\1.2.826.0.1.3680043.8.498.12899608222010739549162228949977121036\1.2.826.0.1.3680043.8.498.78159275590328209221028289686727680097.dcm,1.2.826.0.1.3680043.8.498.10009639203170750274174707434356622764,1.2.826.0.1.3680043.8.498.12899608222010739549162228949977121036,1.2.826.0.1.3680043.8.498.78159275590328209221028289686727680097,LT_t2_tse_fs_tra,3,MR,KNEE,,*tse2d1_13,MONOCHROME2,fd7379f0-da7,,,SIEMENS,Aera,L,FFS,1.2.840.10008.1.2.1,640,640,23,,0.9844883;0.17534076;0.006198057;-0.17536411;0.98449762;0.0034452592,23.738034;-102.49177;-47.436754,0.234375;0.234375,3.0,3.9,1,16,12,11,0,,
train_series\1.2.826.0.1.3680043.8.498.12899608222010739549162228949977121036\1.2.826.0.1.3680043.8.498.80051187999183518842846952815937497035.dcm,1.2.826.0.1.3680043.8.498.10009639203170750274174707434356622764,1.2.826.0.1.3680043.8.498.12899608222010739549162228949977121036,1.2.826.0.1.3680043.8.498.80051187999183518842846952815937497035,LT_t2_tse_fs_tra,3,MR,KNEE,,*tse2d1_13,MONOCHROME2,fd7379f0-da7,,,SIEMENS,Aera,L,FFS,1.2.840.10008.1.2.1,640,640,24,,0.9844883;0.17534076;0.006198057;-0.17536411;0.98449762;0.0034452592,23.759473;-102.4743;-51.336656,0.234375;0.234375,3.0,3.9,1,16,12,11,0,,
train_series\1.2.826.0.1.3680043.8.498.12899608222010739549162228949977121036\1.2.826.0.1.3680043.8.498.80471569243636090632512730726690877803.dcm,1.2.826.0.1.3680043.8.498.10009639203170750274174707434356622764,1.2.826.0.1.3680043.8.498.12899608222010739549162228949977121036,1.2.826.0.1.3680043.8.498.80471569243636090632512730726690877803,LT_t2_tse_fs_tra,3,MR,KNEE,,*tse2d1_13,MONOCHROME2,fd7379f0-da7,,,SIEMENS,Aera,L,FFS,1.2.840.10008.1.2.1,640,640,12,,0.9844883;0.17534076;0.006198057;-0.17536411;0.98449762;0.0034452592,23.502171;-102.6839;-4.5378337,0.234375;0.234375,3.0,3.9,1,16,12,11,0,,
train_series\1.2.826.0.1.3680043.8.498.12899608222010739549162228949977121036\1.2.826.0.1.3680043.8.498.88739252369980865109452010675908184511.dcm,1.2.826.0.1.3680043.8.498.10009639203170750274174707434356622764,1.2.826.0.1.3680043.8.498.12899608222010739549162228949977121036,1.2.826.0.1.3680043.8.498.88739252369980865109452010675908184511,LT_t2_tse_fs_tra,3,MR,KNEE,,*tse2d1_13,MONOCHROME2,fd7379f0-da7,,,SIEMENS,Aera,L,FFS,1.2.840.10008.1.2.1,640,640,16,,0.9844883;0.17534076;0.006198057;-0.17536411;0.98449762;0.0034452592,23.587941;-102.61403;-20.137441,0.234375;0.234375,3.0,3.9,1,16,12,11,0,,
train_series\1.2.826.0.1.3680043.8.498.12899608222010739549162228949977121036\1.2.826.0.1.3680043.8.498.92781452686133754519758677794894451989.dcm,1.2.826.0.1.3680043.8.498.10009639203170750274174707434356622764,1.2.826.0.1.3680043.8.498.12899608222010739549162228949977121036,1.2.826.0.1.3680043.8.498.92781452686133754519758677794894451989,LT_t2_tse_fs_tra,3,MR,KNEE,,*tse2d1_13,MONOCHROME2,fd7379f0-da7,,,SIEMENS,Aera,L,FFS,1.2.840.10008.1.2.1,640,640,17,,0.9844883;0.17534076;0.006198057;-0.17536411;0.98449762;0.0034452592,23.609379;-102.59657;-24.037343,0.234375;0.234375,3.0,3.9,1,16,12,11,0,,
train_series\1.2.826.0.1.3680043.8.498.12899608222010739549162228949977121036\1.2.826.0.1.3680043.8.498.94030704595722022794436966190441705939.dcm,1.2.826.0.1.3680043.8.498.10009639203170750274174707434356622764,1.2.826.0.1.3680043.8.498.12899608222010739549162228949977121036,1.2.826.0.1.3680043.8.498.94030704595722022794436966190441705939,LT_t2_tse_fs_tra,3,MR,KNEE,,*tse2d1_13,MONOCHROME2,fd7379f0-da7,,,SIEMENS,Aera,L,FFS,1.2.840.10008.1.2.1,640,640,10,,0.9844883;0.17534076;0.006198057;-0.17536411;0.98449762;0.0034452592,23.459286;-102.71884;3.2619703,0.234375;0.234375,3.0,3.9,1,16,12,11,0,,
train_series\1.2.826.0.1.3680043.8.498.12899608222010739549162228949977121036\1.2.826.0.1.3680043.8.498.95089190368352515728126844641677600078.dcm,1.2.826.0.1.3680043.8.498.10009639203170750274174707434356622764,1.2.826.0.1.3680043.8.498.12899608222010739549162228949977121036,1.2.826.0.1.3680043.8.498.95089190368352515728126844641677600078,LT_t2_tse_fs_tra,3,MR,KNEE,,*tse2d1_13,MONOCHROME2,fd7379f0-da7,,,SIEMENS,Aera,L,FFS,1.2.840.10008.1.2.1,640,640,14,,0.9844883;0.17534076;0.006198057;-0.17536411;0.98449762;0.0034452592,23.545056;-102.64897;-12.337637,0.234375;0.234375,3.0,3.9,1,16,12,11,0,,
train_series\1.2.826.0.1.3680043.8.498.12899608222010739549162228949977121036\1.2.826.0.1.3680043.8.498.96240827493896195635306345155674761216.dcm,1.2.826.0.1.3680043.8.498.10009639203170750274174707434356622764,1.2.826.0.1.3680043.8.498.12899608222010739549162228949977121036,1.2.826.0.1.3680043.8.498.96240827493896195635306345155674761216,LT_t2_tse_fs_tra,3,MR,KNEE,,*tse2d1_13,MONOCHROME2,fd7379f0-da7,,,SIEMENS,Aera,L,FFS,1.2.840.10008.1.2.1,640,640,25,,0.9844883;0.17534076;0.006198057;-0.17536411;0.98449762;0.0034452592,23.780919;-102.45683;-55.236558,0.234375;0.234375,3.0,3.9,1,16,12,11,0,,
train_series\1.2.826.0.1.3680043.8.498.12899608222010739549162228949977121036\1.2.826.0.1.3680043.8.498.98644942826781258726387819158427247062.dcm,1.2.826.0.1.3680043.8.498.10009639203170750274174707434356622764,1.2.826.0.1.3680043.8.498.12899608222010739549162228949977121036,1.2.826.0.1.3680043.8.498.98644942826781258726387819158427247062,LT_t2_tse_fs_tra,3,MR,KNEE,,*tse2d1_13,MONOCHROME2,fd7379f0-da7,,,SIEMENS,Aera,L,FFS,1.2.840.10008.1.2.1,640,640,28,,0.9844883;0.17534076;0.006198057;-0.17536411;0.98449762;0.0034452592,23.845242;-102.40443;-66.936261,0.234375;0.234375,3.0,3.9,1,16,12,11,0,,
train_series\1.2.826.0.1.3680043.8.498.12899608222010739549162228949977121036\1.2.826.0.1.3680043.8.498.99447829191294078458113367804580544001.dcm,1.2.826.0.1.3680043.8.498.10009639203170750274174707434356622764,1.2.826.0.1.3680043.8.498.12899608222010739549162228949977121036,1.2.826.0.1.3680043.8.498.99447829191294078458113367804580544001,LT_t2_tse_fs_tra,3,MR,KNEE,,*tse2d1_13,MONOCHROME2,fd7379f0-da7,,,SIEMENS,Aera,L,FFS,1.2.840.10008.1.2.1,640,640,30,,0.9844883;0.17534076;0.006198057;-0.17536411;0.98449762;0.0034452592,23.888127;-102.3695;-74.736066,0.234375;0.234375,3.0,3.9,1,16,12,11,0,,
train_series\1.2.826.0.1.3680043.8.498.12899608222010739549162228949977121036\1.2.826.0.1.3680043.8.498.99749399656306727992856070298825361499.dcm,1.2.826.0.1.3680043.8.498.10009639203170750274174707434356622764,1.2.826.0.1.3680043.8.498.12899608222010739549162228949977121036,1.2.826.0.1.3680043.8.498.99749399656306727992856070298825361499,LT_t2_tse_fs_tra,3,MR,KNEE,,*tse2d1_13,MONOCHROME2,fd7379f0-da7,,,SIEMENS,Aera,L,FFS,1.2.840.10008.1.2.1,640,640,29,,0.9844883;0.17534076;0.006198057;-0.17536411;0.98449762;0.0034452592,23.866681;-102.38696;-70.836164,0.234375;0.234375,3.0,3.9,1,16,12,11,0,,
train_series\1.2.826.0.1.3680043.8.498.13821229744997220641575291927426543265\1.2.826.0.1.3680043.8.498.11421887690184506354786744807184755984.dcm,1.2.826.0.1.3680043.8.498.10004873229099053869093324292195817260,1.2.826.0.1.3680043.8.498.13821229744997220641575291927426543265,1.2.826.0.1.3680043.8.498.11421887690184506354786744807184755984,STIR CS_ AX,501,MR,KNEE,,,MONOCHROME2,b9d20b75-edf,,,Philips Healthcare,Ingenia,,FFS,1.2.840.10008.1.2.1,560,560,14,1.0,0.99478304;-0.10110892;0.013554195;0.099989682;0.99273771;0.066887103,-196.1592;-134.40842;38.258983,0.28771234;0.28771234,4.0,7.718,1,16,12,11,0,2.41245,0.0
train_series\1.2.826.0.1.3680043.8.498.13821229744997220641575291927426543265\1.2.826.0.1.3680043.8.498.11436318858949150080047631669572315289.dcm,1.2.826.0.1.3680043.8.498.10004873229099053869093324292195817260,1.2.826.0.1.3680043.8.498.13821229744997220641575291927426543265,1.2.826.0.1.3680043.8.498.11436318858949150080047631669572315289,STIR CS_ AX,501,MR,KNEE,,,MONOCHROME2,b9d20b75-edf,,,Philips Healthcare,Ingenia,,FFS,1.2.840.10008.1.2.1,560,560,13,1.0,0.99478304;-0.10110892;0.013554195;0.099989682;0.99273771;0.066887103,-196.00315;-133.90533;30.558796,0.28771234;0.28771234,4.0,7.718,1,16,12,11,0,2.41245,0.0
train_series\1.2.826.0.1.3680043.8.498.13821229744997220641575291927426543265\1.2.826.0.1.3680043.8.498.11982339602337111486546969660622517901.dcm,1.2.826.0.1.3680043.8.498.10004873229099053869093324292195817260,1.2.826.0.1.3680043.8.498.13821229744997220641575291927426543265,1.2.826.0.1.3680043.8.498.11982339602337111486546969660622517901,STIR CS_ AX,501,MR,KNEE,,,MONOCHROME2,b9d20b75-edf,,,Philips Healthcare,Ingenia,,FFS,1.2.840.10008.1.2.1,560,560,2,1.0,0.99478304;-0.10110892;0.013554195;0.099989682;0.99273771;0.066887103,-194.28658;-128.3713;-54.143269,0.28771234;0.28771234,4.0,7.718,1,16,12,11,0,2.41245,0.0
train_series\1.2.826.0.1.3680043.8.498.13821229744997220641575291927426543265\1.2.826.0.1.3680043.8.498.12189988472371427667992190712566968320.dcm,1.2.826.0.1.3680043.8.498.10004873229099053869093324292195817260,1.2.826.0.1.3680043.8.498.13821229744997220641575291927426543265,1.2.826.0.1.3680043.8.498.12189988472371427667992190712566968320,STIR CS_ AX,501,MR,KNEE,,,MONOCHROME2,b9d20b75-edf,,,Philips Healthcare,Ingenia,,FFS,1.2.840.10008.1.2.1,560,560,15,1.0,0.99478304;-0.10110892;0.013554195;0.099989682;0.99273771;0.066887103,-196.31525;-134.91151;45.959171,0.28771234;0.28771234,4.0,7.718,1,16,12,11,0,2.41245,0.0
train_series\1.2.826.0.1.3680043.8.498.13821229744997220641575291927426543265\1.2.826.0.1.3680043.8.498.12732955977266558882646974219653035510.dcm,1.2.826.0.1.3680043.8.498.10004873229099053869093324292195817260,1.2.826.0.1.3680043.8.498.13821229744997220641575291927426543265,1.2.826.0.1.3680043.8.498.12732955977266558882646974219653035510,STIR CS_ AX,501,MR,KNEE,,,MONOCHROME2,b9d20b75-edf,,,Philips Healthcare,Ingenia,,FFS,1.2.840.10008.1.2.1,560,560,4,1.0,0.99478304;-0.10110892;0.013554195;0.099989682;0.99273771;0.066887103,-194.59869;-129.37749;-38.742894,0.28771234;0.28771234,4.0,7.718,1,16,12,11,0,2.41245,0.0
train_series\1.2.826.0.1.3680043.8.498.13821229744997220641575291927426543265\1.2.826.0.1.3680043.8.498.12775157392541001678140668220432067537.dcm,1.2.826.0.1.3680043.8.498.10004873229099053869093324292195817260,1.2.826.0.1.3680043.8.498.13821229744997220641575291927426543265,1.2.826.0.1.3680043.8.498.12775157392541001678140668220432067537,STIR CS_ AX,501,MR,KNEE,,,MONOCHROME2,b9d20b75-edf,,,Philips Healthcare,Ingenia,,FFS,1.2.840.10008.1.2.1,560,560,3,1.0,0.99478304;-0.10110892;0.013554195;0.099989682;0.99273771;0.066887103,-194.44263;-128.87439;-46.443081,0.28771234;0.28771234,4.0,7.718,1,16,12,11,0,2.41245,0.0
train_series\1.2.826.0.1.3680043.8.498.13821229744997220641575291927426543265\1.2.826.0.1.3680043.8.498.12941656330369211477423846743530430815.dcm,1.2.826.0.1.3680043.8.498.10004873229099053869093324292195817260,1.2.826.0.1.3680043.8.498.13821229744997220641575291927426543265,1.2.826.0.1.3680043.8.498.12941656330369211477423846743530430815,STIR CS_ AX,501,MR,KNEE,,,MONOCHROME2,b9d20b75-edf,,,Philips Healthcare,Ingenia,,FFS,1.2.840.10008.1.2.1,560,560,8,1.0,0.99478304;-0.10110892;0.013554195;0.099989682;0.99273771;0.066887103,-195.22289;-131.38986;-7.9421425,0.28771234;0.28771234,4.0,7.718,1,16,12,11,0,2.41245,0.0
train_series\1.2.826.0.1.3680043.8.498.13821229744997220641575291927426543265\1.2.826.0.1.3680043.8.498.13209491015186683860112137507548589016.dcm,1.2.826.0.1.3680043.8.498.10004873229099053869093324292195817260,1.2.826.0.1.3680043.8.498.13821229744997220641575291927426543265,1.2.826.0.1.3680043.8.498.13209491015186683860112137507548589016,STIR CS_ AX,501,MR,KNEE,,,MONOCHROME2,b9d20b75-edf,,,Philips Healthcare,Ingenia,,FFS,1.2.840.10008.1.2.1,560,560,17,1.0,0.99478304;-0.10110892;0.013554195;0.099989682;0.99273771;0.066887103,-196.62736;-135.9177;61.359543,0.28771234;0.28771234,4.0,7.718,1,16,12,11,0,2.41245,0.0
train_series\1.2.826.0.1.3680043.8.498.13821229744997220641575291927426543265\1.2.826.0.1.3680043.8.498.15886358223858887864951167095215211065.dcm,1.2.826.0.1.3680043.8.498.10004873229099053869093324292195817260,1.2.826.0.1.3680043.8.498.13821229744997220641575291927426543265,1.2.826.0.1.3680043.8.498.15886358223858887864951167095215211065,STIR CS_ AX,501,MR,KNEE,,,MONOCHROME2,b9d20b75-edf,,,Philips Healthcare,Ingenia,,FFS,1.2.840.10008.1.2.1,560,560,6,1.0,0.99478304;-0.10110892;0.013554195;0.099989682;0.99273771;0.066887103,-194.91079;-130.38367;-23.342518,0.28771234;0.28771234,4.0,7.718,1,16,12,11,0,2.41245,0.0
train_series\1.2.826.0.1.3680043.8.498.13821229744997220641575291927426543265\1.2.826.0.1.3680043.8.498.22860207181937331149819491621461253063.dcm,1.2.826.0.1.3680043.8.498.10004873229099053869093324292195817260,1.2.826.0.1.3680043.8.498.13821229744997220641575291927426543265,1.2.826.0.1.3680043.8.498.22860207181937331149819491621461253063,STIR CS_ AX,501,MR,KNEE,,,MONOCHROME2,b9d20b75-edf,,,Philips Healthcare,Ingenia,,FFS,1.2.840.10008.1.2.1,560,560,1,1.0,0.99478304;-0.10110892;0.013554195;0.099989682;0.99273771;0.066887103,-194.13054;-127.86821;-61.843457,0.28771234;0.28771234,4.0,7.718,1,16,12,11,0,2.41245,0.0
train_series\1.2.826.0.1.3680043.8.498.13821229744997220641575291927426543265\1.2.826.0.1.3680043.8.498.23504425956676543136725408676350418885.dcm,1.2.826.0.1.3680043.8.498.10004873229099053869093324292195817260,1.2.826.0.1.3680043.8.498.13821229744997220641575291927426543265,1.2.826.0.1.3680043.8.498.23504425956676543136725408676350418885,STIR CS_ AX,501,MR,KNEE,,,MONOCHROME2,b9d20b75-edf,,,Philips Healthcare,Ingenia,,FFS,1.2.840.10008.1.2.1,560,560,18,1.0,0.99478304;-0.10110892;0.013554195;0.099989682;0.99273771;0.066887103,-196.7834;-136.42079;69.05973,0.28771234;0.28771234,4.0,7.718,1,16,12,11,0,2.41245,0.0
train_series\1.2.826.0.1.3680043.8.498.13821229744997220641575291927426543265\1.2.826.0.1.3680043.8.498.51290044590824165461429354587015028697.dcm,1.2.826.0.1.3680043.8.498.10004873229099053869093324292195817260,1.2.826.0.1.3680043.8.498.13821229744997220641575291927426543265,1.2.826.0.1.3680043.8.498.51290044590824165461429354587015028697,STIR CS_ AX,501,MR,KNEE,,,MONOCHROME2,b9d20b75-edf,,,Philips Healthcare,Ingenia,,FFS,1.2.840.10008.1.2.1,560,560,11,1.0,0.99478304;-0.10110892;0.013554195;0.099989682;0.99273771;0.066887103,-195.69105;-132.89914;15.15842,0.28771234;0.28771234,4.0,7.718,1,16,12,11,0,2.41245,0.0
train_series\1.2.826.0.1.3680043.8.498.13821229744997220641575291927426543265\1.2.826.0.1.3680043.8.498.52360535898848731757374356801482244916.dcm,1.2.826.0.1.3680043.8.498.10004873229099053869093324292195817260,1.2.826.0.1.3680043.8.498.13821229744997220641575291927426543265,1.2.826.0.1.3680043.8.498.52360535898848731757374356801482244916,STIR CS_ AX,501,MR,KNEE,,,MONOCHROME2,b9d20b75-edf,,,Philips Healthcare,Ingenia,,FFS,1.2.840.10008.1.2.1,560,560,16,1.0,0.99478304;-0.10110892;0.013554195;0.099989682;0.99273771;0.066887103,-196.4713;-135.41461;53.659359,0.28771234;0.28771234,4.0,7.718,1,16,12,11,0,2.41245,0.0
train_series\1.2.826.0.1.3680043.8.498.13821229744997220641575291927426543265\1.2.826.0.1.3680043.8.498.59350981989101065846464866297147921212.dcm,1.2.826.0.1.3680043.8.498.10004873229099053869093324292195817260,1.2.826.0.1.3680043.8.498.13821229744997220641575291927426543265,1.2.826.0.1.3680043.8.498.59350981989101065846464866297147921212,STIR CS_ AX,501,MR,KNEE,,,MONOCHROME2,b9d20b75-edf,,,Philips Healthcare,Ingenia,,FFS,1.2.840.10008.1.2.1,560,560,10,1.0,0.99478304;-0.10110892;0.013554195;0.099989682;0.99273771;0.066887103,-195.535;-132.39604;7.4582326,0.28771234;0.28771234,4.0,7.718,1,16,12,11,0,2.41245,0.0
train_series\1.2.826.0.1.3680043.8.498.13821229744997220641575291927426543265\1.2.826.0.1.3680043.8.498.61958238336142943146815370989802580409.dcm,1.2.826.0.1.3680043.8.498.10004873229099053869093324292195817260,1.2.826.0.1.3680043.8.498.13821229744997220641575291927426543265,1.2.826.0.1.3680043.8.498.61958238336142943146815370989802580409,STIR CS_ AX,501,MR,KNEE,,,MONOCHROME2,b9d20b75-edf,,,Philips Healthcare,Ingenia,,FFS,1.2.840.10008.1.2.1,560,560,7,1.0,0.99478304;-0.10110892;0.013554195;0.099989682;0.99273771;0.066887103,-195.06684;-130.88677;-15.64233,0.28771234;0.28771234,4.0,7.718,1,16,12,11,0,2.41245,0.0
train_series\1.2.826.0.1.3680043.8.498.13821229744997220641575291927426543265\1.2.826.0.1.3680043.8.498.67934338876245018387567671299115268489.dcm,1.2.826.0.1.3680043.8.498.10004873229099053869093324292195817260,1.2.826.0.1.3680043.8.498.13821229744997220641575291927426543265,1.2.826.0.1.3680043.8.498.67934338876245018387567671299115268489,STIR CS_ AX,501,MR,KNEE,,,MONOCHROME2,b9d20b75-edf,,,Philips Healthcare,Ingenia,,FFS,1.2.840.10008.1.2.1,560,560,12,1.0,0.99478304;-0.10110892;0.013554195;0.099989682;0.99273771;0.066887103,-195.8471;-133.40223;22.858608,0.28771234;0.28771234,4.0,7.718,1,16,12,11,0,2.41245,0.0
train_series\1.2.826.0.1.3680043.8.498.13821229744997220641575291927426543265\1.2.826.0.1.3680043.8.498.86376033027879032223878542843846991204.dcm,1.2.826.0.1.3680043.8.498.10004873229099053869093324292195817260,1.2.826.0.1.3680043.8.498.13821229744997220641575291927426543265,1.2.826.0.1.3680043.8.498.86376033027879032223878542843846991204,STIR CS_ AX,501,MR,KNEE,,,MONOCHROME2,b9d20b75-edf,,,Philips Healthcare,Ingenia,,FFS,1.2.840.10008.1.2.1,560,560,9,1.0,0.99478304;-0.10110892;0.013554195;0.099989682;0.99273771;0.066887103,-195.37894;-131.89295;-0.24195513,0.28771234;0.28771234,4.0,7.718,1,16,12,11,0,2.41245,0.0
train_series\1.2.826.0.1.3680043.8.498.13821229744997220641575291927426543265\1.2.826.0.1.3680043.8.498.99141897331533744988402877734196839189.dcm,1.2.826.0.1.3680043.8.498.10004873229099053869093324292195817260,1.2.826.0.1.3680043.8.498.13821229744997220641575291927426543265,1.2.826.0.1.3680043.8.498.99141897331533744988402877734196839189,STIR CS_ AX,501,MR,KNEE,,,MONOCHROME2,b9d20b75-edf,,,Philips Healthcare,Ingenia,,FFS,1.2.840.10008.1.2.1,560,560,5,1.0,0.99478304;-0.10110892;0.013554195;0.099989682;0.99273771;0.066887103,-194.75474;-129.88058;-31.042706,0.28771234;0.28771234,4.0,7.718,1,16,12,11,0,2.41245,0.0
train_series\1.2.826.0.1.3680043.8.498.17496901872433262274477070632489305322\1.2.826.0.1.3680043.8.498.10517372290832154778936218589885142332.dcm,1.2.826.0.1.3680043.8.498.10013663742400736029415768216599146542,1.2.826.0.1.3680043.8.498.17496901872433262274477070632489305322,1.2.826.0.1.3680043.8.498.10517372290832154778936218589885142332,RT. PD_TSE_SAG,6,MR,KNEE,,*tse2d1_9,MONOCHROME2,0adaf01b-2dc,,,Siemens Healthineers,MAGNETOM Aera,R,FFS,1.2.840.10008.1.2.1,384,384,13,,0.220762;0.975328;-9.96666e-09;-0.0324433;0.00734342;-0.999447,-86.1098;-111.38;52.9528,0.416667;0.416667,3.0,3.3,1,16,12,11,0,1.0,0.0
train_series\1.2.826.0.1.3680043.8.498.17496901872433262274477070632489305322\1.2.826.0.1.3680043.8.498.10675011118974214440364841087807093914.dcm,1.2.826.0.1.3680043.8.498.10013663742400736029415768216599146542,1.2.826.0.1.3680043.8.498.17496901872433262274477070632489305322,1.2.826.0.1.3680043.8.498.10675011118974214440364841087807093914,RT. PD_TSE_SAG,6,MR,KNEE,,*tse2d1_9,MONOCHROME2,0adaf01b-2dc,,,Siemens Healthineers,MAGNETOM Aera,R,FFS,1.2.840.10008.1.2.1,384,384,27,,0.220762;0.975328;-9.96666e-09;-0.0324433;0.00734342;-0.999447,-131.145;-101.187;54.4896,0.416667;0.416667,3.0,3.3,1,16,12,11,0,1.0,0.0
train_series\1.2.826.0.1.3680043.8.498.17496901872433262274477070632489305322\1.2.826.0.1.3680043.8.498.10682253402970040014514446539694040970.dcm,1.2.826.0.1.3680043.8.498.10013663742400736029415768216599146542,1.2.826.0.1.3680043.8.498.17496901872433262274477070632489305322,1.2.826.0.1.3680043.8.498.10682253402970040014514446539694040970,RT. PD_TSE_SAG,6,MR,KNEE,,*tse2d1_9,MONOCHROME2,0adaf01b-2dc,,,Siemens Healthineers,MAGNETOM Aera,R,FFS,1.2.840.10008.1.2.1,384,384,2,,0.220762;0.975328;-9.96666e-09;-0.0324433;0.00734342;-0.999447,-50.725;-119.39;51.7453,0.416667;0.416667,3.0,3.3,1,16,12,11,0,1.0,0.0
train_series\1.2.826.0.1.3680043.8.498.17496901872433262274477070632489305322\1.2.826.0.1.3680043.8.498.11100705195806024811964886046110791980.dcm,1.2.826.0.1.3680043.8.498.10013663742400736029415768216599146542,1.2.826.0.1.3680043.8.498.17496901872433262274477070632489305322,1.2.826.0.1.3680043.8.498.11100705195806024811964886046110791980,RT. PD_TSE_SAG,6,MR,KNEE,,*tse2d1_9,MONOCHROME2,0adaf01b-2dc,,,Siemens Healthineers,MAGNETOM Aera,R,FFS,1.2.840.10008.1.2.1,384,384,34,,0.220762;0.975328;-9.96666e-09;-0.0324433;0.00734342;-0.999447,-153.663;-96.0901;55.258,0.416667;0.416667,3.0,3.3,1,16,12,11,0,1.0,0.0
train_series\1.2.826.0.1.3680043.8.498.17496901872433262274477070632489305322\1.2.826.0.1.3680043.8.498.11178132439136946578435142882099038323.dcm,1.2.826.0.1.3680043.8.498.10013663742400736029415768216599146542,1.2.826.0.1.3680043.8.498.17496901872433262274477070632489305322,1.2.826.0.1.3680043.8.498.11178132439136946578435142882099038323,RT. PD_TSE_SAG,6,MR,KNEE,,*tse2d1_9,MONOCHROME2,0adaf01b-2dc,,,Siemens Healthineers,MAGNETOM Aera,R,FFS,1.2.840.10008.1.2.1,384,384,1,,0.220762;0.975328;-9.96666e-09;-0.0324433;0.00734342;-0.999447,-47.5082;-120.118;51.6355,0.416667;0.416667,3.0,3.3,1,16,12,11,0,1.0,0.0
train_series\1.2.826.0.1.3680043.8.498.17496901872433262274477070632489305322\1.2.826.0.1.3680043.8.498.12332498824599411363715188194980615875.dcm,1.2.826.0.1.3680043.8.498.10013663742400736029415768216599146542,1.2.826.0.1.3680043.8.498.17496901872433262274477070632489305322,1.2.826.0.1.3680043.8.498.12332498824599411363715188194980615875,RT. PD_TSE_SAG,6,MR,KNEE,,*tse2d1_9,MONOCHROME2,0adaf01b-2dc,,,Siemens Healthineers,MAGNETOM Aera,R,FFS,1.2.840.10008.1.2.1,384,384,14,,0.220762;0.975328;-9.96666e-09;-0.0324433;0.00734342;-0.999447,-89.3266;-110.652;53.0625,0.416667;0.416667,3.0,3.3,1,16,12,11,0,1.0,0.0
train_series\1.2.826.0.1.3680043.8.498.17496901872433262274477070632489305322\1.2.826.0.1.3680043.8.498.12715493153071337983670683511095942078.dcm,1.2.826.0.1.3680043.8.498.10013663742400736029415768216599146542,1.2.826.0.1.3680043.8.498.17496901872433262274477070632489305322,1.2.826.0.1.3680043.8.498.12715493153071337983670683511095942078,RT. PD_TSE_SAG,6,MR,KNEE,,*tse2d1_9,MONOCHROME2,0adaf01b-2dc,,,Siemens Healthineers,MAGNETOM Aera,R,FFS,1.2.840.10008.1.2.1,384,384,6,,0.220762;0.975328;-9.96666e-09;-0.0324433;0.00734342;-0.999447,-63.5922;-116.477;52.1844,0.416667;0.416667,3.0,3.3,1,16,12,11,0,1.0,0.0
train_series\1.2.826.0.1.3680043.8.498.17496901872433262274477070632489305322\1.2.826.0.1.3680043.8.498.12770788884927122718201587691327505993.dcm,1.2.826.0.1.3680043.8.498.10013663742400736029415768216599146542,1.2.826.0.1.3680043.8.498.17496901872433262274477070632489305322,1.2.826.0.1.3680043.8.498.12770788884927122718201587691327505993,RT. PD_TSE_SAG,6,MR,KNEE,,*tse2d1_9,MONOCHROME2,0adaf01b-2dc,,,Siemens Healthineers,MAGNETOM Aera,R,FFS,1.2.840.10008.1.2.1,384,384,33,,0.220762;0.975328;-9.96666e-09;-0.0324433;0.00734342;-0.999447,-150.446;-96.8182;55.1482,0.416667;0.416667,3.0,3.3,1,16,12,11,0,1.0,0.0
train_series\1.2.826.0.1.3680043.8.498.17496901872433262274477070632489305322\1.2.826.0.1.3680043.8.498.14791311650047695311379826301295035238.dcm,1.2.826.0.1.3680043.8.498.10013663742400736029415768216599146542,1.2.826.0.1.3680043.8.498.17496901872433262274477070632489305322,1.2.826.0.1.3680043.8.498.14791311650047695311379826301295035238,RT. PD_TSE_SAG,6,MR,KNEE,,*tse2d1_9,MONOCHROME2,0adaf01b-2dc,,,Siemens Healthineers,MAGNETOM Aera,R,FFS,1.2.840.10008.1.2.1,384,384,19,,0.220762;0.975328;-9.96666e-09;-0.0324433;0.00734342;-0.999447,-105.411;-107.012;53.6114,0.416667;0.416667,3.0,3.3,1,16,12,11,0,1.0,0.0
train_series\1.2.826.0.1.3680043.8.498.17496901872433262274477070632489305322\1.2.826.0.1.3680043.8.498.15557130933621842107484891249011790022.dcm,1.2.826.0.1.3680043.8.498.10013663742400736029415768216599146542,1.2.826.0.1.3680043.8.498.17496901872433262274477070632489305322,1.2.826.0.1.3680043.8.498.15557130933621842107484891249011790022,RT. PD_TSE_SAG,6,MR,KNEE,,*tse2d1_9,MONOCHROME2,0adaf01b-2dc,,,Siemens Healthineers,MAGNETOM Aera,R,FFS,1.2.840.10008.1.2.1,384,384,16,,0.220762;0.975328;-9.96666e-09;-0.0324433;0.00734342;-0.999447,-95.7602;-109.196;53.2821,0.416667;0.416667,3.0,3.3,1,16,12,11,0,1.0,0.0
train_series\1.2.826.0.1.3680043.8.498.17496901872433262274477070632489305322\1.2.826.0.1.3680043.8.498.15931002483971938473663702486341147337.dcm,1.2.826.0.1.3680043.8.498.10013663742400736029415768216599146542,1.2.826.0.1.3680043.8.498.17496901872433262274477070632489305322,1.2.826.0.1.3680043.8.498.15931002483971938473663702486341147337,RT. PD_TSE_SAG,6,MR,KNEE,,*tse2d1_9,MONOCHROME2,0adaf01b-2dc,,,Siemens Healthineers,MAGNETOM Aera,R,FFS,1.2.840.10008.1.2.1,384,384,7,,0.220762;0.975328;-9.96666e-09;-0.0324433;0.00734342;-0.999447,-66.809;-115.749;52.2941,0.416667;0.416667,3.0,3.3,1,16,12,11,0,1.0,0.0
train_series\1.2.826.0.1.3680043.8.498.17496901872433262274477070632489305322\1.2.826.0.1.3680043.8.498.16899296164826594262345306482894338169.dcm,1.2.826.0.1.3680043.8.498.10013663742400736029415768216599146542,1.2.826.0.1.3680043.8.498.17496901872433262274477070632489305322,1.2.826.0.1.3680043.8.498.16899296164826594262345306482894338169,RT. PD_TSE_SAG,6,MR,KNEE,,*tse2d1_9,MONOCHROME2,0adaf01b-2dc,,,Siemens Healthineers,MAGNETOM Aera,R,FFS,1.2.840.10008.1.2.1,384,384,20,,0.220762;0.975328;-9.96666e-09;-0.0324433;0.00734342;-0.999447,-108.627;-106.284;53.7212,0.416667;0.416667,3.0,3.3,1,16,12,11,0,1.0,0.0
train_series\1.2.826.0.1.3680043.8.498.17496901872433262274477070632489305322\1.2.826.0.1.3680043.8.498.18869358044362245021732375569859988798.dcm,1.2.826.0.1.3680043.8.498.10013663742400736029415768216599146542,1.2.826.0.1.3680043.8.498.17496901872433262274477070632489305322,1.2.826.0.1.3680043.8.498.18869358044362245021732375569859988798,RT. PD_TSE_SAG,6,MR,KNEE,,*tse2d1_9,MONOCHROME2,0adaf01b-2dc,,,Siemens Healthineers,MAGNETOM Aera,R,FFS,1.2.840.10008.1.2.1,384,384,12,,0.220762;0.975328;-9.96666e-09;-0.0324433;0.00734342;-0.999447,-82.893;-112.109;52.843,0.416667;0.416667,3.0,3.3,1,16,12,11,0,1.0,0.0
train_series\1.2.826.0.1.3680043.8.498.17496901872433262274477070632489305322\1.2.826.0.1.3680043.8.498.20445449592104998124197058890700033618.dcm,1.2.826.0.1.3680043.8.498.10013663742400736029415768216599146542,1.2.826.0.1.3680043.8.498.17496901872433262274477070632489305322,1.2.826.0.1.3680043.8.498.20445449592104998124197058890700033618,RT. PD_TSE_SAG,6,MR,KNEE,,*tse2d1_9,MONOCHROME2,0adaf01b-2dc,,,Siemens Healthineers,MAGNETOM Aera,R,FFS,1.2.840.10008.1.2.1,384,384,29,,0.220762;0.975328;-9.96666e-09;-0.0324433;0.00734342;-0.999447,-137.579;-99.7306;54.7091,0.416667;0.416667,3.0,3.3,1,16,12,11,0,1.0,0.0
train_series\1.2.826.0.1.3680043.8.498.17496901872433262274477070632489305322\1.2.826.0.1.3680043.8.498.21574346683427566405969472150317782760.dcm,1.2.826.0.1.3680043.8.498.10013663742400736029415768216599146542,1.2.826.0.1.3680043.8.498.17496901872433262274477070632489305322,1.2.826.0.1.3680043.8.498.21574346683427566405969472150317782760,RT. PD_TSE_SAG,6,MR,KNEE,,*tse2d1_9,MONOCHROME2,0adaf01b-2dc,,,Siemens Healthineers,MAGNETOM Aera,R,FFS,1.2.840.10008.1.2.1,384,384,10,,0.220762;0.975328;-9.96666e-09;-0.0324433;0.00734342;-0.999447,-76.4594;-113.565;52.6235,0.416667;0.416667,3.0,3.3,1,16,12,11,0,1.0,0.0
train_series\1.2.826.0.1.3680043.8.498.17496901872433262274477070632489305322\1.2.826.0.1.3680043.8.498.26730424914111464913098050839618875837.dcm,1.2.826.0.1.3680043.8.498.10013663742400736029415768216599146542,1.2.826.0.1.3680043.8.498.17496901872433262274477070632489305322,1.2.826.0.1.3680043.8.498.26730424914111464913098050839618875837,RT. PD_TSE_SAG,6,MR,KNEE,,*tse2d1_9,MONOCHROME2,0adaf01b-2dc,,,Siemens Healthineers,MAGNETOM Aera,R,FFS,1.2.840.10008.1.2.1,384,384,28,,0.220762;0.975328;-9.96666e-09;-0.0324433;0.00734342;-0.999447,-134.362;-100.459;54.5993,0.416667;0.416667,3.0,3.3,1,16,12,11,0,1.0,0.0
train_series\1.2.826.0.1.3680043.8.498.17496901872433262274477070632489305322\1.2.826.0.1.3680043.8.498.30628981036488740213827454306130243543.dcm,1.2.826.0.1.3680043.8.498.10013663742400736029415768216599146542,1.2.826.0.1.3680043.8.498.17496901872433262274477070632489305322,1.2.826.0.1.3680043.8.498.30628981036488740213827454306130243543,RT. PD_TSE_SAG,6,MR,KNEE,,*tse2d1_9,MONOCHROME2,0adaf01b-2dc,,,Siemens Healthineers,MAGNETOM Aera,R,FFS,1.2.840.10008.1.2.1,384,384,25,,0.220762;0.975328;-9.96666e-09;-0.0324433;0.00734342;-0.999447,-124.711;-102.643;54.27,0.416667;0.416667,3.0,3.3,1,16,12,11,0,1.0,0.0
train_series\1.2.826.0.1.3680043.8.498.17496901872433262274477070632489305322\1.2.826.0.1.3680043.8.498.40137449719083131264940339483076807874.dcm,1.2.826.0.1.3680043.8.498.10013663742400736029415768216599146542,1.2.826.0.1.3680043.8.498.17496901872433262274477070632489305322,1.2.826.0.1.3680043.8.498.40137449719083131264940339483076807874,RT. PD_TSE_SAG,6,MR,KNEE,,*tse2d1_9,MONOCHROME2,0adaf01b-2dc,,,Siemens Healthineers,MAGNETOM Aera,R,FFS,1.2.840.10008.1.2.1,384,384,4,,0.220762;0.975328;-9.96666e-09;-0.0324433;0.00734342;-0.999447,-57.1586;-117.933;51.9648,0.416667;0.416667,3.0,3.3,1,16,12,11,0,1.0,0.0
train_series\1.2.826.0.1.3680043.8.498.17496901872433262274477070632489305322\1.2.826.0.1.3680043.8.498.40551864734984046434581032903139610318.dcm,1.2.826.0.1.3680043.8.498.10013663742400736029415768216599146542,1.2.826.0.1.3680043.8.498.17496901872433262274477070632489305322,1.2.826.0.1.3680043.8.498.40551864734984046434581032903139610318,RT. PD_TSE_SAG,6,MR,KNEE,,*tse2d1_9,MONOCHROME2,0adaf01b-2dc,,,Siemens Healthineers,MAGNETOM Aera,R,FFS,1.2.840.10008.1.2.1,384,384,9,,0.220762;0.975328;-9.96666e-09;-0.0324433;0.00734342;-0.999447,-73.2426;-114.293;52.5137,0.416667;0.416667,3.0,3.3,1,16,12,11,0,1.0,0.0
train_series\1.2.826.0.1.3680043.8.498.17496901872433262274477070632489305322\1.2.826.0.1.3680043.8.498.41014476780411995039013472723162297825.dcm,1.2.826.0.1.3680043.8.498.10013663742400736029415768216599146542,1.2.826.0.1.3680043.8.498.17496901872433262274477070632489305322,1.2.826.0.1.3680043.8.498.41014476780411995039013472723162297825,RT. PD_TSE_SAG,6,MR,KNEE,,*tse2d1_9,MONOCHROME2,0adaf01b-2dc,,,Siemens Healthineers,MAGNETOM Aera,R,FFS,1.2.840.10008.1.2.1,384,384,30,,0.220762;0.975328;-9.96666e-09;-0.0324433;0.00734342;-0.999447,-140.795;-99.0025;54.8189,0.416667;0.416667,3.0,3.3,1,16,12,11,0,1.0,0.0
train_series\1.2.826.0.1.3680043.8.498.17496901872433262274477070632489305322\1.2.826.0.1.3680043.8.498.55054265600123083913812289828838090432.dcm,1.2.826.0.1.3680043.8.498.10013663742400736029415768216599146542,1.2.826.0.1.3680043.8.498.17496901872433262274477070632489305322,1.2.826.0.1.3680043.8.498.55054265600123083913812289828838090432,RT. PD_TSE_SAG,6,MR,KNEE,,*tse2d1_9,MONOCHROME2,0adaf01b-2dc,,,Siemens Healthineers,MAGNETOM Aera,R,FFS,1.2.840.10008.1.2.1,384,384,18,,0.220762;0.975328;-9.96666e-09;-0.0324433;0.00734342;-0.999447,-102.194;-107.74;53.5016,0.416667;0.416667,3.0,3.3,1,16,12,11,0,1.0,0.0
train_series\1.2.826.0.1.3680043.8.498.17496901872433262274477070632489305322\1.2.826.0.1.3680043.8.498.58689800903835547146189796464102329220.dcm,1.2.826.0.1.3680043.8.498.10013663742400736029415768216599146542,1.2.826.0.1.3680043.8.498.17496901872433262274477070632489305322,1.2.826.0.1.3680043.8.498.58689800903835547146189796464102329220,RT. PD_TSE_SAG,6,MR,KNEE,,*tse2d1_9,MONOCHROME2,0adaf01b-2dc,,,Siemens Healthineers,MAGNETOM Aera,R,FFS,1.2.840.10008.1.2.1,384,384,32,,0.220762;0.975328;-9.96666e-09;-0.0324433;0.00734342;-0.999447,-147.229;-97.5463;55.0384,0.416667;0.416667,3.0,3.3,1,16,12,11,0,1.0,0.0
train_series\1.2.826.0.1.3680043.8.498.17496901872433262274477070632489305322\1.2.826.0.1.3680043.8.498.61284160748378630094709225285707465548.dcm,1.2.826.0.1.3680043.8.498.10013663742400736029415768216599146542,1.2.826.0.1.3680043.8.498.17496901872433262274477070632489305322,1.2.826.0.1.3680043.8.498.61284160748378630094709225285707465548,RT. PD_TSE_SAG,6,MR,KNEE,,*tse2d1_9,MONOCHROME2,0adaf01b-2dc,,,Siemens Healthineers,MAGNETOM Aera,R,FFS,1.2.840.10008.1.2.1,384,384,15,,0.220762;0.975328;-9.96666e-09;-0.0324433;0.00734342;-0.999447,-92.5434;-109.924;53.1723,0.416667;0.416667,3.0,3.3,1,16,12,11,0,1.0,0.0
train_series\1.2.826.0.1.3680043.8.498.17496901872433262274477070632489305322\1.2.826.0.1.3680043.8.498.61300645044300862265784950990171083624.dcm,1.2.826.0.1.3680043.8.498.10013663742400736029415768216599146542,1.2.826.0.1.3680043.8.498.17496901872433262274477070632489305322,1.2.826.0.1.3680043.8.498.61300645044300862265784950990171083624,RT. PD_TSE_SAG,6,MR,KNEE,,*tse2d1_9,MONOCHROME2,0adaf01b-2dc,,,Siemens Healthineers,MAGNETOM Aera,R,FFS,1.2.840.10008.1.2.1,384,384,11,,0.220762;0.975328;-9.96666e-09;-0.0324433;0.00734342;-0.999447,-79.6762;-112.837;52.7332,0.416667;0.416667,3.0,3.3,1,16,12,11,0,1.0,0.0
train_series\1.2.826.0.1.3680043.8.498.17496901872433262274477070632489305322\1.2.826.0.1.3680043.8.498.61827810140776510829832466691304838374.dcm,1.2.826.0.1.3680043.8.498.10013663742400736029415768216599146542,1.2.826.0.1.3680043.8.498.17496901872433262274477070632489305322,1.2.826.0.1.3680043.8.498.61827810140776510829832466691304838374,RT. PD_TSE_SAG,6,MR,KNEE,,*tse2d1_9,MONOCHROME2,0adaf01b-2dc,,,Siemens Healthineers,MAGNETOM Aera,R,FFS,1.2.840.10008.1.2.1,384,384,17,,0.220762;0.975328;-9.96666e-09;-0.0324433;0.00734342;-0.999447,-98.977;-108.468;53.3919,0.416667;0.416667,3.0,3.3,1,16,12,11,0,1.0,0.0
train_series\1.2.826.0.1.3680043.8.498.17496901872433262274477070632489305322\1.2.826.0.1.3680043.8.498.68648843256278200706171262071209822532.dcm,1.2.826.0.1.3680043.8.498.10013663742400736029415768216599146542,1.2.826.0.1.3680043.8.498.17496901872433262274477070632489305322,1.2.826.0.1.3680043.8.498.68648843256278200706171262071209822532,RT. PD_TSE_SAG,6,MR,KNEE,,*tse2d1_9,MONOCHROME2,0adaf01b-2dc,,,Siemens Healthineers,MAGNETOM Aera,R,FFS,1.2.840.10008.1.2.1,384,384,35,,0.220762;0.975328;-9.96666e-09;-0.0324433;0.00734342;-0.999447,-156.879;-95.362;55.3677,0.416667;0.416667,3.0,3.3,1,16,12,11,0,1.0,0.0
train_series\1.2.826.0.1.3680043.8.498.17496901872433262274477070632489305322\1.2.826.0.1.3680043.8.498.69746245965578777304599819838879065745.dcm,1.2.826.0.1.3680043.8.498.10013663742400736029415768216599146542,1.2.826.0.1.3680043.8.498.17496901872433262274477070632489305322,1.2.826.0.1.3680043.8.498.69746245965578777304599819838879065745,RT. PD_TSE_SAG,6,MR,KNEE,,*tse2d1_9,MONOCHROME2,0adaf01b-2dc,,,Siemens Healthineers,MAGNETOM Aera,R,FFS,1.2.840.10008.1.2.1,384,384,23,,0.220762;0.975328;-9.96666e-09;-0.0324433;0.00734342;-0.999447,-118.278;-104.099;54.0505,0.416667;0.416667,3.0,3.3,1,16,12,11,0,1.0,0.0
train_series\1.2.826.0.1.3680043.8.498.17496901872433262274477070632489305322\1.2.826.0.1.3680043.8.498.71016189314946175888111136293282015197.dcm,1.2.826.0.1.3680043.8.498.10013663742400736029415768216599146542,1.2.826.0.1.3680043.8.498.17496901872433262274477070632489305322,1.2.826.0.1.3680043.8.498.71016189314946175888111136293282015197,RT. PD_TSE_SAG,6,MR,KNEE,,*tse2d1_9,MONOCHROME2,0adaf01b-2dc,,,Siemens Healthineers,MAGNETOM Aera,R,FFS,1.2.840.10008.1.2.1,384,384,31,,0.220762;0.975328;-9.96666e-09;-0.0324433;0.00734342;-0.999447,-144.012;-98.2744;54.9287,0.416667;0.416667,3.0,3.3,1,16,12,11,0,1.0,0.0
train_series\1.2.826.0.1.3680043.8.498.17496901872433262274477070632489305322\1.2.826.0.1.3680043.8.498.74668130106434200486845300000656412369.dcm,1.2.826.0.1.3680043.8.498.10013663742400736029415768216599146542,1.2.826.0.1.3680043.8.498.17496901872433262274477070632489305322,1.2.826.0.1.3680043.8.498.74668130106434200486845300000656412369,RT. PD_TSE_SAG,6,MR,KNEE,,*tse2d1_9,MONOCHROME2,0adaf01b-2dc,,,Siemens Healthineers,MAGNETOM Aera,R,FFS,1.2.840.10008.1.2.1,384,384,26,,0.220762;0.975328;-9.96666e-09;-0.0324433;0.00734342;-0.999447,-127.928;-101.915;54.3798,0.416667;0.416667,3.0,3.3,1,16,12,11,0,1.0,0.0
train_series\1.2.826.0.1.3680043.8.498.17496901872433262274477070632489305322\1.2.826.0.1.3680043.8.498.85641427019205416443724385091454336380.dcm,1.2.826.0.1.3680043.8.498.10013663742400736029415768216599146542,1.2.826.0.1.3680043.8.498.17496901872433262274477070632489305322,1.2.826.0.1.3680043.8.498.85641427019205416443724385091454336380,RT. PD_TSE_SAG,6,MR,KNEE,,*tse2d1_9,MONOCHROME2,0adaf01b-2dc,,,Siemens Healthineers,MAGNETOM Aera,R,FFS,1.2.840.10008.1.2.1,384,384,3,,0.220762;0.975328;-9.96666e-09;-0.0324433;0.00734342;-0.999447,-53.9418;-118.662;51.8551,0.416667;0.416667,3.0,3.3,1,16,12,11,0,1.0,0.0
train_series\1.2.826.0.1.3680043.8.498.17496901872433262274477070632489305322\1.2.826.0.1.3680043.8.498.90616751413693551109536226003728770094.dcm,1.2.826.0.1.3680043.8.498.10013663742400736029415768216599146542,1.2.826.0.1.3680043.8.498.17496901872433262274477070632489305322,1.2.826.0.1.3680043.8.498.90616751413693551109536226003728770094,RT. PD_TSE_SAG,6,MR,KNEE,,*tse2d1_9,MONOCHROME2,0adaf01b-2dc,,,Siemens Healthineers,MAGNETOM Aera,R,FFS,1.2.840.10008.1.2.1,384,384,5,,0.220762;0.975328;-9.96666e-09;-0.0324433;0.00734342;-0.999447,-60.3754;-117.205;52.0746,0.416667;0.416667,3.0,3.3,1,16,12,11,0,1.0,0.0
train_series\1.2.826.0.1.3680043.8.498.17496901872433262274477070632489305322\1.2.826.0.1.3680043.8.498.95740446102031557582557219644379514177.dcm,1.2.826.0.1.3680043.8.498.10013663742400736029415768216599146542,1.2.826.0.1.3680043.8.498.17496901872433262274477070632489305322,1.2.826.0.1.3680043.8.498.95740446102031557582557219644379514177,RT. PD_TSE_SAG,6,MR,KNEE,,*tse2d1_9,MONOCHROME2,0adaf01b-2dc,,,Siemens Healthineers,MAGNETOM Aera,R,FFS,1.2.840.10008.1.2.1,384,384,8,,0.220762;0.975328;-9.96666e-09;-0.0324433;0.00734342;-0.999447,-70.0258;-115.021;52.4039,0.416667;0.416667,3.0,3.3,1,16,12,11,0,1.0,0.0
train_series\1.2.826.0.1.3680043.8.498.17496901872433262274477070632489305322\1.2.826.0.1.3680043.8.498.95811560945253010422163714057223444472.dcm,1.2.826.0.1.3680043.8.498.10013663742400736029415768216599146542,1.2.826.0.1.3680043.8.498.17496901872433262274477070632489305322,1.2.826.0.1.3680043.8.498.95811560945253010422163714057223444472,RT. PD_TSE_SAG,6,MR,KNEE,,*tse2d1_9,MONOCHROME2,0adaf01b-2dc,,,Siemens Healthineers,MAGNETOM Aera,R,FFS,1.2.840.10008.1.2.1,384,384,21,,0.220762;0.975328;-9.96666e-09;-0.0324433;0.00734342;-0.999447,-111.844;-105.556;53.8309,0.416667;0.416667,3.0,3.3,1,16,12,11,0,1.0,0.0
train_series\1.2.826.0.1.3680043.8.498.17496901872433262274477070632489305322\1.2.826.0.1.3680043.8.498.97137645174468434503316301740017933817.dcm,1.2.826.0.1.3680043.8.498.10013663742400736029415768216599146542,1.2.826.0.1.3680043.8.498.17496901872433262274477070632489305322,1.2.826.0.1.3680043.8.498.97137645174468434503316301740017933817,RT. PD_TSE_SAG,6,MR,KNEE,,*tse2d1_9,MONOCHROME2,0adaf01b-2dc,,,Siemens Healthineers,MAGNETOM Aera,R,FFS,1.2.840.10008.1.2.1,384,384,22,,0.220762;0.975328;-9.96666e-09;-0.0324433;0.00734342;-0.999447,-115.061;-104.827;53.9407,0.416667;0.416667,3.0,3.3,1,16,12,11,0,1.0,0.0
train_series\1.2.826.0.1.3680043.8.498.17496901872433262274477070632489305322\1.2.826.0.1.3680043.8.498.99066865447518453550904922119484598917.dcm,1.2.826.0.1.3680043.8.498.10013663742400736029415768216599146542,1.2.826.0.1.3680043.8.498.17496901872433262274477070632489305322,1.2.826.0.1.3680043.8.498.99066865447518453550904922119484598917,RT. PD_TSE_SAG,6,MR,KNEE,,*tse2d1_9,MONOCHROME2,0adaf01b-2dc,,,Siemens Healthineers,MAGNETOM Aera,R,FFS,1.2.840.10008.1.2.1,384,384,24,,0.220762;0.975328;-9.96666e-09;-0.0324433;0.00734342;-0.999447,-121.495;-103.371;54.1603,0.416667;0.416667,3.0,3.3,1,16,12,11,0,1.0,0.0
train_series\1.2.826.0.1.3680043.8.498.18313433830014722992362938871973097711\1.2.826.0.1.3680043.8.498.10344718495966096221578770232362146991.dcm,1.2.826.0.1.3680043.8.498.10009639203170750274174707434356622764,1.2.826.0.1.3680043.8.498.18313433830014722992362938871973097711,1.2.826.0.1.3680043.8.498.10344718495966096221578770232362146991,LT_pd_tse_fs_sag,5,MR,KNEE,,*tse2d1rr9,MONOCHROME2,fd7379f0-da7,,,SIEMENS,Aera,L,FFS,1.2.840.10008.1.2.1,640,640,20,,0.1150452;0.99336026;3.558015e-09;0.043042667;-0.0049849474;-0.9990608,83.574528;-102.96079;68.671663,0.25;0.25,3.0,3.6,1,16,12,11,0,,
train_series\1.2.826.0.1.3680043.8.498.18313433830014722992362938871973097711\1.2.826.0.1.3680043.8.498.10379248530649788411042594239990366217.dcm,1.2.826.0.1.3680043.8.498.10009639203170750274174707434356622764,1.2.826.0.1.3680043.8.498.18313433830014722992362938871973097711,1.2.826.0.1.3680043.8.498.10379248530649788411042594239990366217,LT_pd_tse_fs_sag,5,MR,KNEE,,*tse2d1rr9,MONOCHROME2,fd7379f0-da7,,,SIEMENS,Aera,L,FFS,1.2.840.10008.1.2.1,640,640,16,,0.1150452;0.99336026;3.558015e-09;0.043042667;-0.0049849474;-0.9990608,69.283574;-101.3057;68.047706,0.25;0.25,3.0,3.6,1,16,12,11,0,,
train_series\1.2.826.0.1.3680043.8.498.18313433830014722992362938871973097711\1.2.826.0.1.3680043.8.498.10535183580358237226337888610770419446.dcm,1.2.826.0.1.3680043.8.498.10009639203170750274174707434356622764,1.2.826.0.1.3680043.8.498.18313433830014722992362938871973097711,1.2.826.0.1.3680043.8.498.10535183580358237226337888610770419446,LT_pd_tse_fs_sag,5,MR,KNEE,,*tse2d1rr9,MONOCHROME2,fd7379f0-da7,,,SIEMENS,Aera,L,FFS,1.2.840.10008.1.2.1,640,640,4,,0.1150452;0.99336026;3.558015e-09;0.043042667;-0.0049849474;-0.9990608,26.410714;-96.340412;66.175836,0.25;0.25,3.0,3.6,1,16,12,11,0,,
train_series\1.2.826.0.1.3680043.8.498.18313433830014722992362938871973097711\1.2.826.0.1.3680043.8.498.10987372423991070707796039676013317792.dcm,1.2.826.0.1.3680043.8.498.10009639203170750274174707434356622764,1.2.826.0.1.3680043.8.498.18313433830014722992362938871973097711,1.2.826.0.1.3680043.8.498.10987372423991070707796039676013317792,LT_pd_tse_fs_sag,5,MR,KNEE,,*tse2d1rr9,MONOCHROME2,fd7379f0-da7,,,SIEMENS,Aera,L,FFS,1.2.840.10008.1.2.1,640,640,11,,0.1150452;0.99336026;3.558015e-09;0.043042667;-0.0049849474;-0.9990608,51.41988;-99.236828;67.267761,0.25;0.25,3.0,3.6,1,16,12,11,0,,
train_series\1.2.826.0.1.3680043.8.498.18313433830014722992362938871973097711\1.2.826.0.1.3680043.8.498.11343836882071804487924527081253113929.dcm,1.2.826.0.1.3680043.8.498.10009639203170750274174707434356622764,1.2.826.0.1.3680043.8.498.18313433830014722992362938871973097711,1.2.826.0.1.3680043.8.498.11343836882071804487924527081253113929,LT_pd_tse_fs_sag,5,MR,KNEE,,*tse2d1rr9,MONOCHROME2,fd7379f0-da7,,,SIEMENS,Aera,L,FFS,1.2.840.10008.1.2.1,640,640,3,,0.1150452;0.99336026;3.558015e-09;0.043042667;-0.0049849474;-0.9990608,22.837975;-95.926638;66.019848,0.25;0.25,3.0,3.6,1,16,12,11,0,,
train_series\1.2.826.0.1.3680043.8.498.18313433830014722992362938871973097711\1.2.826.0.1.3680043.8.498.11640695587497710949874840693362208560.dcm,1.2.826.0.1.3680043.8.498.10009639203170750274174707434356622764,1.2.826.0.1.3680043.8.498.18313433830014722992362938871973097711,1.2.826.0.1.3680043.8.498.11640695587497710949874840693362208560,LT_pd_tse_fs_sag,5,MR,KNEE,,*tse2d1rr9,MONOCHROME2,fd7379f0-da7,,,SIEMENS,Aera,L,FFS,1.2.840.10008.1.2.1,640,640,28,,0.1150452;0.99336026;3.558015e-09;0.043042667;-0.0049849474;-0.9990608,112.15643;-106.27098;69.919575,0.25;0.25,3.0,3.6,1,16,12,11,0,,
train_series\1.2.826.0.1.3680043.8.498.18313433830014722992362938871973097711\1.2.826.0.1.3680043.8.498.12176426549634607418473832514912188229.dcm,1.2.826.0.1.3680043.8.498.10009639203170750274174707434356622764,1.2.826.0.1.3680043.8.498.18313433830014722992362938871973097711,1.2.826.0.1.3680043.8.498.12176426549634607418473832514912188229,LT_pd_tse_fs_sag,5,MR,KNEE,,*tse2d1rr9,MONOCHROME2,fd7379f0-da7,,,SIEMENS,Aera,L,FFS,1.2.840.10008.1.2.1,640,640,1,,0.1150452;0.99336026;3.558015e-09;0.043042667;-0.0049849474;-0.9990608,15.6925;-95.099091;65.707869,0.25;0.25,3.0,3.6,1,16,12,11,0,,
train_series\1.2.826.0.1.3680043.8.498.18313433830014722992362938871973097711\1.2.826.0.1.3680043.8.498.12426852903520392586425811800563495408.dcm,1.2.826.0.1.3680043.8.498.10009639203170750274174707434356622764,1.2.826.0.1.3680043.8.498.18313433830014722992362938871973097711,1.2.826.0.1.3680043.8.498.12426852903520392586425811800563495408,LT_pd_tse_fs_sag,5,MR,KNEE,,*tse2d1rr9,MONOCHROME2,fd7379f0-da7,,,SIEMENS,Aera,L,FFS,1.2.840.10008.1.2.1,640,640,26,,0.1150452;0.99336026;3.558015e-09;0.043042667;-0.0049849474;-0.9990608,105.01096;-105.44343;69.607597,0.25;0.25,3.0,3.6,1,16,12,11,0,,
train_series\1.2.826.0.1.3680043.8.498.18313433830014722992362938871973097711\1.2.826.0.1.3680043.8.498.12439328692040372680807419306973241449.dcm,1.2.826.0.1.3680043.8.498.10009639203170750274174707434356622764,1.2.826.0.1.3680043.8.498.18313433830014722992362938871973097711,1.2.826.0.1.3680043.8.498.12439328692040372680807419306973241449,LT_pd_tse_fs_sag,5,MR,KNEE,,*tse2d1rr9,MONOCHROME2,fd7379f0-da7,,,SIEMENS,Aera,L,FFS,1.2.840.10008.1.2.1,640,640,2,,0.1150452;0.99336026;3.558015e-09;0.043042667;-0.0049849474;-0.9990608,19.265238;-95.512864;65.863858,0.25;0.25,3.0,3.6,1,16,12,11,0,,
train_series\1.2.826.0.1.3680043.8.498.18313433830014722992362938871973097711\1.2.826.0.1.3680043.8.498.12487606065128889195697411187056640725.dcm,1.2.826.0.1.3680043.8.498.10009639203170750274174707434356622764,1.2.826.0.1.3680043.8.498.18313433830014722992362938871973097711,1.2.826.0.1.3680043.8.498.12487606065128889195697411187056640725,LT_pd_tse_fs_sag,5,MR,KNEE,,*tse2d1rr9,MONOCHROME2,fd7379f0-da7,,,SIEMENS,Aera,L,FFS,1.2.840.10008.1.2.1,640,640,17,,0.1150452;0.99336026;3.558015e-09;0.043042667;-0.0049849474;-0.9990608,72.856312;-101.71947;68.203695,0.25;0.25,3.0,3.6,1,16,12,11,0,,
train_series\1.2.826.0.1.3680043.8.498.18313433830014722992362938871973097711\1.2.826.0.1.3680043.8.498.12752540952212343564778279606725969249.dcm,1.2.826.0.1.3680043.8.498.10009639203170750274174707434356622764,1.2.826.0.1.3680043.8.498.18313433830014722992362938871973097711,1.2.826.0.1.3680043.8.498.12752540952212343564778279606725969249,LT_pd_tse_fs_sag,5,MR,KNEE,,*tse2d1rr9,MONOCHROME2,fd7379f0-da7,,,SIEMENS,Aera,L,FFS,1.2.840.10008.1.2.1,640,640,13,,0.1150452;0.99336026;3.558015e-09;0.043042667;-0.0049849474;-0.9990608,58.565358;-100.06438;67.579738,0.25;0.25,3.0,3.6,1,16,12,11,0,,
train_series\1.2.826.0.1.3680043.8.498.18313433830014722992362938871973097711\1.2.826.0.1.3680043.8.498.13119478475311445719077748531525901324.dcm,1.2.826.0.1.3680043.8.498.10009639203170750274174707434356622764,1.2.826.0.1.3680043.8.498.18313433830014722992362938871973097711,1.2.826.0.1.3680043.8.498.13119478475311445719077748531525901324,LT_pd_tse_fs_sag,5,MR,KNEE,,*tse2d1rr9,MONOCHROME2,fd7379f0-da7,,,SIEMENS,Aera,L,FFS,1.2.840.10008.1.2.1,640,640,10,,0.1150452;0.99336026;3.558015e-09;0.043042667;-0.0049849474;-0.9990608,47.847146;-98.823054;67.111771,0.25;0.25,3.0,3.6,1,16,12,11,0,,
train_series\1.2.826.0.1.3680043.8.498.18313433830014722992362938871973097711\1.2.826.0.1.3680043.8.498.14089569502739021629573582857679226873.dcm,1.2.826.0.1.3680043.8.498.10009639203170750274174707434356622764,1.2.826.0.1.3680043.8.498.18313433830014722992362938871973097711,1.2.826.0.1.3680043.8.498.14089569502739021629573582857679226873,LT_pd_tse_fs_sag,5,MR,KNEE,,*tse2d1rr9,MONOCHROME2,fd7379f0-da7,,,SIEMENS,Aera,L,FFS,1.2.840.10008.1.2.1,640,640,24,,0.1150452;0.99336026;3.558015e-09;0.043042667;-0.0049849474;-0.9990608,97.865483;-104.61589;69.295619,0.25;0.25,3.0,3.6,1,16,12,11,0,,
train_series\1.2.826.0.1.3680043.8.498.18313433830014722992362938871973097711\1.2.826.0.1.3680043.8.498.16548402803121022797922535176191210653.dcm,1.2.826.0.1.3680043.8.498.10009639203170750274174707434356622764,1.2.826.0.1.3680043.8.498.18313433830014722992362938871973097711,1.2.826.0.1.3680043.8.498.16548402803121022797922535176191210653,LT_pd_tse_fs_sag,5,MR,KNEE,,*tse2d1rr9,MONOCHROME2,fd7379f0-da7,,,SIEMENS,Aera,L,FFS,1.2.840.10008.1.2.1,640,640,12,,0.1150452;0.99336026;3.558015e-09;0.043042667;-0.0049849474;-0.9990608,54.992619;-99.650601;67.42375,0.25;0.25,3.0,3.6,1,16,12,11,0,,
train_series\1.2.826.0.1.3680043.8.498.18313433830014722992362938871973097711\1.2.826.0.1.3680043.8.498.22827544073325679846010856915492452534.dcm,1.2.826.0.1.3680043.8.498.10009639203170750274174707434356622764,1.2.826.0.1.3680043.8.498.18313433830014722992362938871973097711,1.2.826.0.1.3680043.8.498.22827544073325679846010856915492452534,LT_pd_tse_fs_sag,5,MR,KNEE,,*tse2d1rr9,MONOCHROME2,fd7379f0-da7,,,SIEMENS,Aera,L,FFS,1.2.840.10008.1.2.1,640,640,21,,0.1150452;0.99336026;3.558015e-09;0.043042667;-0.0049849474;-0.9990608,87.147267;-103.37457;68.827652,0.25;0.25,3.0,3.6,1,16,12,11,0,,
train_series\1.2.826.0.1.3680043.8.498.18313433830014722992362938871973097711\1.2.826.0.1.3680043.8.498.26033216172917132751445537311899733923.dcm,1.2.826.0.1.3680043.8.498.10009639203170750274174707434356622764,1.2.826.0.1.3680043.8.498.18313433830014722992362938871973097711,1.2.826.0.1.3680043.8.498.26033216172917132751445537311899733923,LT_pd_tse_fs_sag,5,MR,KNEE,,*tse2d1rr9,MONOCHROME2,fd7379f0-da7,,,SIEMENS,Aera,L,FFS,1.2.840.10008.1.2.1,640,640,6,,0.1150452;0.99336026;3.558015e-09;0.043042667;-0.0049849474;-0.9990608,33.556191;-97.16796;66.487815,0.25;0.25,3.0,3.6,1,16,12,11,0,,
train_series\1.2.826.0.1.3680043.8.498.18313433830014722992362938871973097711\1.2.826.0.1.3680043.8.498.28819272157256403640330840615385719299.dcm,1.2.826.0.1.3680043.8.498.10009639203170750274174707434356622764,1.2.826.0.1.3680043.8.498.18313433830014722992362938871973097711,1.2.826.0.1.3680043.8.498.28819272157256403640330840615385719299,LT_pd_tse_fs_sag,5,MR,KNEE,,*tse2d1rr9,MONOCHROME2,fd7379f0-da7,,,SIEMENS,Aera,L,FFS,1.2.840.10008.1.2.1,640,640,8,,0.1150452;0.99336026;3.558015e-09;0.043042667;-0.0049849474;-0.9990608,40.701668;-97.995507;66.799793,0.25;0.25,3.0,3.6,1,16,12,11,0,,
train_series\1.2.826.0.1.3680043.8.498.18313433830014722992362938871973097711\1.2.826.0.1.3680043.8.498.38788907091026280799813112780434729657.dcm,1.2.826.0.1.3680043.8.498.10009639203170750274174707434356622764,1.2.826.0.1.3680043.8.498.18313433830014722992362938871973097711,1.2.826.0.1.3680043.8.498.38788907091026280799813112780434729657,LT_pd_tse_fs_sag,5,MR,KNEE,,*tse2d1rr9,MONOCHROME2,fd7379f0-da7,,,SIEMENS,Aera,L,FFS,1.2.840.10008.1.2.1,640,640,29,,0.1150452;0.99336026;3.558015e-09;0.043042667;-0.0049849474;-0.9990608,115.72918;-106.68476;70.075565,0.25;0.25,3.0,3.6,1,16,12,11,0,,
train_series\1.2.826.0.1.3680043.8.498.18313433830014722992362938871973097711\1.2.826.0.1.3680043.8.498.43146314666452009153566838223043652698.dcm,1.2.826.0.1.3680043.8.498.10009639203170750274174707434356622764,1.2.826.0.1.3680043.8.498.18313433830014722992362938871973097711,1.2.826.0.1.3680043.8.498.43146314666452009153566838223043652698,LT_pd_tse_fs_sag,5,MR,KNEE,,*tse2d1rr9,MONOCHROME2,fd7379f0-da7,,,SIEMENS,Aera,L,FFS,1.2.840.10008.1.2.1,640,640,15,,0.1150452;0.99336026;3.558015e-09;0.043042667;-0.0049849474;-0.9990608,65.710835;-100.89192;67.891717,0.25;0.25,3.0,3.6,1,16,12,11,0,,
train_series\1.2.826.0.1.3680043.8.498.18313433830014722992362938871973097711\1.2.826.0.1.3680043.8.498.43493769060341455098098609155442607387.dcm,1.2.826.0.1.3680043.8.498.10009639203170750274174707434356622764,1.2.826.0.1.3680043.8.498.18313433830014722992362938871973097711,1.2.826.0.1.3680043.8.498.43493769060341455098098609155442607387,LT_pd_tse_fs_sag,5,MR,KNEE,,*tse2d1rr9,MONOCHROME2,fd7379f0-da7,,,SIEMENS,Aera,L,FFS,1.2.840.10008.1.2.1,640,640,5,,0.1150452;0.99336026;3.558015e-09;0.043042667;-0.0049849474;-0.9990608,29.983452;-96.754185;66.331826,0.25;0.25,3.0,3.6,1,16,12,11,0,,
train_series\1.2.826.0.1.3680043.8.498.18313433830014722992362938871973097711\1.2.826.0.1.3680043.8.498.46848988663938395993212214445505857429.dcm,1.2.826.0.1.3680043.8.498.10009639203170750274174707434356622764,1.2.826.0.1.3680043.8.498.18313433830014722992362938871973097711,1.2.826.0.1.3680043.8.498.46848988663938395993212214445505857429,LT_pd_tse_fs_sag,5,MR,KNEE,,*tse2d1rr9,MONOCHROME2,fd7379f0-da7,,,SIEMENS,Aera,L,FFS,1.2.840.10008.1.2.1,640,640,23,,0.1150452;0.99336026;3.558015e-09;0.043042667;-0.0049849474;-0.9990608,94.292744;-104.20211;69.13963,0.25;0.25,3.0,3.6,1,16,12,11,0,,
train_series\1.2.826.0.1.3680043.8.498.18313433830014722992362938871973097711\1.2.826.0.1.3680043.8.498.54317310813207105424924040239927711544.dcm,1.2.826.0.1.3680043.8.498.10009639203170750274174707434356622764,1.2.826.0.1.3680043.8.498.18313433830014722992362938871973097711,1.2.826.0.1.3680043.8.498.54317310813207105424924040239927711544,LT_pd_tse_fs_sag,5,MR,KNEE,,*tse2d1rr9,MONOCHROME2,fd7379f0-da7,,,SIEMENS,Aera,L,FFS,1.2.840.10008.1.2.1,640,640,14,,0.1150452;0.99336026;3.558015e-09;0.043042667;-0.0049849474;-0.9990608,62.138096;-100.47815;67.735728,0.25;0.25,3.0,3.6,1,16,12,11,0,,
train_series\1.2.826.0.1.3680043.8.498.18313433830014722992362938871973097711\1.2.826.0.1.3680043.8.498.56788288186419181612317080308053779121.dcm,1.2.826.0.1.3680043.8.498.10009639203170750274174707434356622764,1.2.826.0.1.3680043.8.498.18313433830014722992362938871973097711,1.2.826.0.1.3680043.8.498.56788288186419181612317080308053779121,LT_pd_tse_fs_sag,5,MR,KNEE,,*tse2d1rr9,MONOCHROME2,fd7379f0-da7,,,SIEMENS,Aera,L,FFS,1.2.840.10008.1.2.1,640,640,9,,0.1150452;0.99336026;3.558015e-09;0.043042667;-0.0049849474;-0.9990608,44.274407;-98.409281;66.955783,0.25;0.25,3.0,3.6,1,16,12,11,0,,
train_series\1.2.826.0.1.3680043.8.498.18313433830014722992362938871973097711\1.2.826.0.1.3680043.8.498.57851754506713574703148463011815139157.dcm,1.2.826.0.1.3680043.8.498.10009639203170750274174707434356622764,1.2.826.0.1.3680043.8.498.18313433830014722992362938871973097711,1.2.826.0.1.3680043.8.498.57851754506713574703148463011815139157,LT_pd_tse_fs_sag,5,MR,KNEE,,*tse2d1rr9,MONOCHROME2,fd7379f0-da7,,,SIEMENS,Aera,L,FFS,1.2.840.10008.1.2.1,640,640,27,,0.1150452;0.99336026;3.558015e-09;0.043042667;-0.0049849474;-0.9990608,108.5837;-105.85721;69.763587,0.25;0.25,3.0,3.6,1,16,12,11,0,,
train_series\1.2.826.0.1.3680043.8.498.18313433830014722992362938871973097711\1.2.826.0.1.3680043.8.498.62606376086191634346339791153452774158.dcm,1.2.826.0.1.3680043.8.498.10009639203170750274174707434356622764,1.2.826.0.1.3680043.8.498.18313433830014722992362938871973097711,1.2.826.0.1.3680043.8.498.62606376086191634346339791153452774158,LT_pd_tse_fs_sag,5,MR,KNEE,,*tse2d1rr9,MONOCHROME2,fd7379f0-da7,,,SIEMENS,Aera,L,FFS,1.2.840.10008.1.2.1,640,640,25,,0.1150452;0.99336026;3.558015e-09;0.043042667;-0.0049849474;-0.9990608,101.43822;-105.02966;69.451608,0.25;0.25,3.0,3.6,1,16,12,11,0,,
train_series\1.2.826.0.1.3680043.8.498.18313433830014722992362938871973097711\1.2.826.0.1.3680043.8.498.68855459658371100493853420774053182240.dcm,1.2.826.0.1.3680043.8.498.10009639203170750274174707434356622764,1.2.826.0.1.3680043.8.498.18313433830014722992362938871973097711,1.2.826.0.1.3680043.8.498.68855459658371100493853420774053182240,LT_pd_tse_fs_sag,5,MR,KNEE,,*tse2d1rr9,MONOCHROME2,fd7379f0-da7,,,SIEMENS,Aera,L,FFS,1.2.840.10008.1.2.1,640,640,7,,0.1150452;0.99336026;3.558015e-09;0.043042667;-0.0049849474;-0.9990608,37.12893;-97.581732;66.643804,0.25;0.25,3.0,3.6,1,16,12,11,0,,
train_series\1.2.826.0.1.3680043.8.498.18313433830014722992362938871973097711\1.2.826.0.1.3680043.8.498.87410622169520118946541323432125498280.dcm,1.2.826.0.1.3680043.8.498.10009639203170750274174707434356622764,1.2.826.0.1.3680043.8.498.18313433830014722992362938871973097711,1.2.826.0.1.3680043.8.498.87410622169520118946541323432125498280,LT_pd_tse_fs_sag,5,MR,KNEE,,*tse2d1rr9,MONOCHROME2,fd7379f0-da7,,,SIEMENS,Aera,L,FFS,1.2.840.10008.1.2.1,640,640,22,,0.1150452;0.99336026;3.558015e-09;0.043042667;-0.0049849474;-0.9990608,90.720006;-103.78834;68.98364,0.25;0.25,3.0,3.6,1,16,12,11,0,,
train_series\1.2.826.0.1.3680043.8.498.18313433830014722992362938871973097711\1.2.826.0.1.3680043.8.498.89831836401435997505470041661436399437.dcm,1.2.826.0.1.3680043.8.498.10009639203170750274174707434356622764,1.2.826.0.1.3680043.8.498.18313433830014722992362938871973097711,1.2.826.0.1.3680043.8.498.89831836401435997505470041661436399437,LT_pd_tse_fs_sag,5,MR,KNEE,,*tse2d1rr9,MONOCHROME2,fd7379f0-da7,,,SIEMENS,Aera,L,FFS,1.2.840.10008.1.2.1,640,640,18,,0.1150452;0.99336026;3.558015e-09;0.043042667;-0.0049849474;-0.9990608,76.429051;-102.13324;68.359685,0.25;0.25,3.0,3.6,1,16,12,11,0,,
train_series\1.2.826.0.1.3680043.8.498.18313433830014722992362938871973097711\1.2.826.0.1.3680043.8.498.94082076831583686299285699659845799131.dcm,1.2.826.0.1.3680043.8.498.10009639203170750274174707434356622764,1.2.826.0.1.3680043.8.498.18313433830014722992362938871973097711,1.2.826.0.1.3680043.8.498.94082076831583686299285699659845799131,LT_pd_tse_fs_sag,5,MR,KNEE,,*tse2d1rr9,MONOCHROME2,fd7379f0-da7,,,SIEMENS,Aera,L,FFS,1.2.840.10008.1.2.1,640,640,19,,0.1150452;0.99336026;3.558015e-09;0.043042667;-0.0049849474;-0.9990608,80.00179;-102.54702;68.515673,0.25;0.25,3.0,3.6,1,16,12,11,0,,
train_series\1.2.826.0.1.3680043.8.498.23084836536722595275828690293168736174\1.2.826.0.1.3680043.8.498.10495577636158696564159171941019069223.dcm,1.2.826.0.1.3680043.8.498.10004873229099053869093324292195817260,1.2.826.0.1.3680043.8.498.23084836536722595275828690293168736174,1.2.826.0.1.3680043.8.498.10495577636158696564159171941019069223,T1_TSE_CS,701,MR,KNEE,,,MONOCHROME2,b9d20b75-edf,,,Philips Healthcare,Ingenia,,FFS,1.2.840.10008.1.2.1,576,576,1,1.0,0.99682224;-0.07891389;-0.010865887;-0.0051275273;0.072558448;-0.99735099,-195.04506;-107.56528;95.568931,0.29891017;0.29891017,4.0,6.595,1,16,12,11,0,3.29524,0.0
train_series\1.2.826.0.1.3680043.8.498.23084836536722595275828690293168736174\1.2.826.0.1.3680043.8.498.11749154280613455677683590761692026009.dcm,1.2.826.0.1.3680043.8.498.10004873229099053869093324292195817260,1.2.826.0.1.3680043.8.498.23084836536722595275828690293168736174,1.2.826.0.1.3680043.8.498.11749154280613455677683590761692026009,T1_TSE_CS,701,MR,KNEE,,,MONOCHROME2,b9d20b75-edf,,,Philips Healthcare,Ingenia,,FFS,1.2.840.10008.1.2.1,576,576,14,1.0,0.99682224;-0.07891389;-0.010865887;-0.0051275273;0.072558448;-0.99735099,-188.22989;-22.326635;101.7351,0.29891017;0.29891017,4.0,6.595,1,16,12,11,0,3.29524,0.0
train_series\1.2.826.0.1.3680043.8.498.23084836536722595275828690293168736174\1.2.826.0.1.3680043.8.498.12098739564387780587308082414503153172.dcm,1.2.826.0.1.3680043.8.498.10004873229099053869093324292195817260,1.2.826.0.1.3680043.8.498.23084836536722595275828690293168736174,1.2.826.0.1.3680043.8.498.12098739564387780587308082414503153172,T1_TSE_CS,701,MR,KNEE,,,MONOCHROME2,b9d20b75-edf,,,Philips Healthcare,Ingenia,,FFS,1.2.840.10008.1.2.1,576,576,5,1.0,0.99682224;-0.07891389;-0.010865887;-0.0051275273;0.072558448;-0.99735099,-192.94808;-81.338005;97.466214,0.29891017;0.29891017,4.0,6.595,1,16,12,11,0,3.29524,0.0
train_series\1.2.826.0.1.3680043.8.498.23084836536722595275828690293168736174\1.2.826.0.1.3680043.8.498.13849887556780670228449878437426718659.dcm,1.2.826.0.1.3680043.8.498.10004873229099053869093324292195817260,1.2.826.0.1.3680043.8.498.23084836536722595275828690293168736174,1.2.826.0.1.3680043.8.498.13849887556780670228449878437426718659,T1_TSE_CS,701,MR,KNEE,,,MONOCHROME2,b9d20b75-edf,,,Philips Healthcare,Ingenia,,FFS,1.2.840.10008.1.2.1,576,576,13,1.0,0.99682224;-0.07891389;-0.010865887;-0.0051275273;0.072558448;-0.99735099,-188.75413;-28.883453;101.26078,0.29891017;0.29891017,4.0,6.595,1,16,12,11,0,3.29524,0.0
train_series\1.2.826.0.1.3680043.8.498.23084836536722595275828690293168736174\1.2.826.0.1.3680043.8.498.21821900345293357201908464058987983501.dcm,1.2.826.0.1.3680043.8.498.10004873229099053869093324292195817260,1.2.826.0.1.3680043.8.498.23084836536722595275828690293168736174,1.2.826.0.1.3680043.8.498.21821900345293357201908464058987983501,T1_TSE_CS,701,MR,KNEE,,,MONOCHROME2,b9d20b75-edf,,,Philips Healthcare,Ingenia,,FFS,1.2.840.10008.1.2.1,576,576,7,1.0,0.99682224;-0.07891389;-0.010865887;-0.0051275273;0.072558448;-0.99735099,-191.8996;-68.224365;98.414857,0.29891017;0.29891017,4.0,6.595,1,16,12,11,0,3.29524,0.0
train_series\1.2.826.0.1.3680043.8.498.23084836536722595275828690293168736174\1.2.826.0.1.3680043.8.498.25747237802734014070426592335161763573.dcm,1.2.826.0.1.3680043.8.498.10004873229099053869093324292195817260,1.2.826.0.1.3680043.8.498.23084836536722595275828690293168736174,1.2.826.0.1.3680043.8.498.25747237802734014070426592335161763573,T1_TSE_CS,701,MR,KNEE,,,MONOCHROME2,b9d20b75-edf,,,Philips Healthcare,Ingenia,,FFS,1.2.840.10008.1.2.1,576,576,2,1.0,0.99682224;-0.07891389;-0.010865887;-0.0051275273;0.072558448;-0.99735099,-194.52081;-101.00846;96.043252,0.29891017;0.29891017,4.0,6.595,1,16,12,11,0,3.29524,0.0
train_series\1.2.826.0.1.3680043.8.498.23084836536722595275828690293168736174\1.2.826.0.1.3680043.8.498.29407659899414987287393223147925970366.dcm,1.2.826.0.1.3680043.8.498.10004873229099053869093324292195817260,1.2.826.0.1.3680043.8.498.23084836536722595275828690293168736174,1.2.826.0.1.3680043.8.498.29407659899414987287393223147925970366,T1_TSE_CS,701,MR,KNEE,,,MONOCHROME2,b9d20b75-edf,,,Philips Healthcare,Ingenia,,FFS,1.2.840.10008.1.2.1,576,576,6,1.0,0.99682224;-0.07891389;-0.010865887;-0.0051275273;0.072558448;-0.99735099,-192.42383;-74.781181;97.940536,0.29891017;0.29891017,4.0,6.595,1,16,12,11,0,3.29524,0.0
train_series\1.2.826.0.1.3680043.8.498.23084836536722595275828690293168736174\1.2.826.0.1.3680043.8.498.33343575687934303560920882371651054925.dcm,1.2.826.0.1.3680043.8.498.10004873229099053869093324292195817260,1.2.826.0.1.3680043.8.498.23084836536722595275828690293168736174,1.2.826.0.1.3680043.8.498.33343575687934303560920882371651054925,T1_TSE_CS,701,MR,KNEE,,,MONOCHROME2,b9d20b75-edf,,,Philips Healthcare,Ingenia,,FFS,1.2.840.10008.1.2.1,576,576,16,1.0,0.99682224;-0.07891389;-0.010865887;-0.0051275273;0.072558448;-0.99735099,-187.1814;-9.2129973;102.68375,0.29891017;0.29891017,4.0,6.595,1,16,12,11,0,3.29524,0.0
train_series\1.2.826.0.1.3680043.8.498.23084836536722595275828690293168736174\1.2.826.0.1.3680043.8.498.44294368027808316962607507074243103655.dcm,1.2.826.0.1.3680043.8.498.10004873229099053869093324292195817260,1.2.826.0.1.3680043.8.498.23084836536722595275828690293168736174,1.2.826.0.1.3680043.8.498.44294368027808316962607507074243103655,T1_TSE_CS,701,MR,KNEE,,,MONOCHROME2,b9d20b75-edf,,,Philips Healthcare,Ingenia,,FFS,1.2.840.10008.1.2.1,576,576,11,1.0,0.99682224;-0.07891389;-0.010865887;-0.0051275273;0.072558448;-0.99735099,-189.80262;-41.997089;100.31214,0.29891017;0.29891017,4.0,6.595,1,16,12,11,0,3.29524,0.0
train_series\1.2.826.0.1.3680043.8.498.23084836536722595275828690293168736174\1.2.826.0.1.3680043.8.498.59115868838863767829722012455809246572.dcm,1.2.826.0.1.3680043.8.498.10004873229099053869093324292195817260,1.2.826.0.1.3680043.8.498.23084836536722595275828690293168736174,1.2.826.0.1.3680043.8.498.59115868838863767829722012455809246572,T1_TSE_CS,701,MR,KNEE,,,MONOCHROME2,b9d20b75-edf,,,Philips Healthcare,Ingenia,,FFS,1.2.840.10008.1.2.1,576,576,9,1.0,0.99682224;-0.07891389;-0.010865887;-0.0051275273;0.072558448;-0.99735099,-190.8511;-55.110729;99.363499,0.29891017;0.29891017,4.0,6.595,1,16,12,11,0,3.29524,0.0
train_series\1.2.826.0.1.3680043.8.498.23084836536722595275828690293168736174\1.2.826.0.1.3680043.8.498.61208159346373941133202499159013997835.dcm,1.2.826.0.1.3680043.8.498.10004873229099053869093324292195817260,1.2.826.0.1.3680043.8.498.23084836536722595275828690293168736174,1.2.826.0.1.3680043.8.498.61208159346373941133202499159013997835,T1_TSE_CS,701,MR,KNEE,,,MONOCHROME2,b9d20b75-edf,,,Philips Healthcare,Ingenia,,FFS,1.2.840.10008.1.2.1,576,576,3,1.0,0.99682224;-0.07891389;-0.010865887;-0.0051275273;0.072558448;-0.99735099,-193.99657;-94.451637;96.517573,0.29891017;0.29891017,4.0,6.595,1,16,12,11,0,3.29524,0.0
train_series\1.2.826.0.1.3680043.8.498.23084836536722595275828690293168736174\1.2.826.0.1.3680043.8.498.69808294194351844779338997441019598471.dcm,1.2.826.0.1.3680043.8.498.10004873229099053869093324292195817260,1.2.826.0.1.3680043.8.498.23084836536722595275828690293168736174,1.2.826.0.1.3680043.8.498.69808294194351844779338997441019598471,T1_TSE_CS,701,MR,KNEE,,,MONOCHROME2,b9d20b75-edf,,,Philips Healthcare,Ingenia,,FFS,1.2.840.10008.1.2.1,576,576,15,1.0,0.99682224;-0.07891389;-0.010865887;-0.0051275273;0.072558448;-0.99735099,-187.70564;-15.769815;102.20942,0.29891017;0.29891017,4.0,6.595,1,16,12,11,0,3.29524,0.0
train_series\1.2.826.0.1.3680043.8.498.23084836536722595275828690293168736174\1.2.826.0.1.3680043.8.498.74090003727178597144898278950251365655.dcm,1.2.826.0.1.3680043.8.498.10004873229099053869093324292195817260,1.2.826.0.1.3680043.8.498.23084836536722595275828690293168736174,1.2.826.0.1.3680043.8.498.74090003727178597144898278950251365655,T1_TSE_CS,701,MR,KNEE,,,MONOCHROME2,b9d20b75-edf,,,Philips Healthcare,Ingenia,,FFS,1.2.840.10008.1.2.1,576,576,8,1.0,0.99682224;-0.07891389;-0.010865887;-0.0051275273;0.072558448;-0.99735099,-191.37535;-61.667545;98.889177,0.29891017;0.29891017,4.0,6.595,1,16,12,11,0,3.29524,0.0
train_series\1.2.826.0.1.3680043.8.498.23084836536722595275828690293168736174\1.2.826.0.1.3680043.8.498.83345818693769231719303569869804524598.dcm,1.2.826.0.1.3680043.8.498.10004873229099053869093324292195817260,1.2.826.0.1.3680043.8.498.23084836536722595275828690293168736174,1.2.826.0.1.3680043.8.498.83345818693769231719303569869804524598,T1_TSE_CS,701,MR,KNEE,,,MONOCHROME2,b9d20b75-edf,,,Philips Healthcare,Ingenia,,FFS,1.2.840.10008.1.2.1,576,576,12,1.0,0.99682224;-0.07891389;-0.010865887;-0.0051275273;0.072558448;-0.99735099,-189.27837;-35.440273;100.78646,0.29891017;0.29891017,4.0,6.595,1,16,12,11,0,3.29524,0.0
train_series\1.2.826.0.1.3680043.8.498.23084836536722595275828690293168736174\1.2.826.0.1.3680043.8.498.91419439092942252990237162346007961685.dcm,1.2.826.0.1.3680043.8.498.10004873229099053869093324292195817260,1.2.826.0.1.3680043.8.498.23084836536722595275828690293168736174,1.2.826.0.1.3680043.8.498.91419439092942252990237162346007961685,T1_TSE_CS,701,MR,KNEE,,,MONOCHROME2,b9d20b75-edf,,,Philips Healthcare,Ingenia,,FFS,1.2.840.10008.1.2.1,576,576,10,1.0,0.99682224;-0.07891389;-0.010865887;-0.0051275273;0.072558448;-0.99735099,-190.32686;-48.553909;99.837819,0.29891017;0.29891017,4.0,6.595,1,16,12,11,0,3.29524,0.0
train_series\1.2.826.0.1.3680043.8.498.23084836536722595275828690293168736174\1.2.826.0.1.3680043.8.498.95778390425298933615308728699332124625.dcm,1.2.826.0.1.3680043.8.498.10004873229099053869093324292195817260,1.2.826.0.1.3680043.8.498.23084836536722595275828690293168736174,1.2.826.0.1.3680043.8.498.95778390425298933615308728699332124625,T1_TSE_CS,701,MR,KNEE,,,MONOCHROME2,b9d20b75-edf,,,Philips Healthcare,Ingenia,,FFS,1.2.840.10008.1.2.1,576,576,4,1.0,0.99682224;-0.07891389;-0.010865887;-0.0051275273;0.072558448;-0.99735099,-193.47233;-87.894821;96.991894,0.29891017;0.29891017,4.0,6.595,1,16,12,11,0,3.29524,0.0
train_series\1.2.826.0.1.3680043.8.498.26515132645256697953312631089055309042\1.2.826.0.1.3680043.8.498.10909969853695615962775542233123317443.dcm,1.2.826.0.1.3680043.8.498.10009278692606631573540062909909132231,1.2.826.0.1.3680043.8.498.26515132645256697953312631089055309042,1.2.826.0.1.3680043.8.498.10909969853695615962775542233123317443,pd_tse_fs_tra_416_p2_s2,3001,MR,KNEE,,*tseR2d1rr6,MONOCHROME2,f7648f12-847,,,Siemens Healthineers,MAGNETOM Lumina,L,FFS,1.2.840.10008.1.2.1,416,416,36,,0.98172;0.190329;-0.000157213;-0.189988;0.980015;0.0589555,7.23646;-122.781;-52.8071,0.432692;0.432692,3.0,3.75,1,16,12,11,0,1.0,0.0
train_series\1.2.826.0.1.3680043.8.498.26515132645256697953312631089055309042\1.2.826.0.1.3680043.8.498.10937872083212798591972229954929532594.dcm,1.2.826.0.1.3680043.8.498.10009278692606631573540062909909132231,1.2.826.0.1.3680043.8.498.26515132645256697953312631089055309042,1.2.826.0.1.3680043.8.498.10937872083212798591972229954929532594,pd_tse_fs_tra_416_p2_s2,3001,MR,KNEE,,*tseR2d1rr6,MONOCHROME2,f7648f12-847,,,Siemens Healthineers,MAGNETOM Lumina,L,FFS,1.2.840.10008.1.2.1,416,416,13,,0.98172;0.190329;-0.000157213;-0.189988;0.980015;0.0589555,8.21755;-127.771;33.2929,0.432692;0.432692,3.0,3.75,1,16,12,11,0,1.0,0.0
train_series\1.2.826.0.1.3680043.8.498.26515132645256697953312631089055309042\1.2.826.0.1.3680043.8.498.10966383430329940108415803383248579517.dcm,1.2.826.0.1.3680043.8.498.10009278692606631573540062909909132231,1.2.826.0.1.3680043.8.498.26515132645256697953312631089055309042,1.2.826.0.1.3680043.8.498.10966383430329940108415803383248579517,pd_tse_fs_tra_416_p2_s2,3001,MR,KNEE,,*tseR2d1rr6,MONOCHROME2,f7648f12-847,,,Siemens Healthineers,MAGNETOM Lumina,L,FFS,1.2.840.10008.1.2.1,416,416,40,,0.98172;0.190329;-0.000157213;-0.189988;0.980015;0.0589555,7.06583;-121.913;-67.781,0.432692;0.432692,3.0,3.75,1,16,12,11,0,1.0,0.0
train_series\1.2.826.0.1.3680043.8.498.26515132645256697953312631089055309042\1.2.826.0.1.3680043.8.498.11413935856700450362682275008947673119.dcm,1.2.826.0.1.3680043.8.498.10009278692606631573540062909909132231,1.2.826.0.1.3680043.8.498.26515132645256697953312631089055309042,1.2.826.0.1.3680043.8.498.11413935856700450362682275008947673119,pd_tse_fs_tra_416_p2_s2,3001,MR,KNEE,,*tseR2d1rr6,MONOCHROME2,f7648f12-847,,,Siemens Healthineers,MAGNETOM Lumina,L,FFS,1.2.840.10008.1.2.1,416,416,11,,0.98172;0.190329;-0.000157213;-0.189988;0.980015;0.0589555,8.30286;-128.204;40.7798,0.432692;0.432692,3.0,3.75,1,16,12,11,0,1.0,0.0
train_series\1.2.826.0.1.3680043.8.498.26515132645256697953312631089055309042\1.2.826.0.1.3680043.8.498.11786709247264622768966434976319418557.dcm,1.2.826.0.1.3680043.8.498.10009278692606631573540062909909132231,1.2.826.0.1.3680043.8.498.26515132645256697953312631089055309042,1.2.826.0.1.3680043.8.498.11786709247264622768966434976319418557,pd_tse_fs_tra_416_p2_s2,3001,MR,KNEE,,*tseR2d1rr6,MONOCHROME2,f7648f12-847,,,Siemens Healthineers,MAGNETOM Lumina,L,FFS,1.2.840.10008.1.2.1,416,416,18,,0.98172;0.190329;-0.000157213;-0.189988;0.980015;0.0589555,8.00427;-126.686;14.5755,0.432692;0.432692,3.0,3.75,1,16,12,11,0,1.0,0.0
train_series\1.2.826.0.1.3680043.8.498.26515132645256697953312631089055309042\1.2.826.0.1.3680043.8.498.12177182905236411492382712674939530554.dcm,1.2.826.0.1.3680043.8.498.10009278692606631573540062909909132231,1.2.826.0.1.3680043.8.498.26515132645256697953312631089055309042,1.2.826.0.1.3680043.8.498.12177182905236411492382712674939530554,pd_tse_fs_tra_416_p2_s2,3001,MR,KNEE,,*tseR2d1rr6,MONOCHROME2,f7648f12-847,,,Siemens Healthineers,MAGNETOM Lumina,L,FFS,1.2.840.10008.1.2.1,416,416,34,,0.98172;0.190329;-0.000157213;-0.189988;0.980015;0.0589555,7.32177;-123.215;-45.3202,0.432692;0.432692,3.0,3.75,1,16,12,11,0,1.0,0.0
train_series\1.2.826.0.1.3680043.8.498.26515132645256697953312631089055309042\1.2.826.0.1.3680043.8.498.12465477600696897309907116635181623769.dcm,1.2.826.0.1.3680043.8.498.10009278692606631573540062909909132231,1.2.826.0.1.3680043.8.498.26515132645256697953312631089055309042,1.2.826.0.1.3680043.8.498.12465477600696897309907116635181623769,pd_tse_fs_tra_416_p2_s2,3001,MR,KNEE,,*tseR2d1rr6,MONOCHROME2,f7648f12-847,,,Siemens Healthineers,MAGNETOM Lumina,L,FFS,1.2.840.10008.1.2.1,416,416,38,,0.98172;0.190329;-0.000157213;-0.189988;0.980015;0.0589555,7.15114;-122.347;-60.2941,0.432692;0.432692,3.0,3.75,1,16,12,11,0,1.0,0.0
train_series\1.2.826.0.1.3680043.8.498.26515132645256697953312631089055309042\1.2.826.0.1.3680043.8.498.12502020129475412856894652807319966229.dcm,1.2.826.0.1.3680043.8.498.10009278692606631573540062909909132231,1.2.826.0.1.3680043.8.498.26515132645256697953312631089055309042,1.2.826.0.1.3680043.8.498.12502020129475412856894652807319966229,pd_tse_fs_tra_416_p2_s2,3001,MR,KNEE,,*tseR2d1rr6,MONOCHROME2,f7648f12-847,,,Siemens Healthineers,MAGNETOM Lumina,L,FFS,1.2.840.10008.1.2.1,416,416,28,,0.98172;0.190329;-0.000157213;-0.189988;0.980015;0.0589555,7.5777;-124.517;-22.8593,0.432692;0.432692,3.0,3.75,1,16,12,11,0,1.0,0.0
train_series\1.2.826.0.1.3680043.8.498.26515132645256697953312631089055309042\1.2.826.0.1.3680043.8.498.12626240892734983394503611173703410658.dcm,1.2.826.0.1.3680043.8.498.10009278692606631573540062909909132231,1.2.826.0.1.3680043.8.498.26515132645256697953312631089055309042,1.2.826.0.1.3680043.8.498.12626240892734983394503611173703410658,pd_tse_fs_tra_416_p2_s2,3001,MR,KNEE,,*tseR2d1rr6,MONOCHROME2,f7648f12-847,,,Siemens Healthineers,MAGNETOM Lumina,L,FFS,1.2.840.10008.1.2.1,416,416,33,,0.98172;0.190329;-0.000157213;-0.189988;0.980015;0.0589555,7.36442;-123.432;-41.5767,0.432692;0.432692,3.0,3.75,1,16,12,11,0,1.0,0.0
train_series\1.2.826.0.1.3680043.8.498.26515132645256697953312631089055309042\1.2.826.0.1.3680043.8.498.12994800946674193993280084155494594916.dcm,1.2.826.0.1.3680043.8.498.10009278692606631573540062909909132231,1.2.826.0.1.3680043.8.498.26515132645256697953312631089055309042,1.2.826.0.1.3680043.8.498.12994800946674193993280084155494594916,pd_tse_fs_tra_416_p2_s2,3001,MR,KNEE,,*tseR2d1rr6,MONOCHROME2,f7648f12-847,,,Siemens Healthineers,MAGNETOM Lumina,L,FFS,1.2.840.10008.1.2.1,416,416,31,,0.98172;0.190329;-0.000157213;-0.189988;0.980015;0.0589555,7.44973;-123.866;-34.0897,0.432692;0.432692,3.0,3.75,1,16,12,11,0,1.0,0.0
train_series\1.2.826.0.1.3680043.8.498.26515132645256697953312631089055309042\1.2.826.0.1.3680043.8.498.13093490040751718020232169594403996402.dcm,1.2.826.0.1.3680043.8.498.10009278692606631573540062909909132231,1.2.826.0.1.3680043.8.498.26515132645256697953312631089055309042,1.2.826.0.1.3680043.8.498.13093490040751718020232169594403996402,pd_tse_fs_tra_416_p2_s2,3001,MR,KNEE,,*tseR2d1rr6,MONOCHROME2,f7648f12-847,,,Siemens Healthineers,MAGNETOM Lumina,L,FFS,1.2.840.10008.1.2.1,416,416,10,,0.98172;0.190329;-0.000157213;-0.189988;0.980015;0.0589555,8.34552;-128.421;44.5233,0.432692;0.432692,3.0,3.75,1,16,12,11,0,1.0,0.0
train_series\1.2.826.0.1.3680043.8.498.26515132645256697953312631089055309042\1.2.826.0.1.3680043.8.498.13276748324706014043943329773746685735.dcm,1.2.826.0.1.3680043.8.498.10009278692606631573540062909909132231,1.2.826.0.1.3680043.8.498.26515132645256697953312631089055309042,1.2.826.0.1.3680043.8.498.13276748324706014043943329773746685735,pd_tse_fs_tra_416_p2_s2,3001,MR,KNEE,,*tseR2d1rr6,MONOCHROME2,f7648f12-847,,,Siemens Healthineers,MAGNETOM Lumina,L,FFS,1.2.840.10008.1.2.1,416,416,19,,0.98172;0.190329;-0.000157213;-0.189988;0.980015;0.0589555,7.96161;-126.469;10.832,0.432692;0.432692,3.0,3.75,1,16,12,11,0,1.0,0.0
train_series\1.2.826.0.1.3680043.8.498.26515132645256697953312631089055309042\1.2.826.0.1.3680043.8.498.13360061461238388650062035535770763173.dcm,1.2.826.0.1.3680043.8.498.10009278692606631573540062909909132231,1.2.826.0.1.3680043.8.498.26515132645256697953312631089055309042,1.2.826.0.1.3680043.8.498.13360061461238388650062035535770763173,pd_tse_fs_tra_416_p2_s2,3001,MR,KNEE,,*tseR2d1rr6,MONOCHROME2,f7648f12-847,,,Siemens Healthineers,MAGNETOM Lumina,L,FFS,1.2.840.10008.1.2.1,416,416,16,,0.98172;0.190329;-0.000157213;-0.189988;0.980015;0.0589555,8.08958;-127.12;22.0624,0.432692;0.432692,3.0,3.75,1,16,12,11,0,1.0,0.0
train_series\1.2.826.0.1.3680043.8.498.26515132645256697953312631089055309042\1.2.826.0.1.3680043.8.498.13506073230946734668352682822231201969.dcm,1.2.826.0.1.3680043.8.498.10009278692606631573540062909909132231,1.2.826.0.1.3680043.8.498.26515132645256697953312631089055309042,1.2.826.0.1.3680043.8.498.13506073230946734668352682822231201969,pd_tse_fs_tra_416_p2_s2,3001,MR,KNEE,,*tseR2d1rr6,MONOCHROME2,f7648f12-847,,,Siemens Healthineers,MAGNETOM Lumina,L,FFS,1.2.840.10008.1.2.1,416,416,17,,0.98172;0.190329;-0.000157213;-0.189988;0.980015;0.0589555,8.04693;-126.903;18.319,0.432692;0.432692,3.0,3.75,1,16,12,11,0,1.0,0.0
train_series\1.2.826.0.1.3680043.8.498.26515132645256697953312631089055309042\1.2.826.0.1.3680043.8.498.13748673666600356227278812772034461244.dcm,1.2.826.0.1.3680043.8.498.10009278692606631573540062909909132231,1.2.826.0.1.3680043.8.498.26515132645256697953312631089055309042,1.2.826.0.1.3680043.8.498.13748673666600356227278812772034461244,pd_tse_fs_tra_416_p2_s2,3001,MR,KNEE,,*tseR2d1rr6,MONOCHROME2,f7648f12-847,,,Siemens Healthineers,MAGNETOM Lumina,L,FFS,1.2.840.10008.1.2.1,416,416,24,,0.98172;0.190329;-0.000157213;-0.189988;0.980015;0.0589555,7.74833;-125.384;-7.88538,0.432692;0.432692,3.0,3.75,1,16,12,11,0,1.0,0.0
train_series\1.2.826.0.1.3680043.8.498.26515132645256697953312631089055309042\1.2.826.0.1.3680043.8.498.19738641223848649512575518153657500421.dcm,1.2.826.0.1.3680043.8.498.10009278692606631573540062909909132231,1.2.826.0.1.3680043.8.498.26515132645256697953312631089055309042,1.2.826.0.1.3680043.8.498.19738641223848649512575518153657500421,pd_tse_fs_tra_416_p2_s2,3001,MR,KNEE,,*tseR2d1rr6,MONOCHROME2,f7648f12-847,,,Siemens Healthineers,MAGNETOM Lumina,L,FFS,1.2.840.10008.1.2.1,416,416,14,,0.98172;0.190329;-0.000157213;-0.189988;0.980015;0.0589555,8.17489;-127.554;29.5494,0.432692;0.432692,3.0,3.75,1,16,12,11,0,1.0,0.0
train_series\1.2.826.0.1.3680043.8.498.26515132645256697953312631089055309042\1.2.826.0.1.3680043.8.498.21064880141339899729625214428175819629.dcm,1.2.826.0.1.3680043.8.498.10009278692606631573540062909909132231,1.2.826.0.1.3680043.8.498.26515132645256697953312631089055309042,1.2.826.0.1.3680043.8.498.21064880141339899729625214428175819629,pd_tse_fs_tra_416_p2_s2,3001,MR,KNEE,,*tseR2d1rr6,MONOCHROME2,f7648f12-847,,,Siemens Healthineers,MAGNETOM Lumina,L,FFS,1.2.840.10008.1.2.1,416,416,21,,0.98172;0.190329;-0.000157213;-0.189988;0.980015;0.0589555,7.87629;-126.035;3.34505,0.432692;0.432692,3.0,3.75,1,16,12,11,0,1.0,0.0
train_series\1.2.826.0.1.3680043.8.498.26515132645256697953312631089055309042\1.2.826.0.1.3680043.8.498.26249710329515619364271470231592456405.dcm,1.2.826.0.1.3680043.8.498.10009278692606631573540062909909132231,1.2.826.0.1.3680043.8.498.26515132645256697953312631089055309042,1.2.826.0.1.3680043.8.498.26249710329515619364271470231592456405,pd_tse_fs_tra_416_p2_s2,3001,MR,KNEE,,*tseR2d1rr6,MONOCHROME2,f7648f12-847,,,Siemens Healthineers,MAGNETOM Lumina,L,FFS,1.2.840.10008.1.2.1,416,416,20,,0.98172;0.190329;-0.000157213;-0.189988;0.980015;0.0589555,7.91895;-126.252;7.08853,0.432692;0.432692,3.0,3.75,1,16,12,11,0,1.0,0.0
train_series\1.2.826.0.1.3680043.8.498.26515132645256697953312631089055309042\1.2.826.0.1.3680043.8.498.28771487907091569124035043769709424168.dcm,1.2.826.0.1.3680043.8.498.10009278692606631573540062909909132231,1.2.826.0.1.3680043.8.498.26515132645256697953312631089055309042,1.2.826.0.1.3680043.8.498.28771487907091569124035043769709424168,pd_tse_fs_tra_416_p2_s2,3001,MR,KNEE,,*tseR2d1rr6,MONOCHROME2,f7648f12-847,,,Siemens Healthineers,MAGNETOM Lumina,L,FFS,1.2.840.10008.1.2.1,416,416,32,,0.98172;0.190329;-0.000157213;-0.189988;0.980015;0.0589555,7.40708;-123.649;-37.8332,0.432692;0.432692,3.0,3.75,1,16,12,11,0,1.0,0.0
train_series\1.2.826.0.1.3680043.8.498.26515132645256697953312631089055309042\1.2.826.0.1.3680043.8.498.29461958580077705627376283515144979252.dcm,1.2.826.0.1.3680043.8.498.10009278692606631573540062909909132231,1.2.826.0.1.3680043.8.498.26515132645256697953312631089055309042,1.2.826.0.1.3680043.8.498.29461958580077705627376283515144979252,pd_tse_fs_tra_416_p2_s2,3001,MR,KNEE,,*tseR2d1rr6,MONOCHROME2,f7648f12-847,,,Siemens Healthineers,MAGNETOM Lumina,L,FFS,1.2.840.10008.1.2.1,416,416,8,,0.98172;0.190329;-0.000157213;-0.189988;0.980015;0.0589555,8.43083;-128.855;52.0103,0.432692;0.432692,3.0,3.75,1,16,12,11,0,1.0,0.0
train_series\1.2.826.0.1.3680043.8.498.26515132645256697953312631089055309042\1.2.826.0.1.3680043.8.498.29756280944388171303360840557107066238.dcm,1.2.826.0.1.3680043.8.498.10009278692606631573540062909909132231,1.2.826.0.1.3680043.8.498.26515132645256697953312631089055309042,1.2.826.0.1.3680043.8.498.29756280944388171303360840557107066238,pd_tse_fs_tra_416_p2_s2,3001,MR,KNEE,,*tseR2d1rr6,MONOCHROME2,f7648f12-847,,,Siemens Healthineers,MAGNETOM Lumina,L,FFS,1.2.840.10008.1.2.1,416,416,22,,0.98172;0.190329;-0.000157213;-0.189988;0.980015;0.0589555,7.83364;-125.818;-0.398427,0.432692;0.432692,3.0,3.75,1,16,12,11,0,1.0,0.0
train_series\1.2.826.0.1.3680043.8.498.26515132645256697953312631089055309042\1.2.826.0.1.3680043.8.498.30299773731697512443259941292282435535.dcm,1.2.826.0.1.3680043.8.498.10009278692606631573540062909909132231,1.2.826.0.1.3680043.8.498.26515132645256697953312631089055309042,1.2.826.0.1.3680043.8.498.30299773731697512443259941292282435535,pd_tse_fs_tra_416_p2_s2,3001,MR,KNEE,,*tseR2d1rr6,MONOCHROME2,f7648f12-847,,,Siemens Healthineers,MAGNETOM Lumina,L,FFS,1.2.840.10008.1.2.1,416,416,3,,0.98172;0.190329;-0.000157213;-0.189988;0.980015;0.0589555,8.64411;-129.94;70.7277,0.432692;0.432692,3.0,3.75,1,16,12,11,0,1.0,0.0
train_series\1.2.826.0.1.3680043.8.498.26515132645256697953312631089055309042\1.2.826.0.1.3680043.8.498.33329278491899492882823099946974204696.dcm,1.2.826.0.1.3680043.8.498.10009278692606631573540062909909132231,1.2.826.0.1.3680043.8.498.26515132645256697953312631089055309042,1.2.826.0.1.3680043.8.498.33329278491899492882823099946974204696,pd_tse_fs_tra_416_p2_s2,3001,MR,KNEE,,*tseR2d1rr6,MONOCHROME2,f7648f12-847,,,Siemens Healthineers,MAGNETOM Lumina,L,FFS,1.2.840.10008.1.2.1,416,416,6,,0.98172;0.190329;-0.000157213;-0.189988;0.980015;0.0589555,8.51614;-129.289;59.4972,0.432692;0.432692,3.0,3.75,1,16,12,11,0,1.0,0.0
train_series\1.2.826.0.1.3680043.8.498.26515132645256697953312631089055309042\1.2.826.0.1.3680043.8.498.34742998474227137618533226772897924010.dcm,1.2.826.0.1.3680043.8.498.10009278692606631573540062909909132231,1.2.826.0.1.3680043.8.498.26515132645256697953312631089055309042,1.2.826.0.1.3680043.8.498.34742998474227137618533226772897924010,pd_tse_fs_tra_416_p2_s2,3001,MR,KNEE,,*tseR2d1rr6,MONOCHROME2,f7648f12-847,,,Siemens Healthineers,MAGNETOM Lumina,L,FFS,1.2.840.10008.1.2.1,416,416,43,,0.98172;0.190329;-0.000157213;-0.189988;0.980015;0.0589555,6.93786;-121.263;-79.0115,0.432692;0.432692,3.0,3.75,1,16,12,11,0,1.0,0.0
train_series\1.2.826.0.1.3680043.8.498.26515132645256697953312631089055309042\1.2.826.0.1.3680043.8.498.36387507275578526935474099563584131229.dcm,1.2.826.0.1.3680043.8.498.10009278692606631573540062909909132231,1.2.826.0.1.3680043.8.498.26515132645256697953312631089055309042,1.2.826.0.1.3680043.8.498.36387507275578526935474099563584131229,pd_tse_fs_tra_416_p2_s2,3001,MR,KNEE,,*tseR2d1rr6,MONOCHROME2,f7648f12-847,,,Siemens Healthineers,MAGNETOM Lumina,L,FFS,1.2.840.10008.1.2.1,416,416,4,,0.98172;0.190329;-0.000157213;-0.189988;0.980015;0.0589555,8.60145;-129.723;66.9842,0.432692;0.432692,3.0,3.75,1,16,12,11,0,1.0,0.0
train_series\1.2.826.0.1.3680043.8.498.26515132645256697953312631089055309042\1.2.826.0.1.3680043.8.498.37538530867996369260824815348941888247.dcm,1.2.826.0.1.3680043.8.498.10009278692606631573540062909909132231,1.2.826.0.1.3680043.8.498.26515132645256697953312631089055309042,1.2.826.0.1.3680043.8.498.37538530867996369260824815348941888247,pd_tse_fs_tra_416_p2_s2,3001,MR,KNEE,,*tseR2d1rr6,MONOCHROME2,f7648f12-847,,,Siemens Healthineers,MAGNETOM Lumina,L,FFS,1.2.840.10008.1.2.1,416,416,12,,0.98172;0.190329;-0.000157213;-0.189988;0.980015;0.0589555,8.26021;-127.987;37.0364,0.432692;0.432692,3.0,3.75,1,16,12,11,0,1.0,0.0
train_series\1.2.826.0.1.3680043.8.498.26515132645256697953312631089055309042\1.2.826.0.1.3680043.8.498.47884140747266124078368567269972435084.dcm,1.2.826.0.1.3680043.8.498.10009278692606631573540062909909132231,1.2.826.0.1.3680043.8.498.26515132645256697953312631089055309042,1.2.826.0.1.3680043.8.498.47884140747266124078368567269972435084,pd_tse_fs_tra_416_p2_s2,3001,MR,KNEE,,*tseR2d1rr6,MONOCHROME2,f7648f12-847,,,Siemens Healthineers,MAGNETOM Lumina,L,FFS,1.2.840.10008.1.2.1,416,416,41,,0.98172;0.190329;-0.000157213;-0.189988;0.980015;0.0589555,7.02318;-121.697;-71.5245,0.432692;0.432692,3.0,3.75,1,16,12,11,0,1.0,0.0
train_series\1.2.826.0.1.3680043.8.498.26515132645256697953312631089055309042\1.2.826.0.1.3680043.8.498.48093774321843435113158233953073131941.dcm,1.2.826.0.1.3680043.8.498.10009278692606631573540062909909132231,1.2.826.0.1.3680043.8.498.26515132645256697953312631089055309042,1.2.826.0.1.3680043.8.498.48093774321843435113158233953073131941,pd_tse_fs_tra_416_p2_s2,3001,MR,KNEE,,*tseR2d1rr6,MONOCHROME2,f7648f12-847,,,Siemens Healthineers,MAGNETOM Lumina,L,FFS,1.2.840.10008.1.2.1,416,416,30,,0.98172;0.190329;-0.000157213;-0.189988;0.980015;0.0589555,7.49239;-124.083;-30.3463,0.432692;0.432692,3.0,3.75,1,16,12,11,0,1.0,0.0
train_series\1.2.826.0.1.3680043.8.498.26515132645256697953312631089055309042\1.2.826.0.1.3680043.8.498.50022121246371395137906231494802908960.dcm,1.2.826.0.1.3680043.8.498.10009278692606631573540062909909132231,1.2.826.0.1.3680043.8.498.26515132645256697953312631089055309042,1.2.826.0.1.3680043.8.498.50022121246371395137906231494802908960,pd_tse_fs_tra_416_p2_s2,3001,MR,KNEE,,*tseR2d1rr6,MONOCHROME2,f7648f12-847,,,Siemens Healthineers,MAGNETOM Lumina,L,FFS,1.2.840.10008.1.2.1,416,416,15,,0.98172;0.190329;-0.000157213;-0.189988;0.980015;0.0589555,8.13224;-127.337;25.8059,0.432692;0.432692,3.0,3.75,1,16,12,11,0,1.0,0.0
train_series\1.2.826.0.1.3680043.8.498.26515132645256697953312631089055309042\1.2.826.0.1.3680043.8.498.52141677559907517718618853891205463608.dcm,1.2.826.0.1.3680043.8.498.10009278692606631573540062909909132231,1.2.826.0.1.3680043.8.498.26515132645256697953312631089055309042,1.2.826.0.1.3680043.8.498.52141677559907517718618853891205463608,pd_tse_fs_tra_416_p2_s2,3001,MR,KNEE,,*tseR2d1rr6,MONOCHROME2,f7648f12-847,,,Siemens Healthineers,MAGNETOM Lumina,L,FFS,1.2.840.10008.1.2.1,416,416,9,,0.98172;0.190329;-0.000157213;-0.189988;0.980015;0.0589555,8.38817;-128.638;48.2668,0.432692;0.432692,3.0,3.75,1,16,12,11,0,1.0,0.0
train_series\1.2.826.0.1.3680043.8.498.26515132645256697953312631089055309042\1.2.826.0.1.3680043.8.498.53968778255358783163932610585703734369.dcm,1.2.826.0.1.3680043.8.498.10009278692606631573540062909909132231,1.2.826.0.1.3680043.8.498.26515132645256697953312631089055309042,1.2.826.0.1.3680043.8.498.53968778255358783163932610585703734369,pd_tse_fs_tra_416_p2_s2,3001,MR,KNEE,,*tseR2d1rr6,MONOCHROME2,f7648f12-847,,,Siemens Healthineers,MAGNETOM Lumina,L,FFS,1.2.840.10008.1.2.1,416,416,45,,0.98172;0.190329;-0.000157213;-0.189988;0.980015;0.0589555,6.85254;-120.829;-86.4984,0.432692;0.432692,3.0,3.75,1,16,12,11,0,1.0,0.0
train_series\1.2.826.0.1.3680043.8.498.26515132645256697953312631089055309042\1.2.826.0.1.3680043.8.498.55715232372230645487262528655460013231.dcm,1.2.826.0.1.3680043.8.498.10009278692606631573540062909909132231,1.2.826.0.1.3680043.8.498.26515132645256697953312631089055309042,1.2.826.0.1.3680043.8.498.55715232372230645487262528655460013231,pd_tse_fs_tra_416_p2_s2,3001,MR,KNEE,,*tseR2d1rr6,MONOCHROME2,f7648f12-847,,,Siemens Healthineers,MAGNETOM Lumina,L,FFS,1.2.840.10008.1.2.1,416,416,7,,0.98172;0.190329;-0.000157213;-0.189988;0.980015;0.0589555,8.47349;-129.072;55.7538,0.432692;0.432692,3.0,3.75,1,16,12,11,0,1.0,0.0
train_series\1.2.826.0.1.3680043.8.498.26515132645256697953312631089055309042\1.2.826.0.1.3680043.8.498.57810641551369028161255981701023952431.dcm,1.2.826.0.1.3680043.8.498.10009278692606631573540062909909132231,1.2.826.0.1.3680043.8.498.26515132645256697953312631089055309042,1.2.826.0.1.3680043.8.498.57810641551369028161255981701023952431,pd_tse_fs_tra_416_p2_s2,3001,MR,KNEE,,*tseR2d1rr6,MONOCHROME2,f7648f12-847,,,Siemens Healthineers,MAGNETOM Lumina,L,FFS,1.2.840.10008.1.2.1,416,416,39,,0.98172;0.190329;-0.000157213;-0.189988;0.980015;0.0589555,7.10849;-122.13;-64.0376,0.432692;0.432692,3.0,3.75,1,16,12,11,0,1.0,0.0
train_series\1.2.826.0.1.3680043.8.498.26515132645256697953312631089055309042\1.2.826.0.1.3680043.8.498.59909634396378796845459898693027618004.dcm,1.2.826.0.1.3680043.8.498.10009278692606631573540062909909132231,1.2.826.0.1.3680043.8.498.26515132645256697953312631089055309042,1.2.826.0.1.3680043.8.498.59909634396378796845459898693027618004,pd_tse_fs_tra_416_p2_s2,3001,MR,KNEE,,*tseR2d1rr6,MONOCHROME2,f7648f12-847,,,Siemens Healthineers,MAGNETOM Lumina,L,FFS,1.2.840.10008.1.2.1,416,416,5,,0.98172;0.190329;-0.000157213;-0.189988;0.980015;0.0589555,8.5588;-129.506;63.2407,0.432692;0.432692,3.0,3.75,1,16,12,11,0,1.0,0.0
train_series\1.2.826.0.1.3680043.8.498.26515132645256697953312631089055309042\1.2.826.0.1.3680043.8.498.60891837918552780886819210685029551057.dcm,1.2.826.0.1.3680043.8.498.10009278692606631573540062909909132231,1.2.826.0.1.3680043.8.498.26515132645256697953312631089055309042,1.2.826.0.1.3680043.8.498.60891837918552780886819210685029551057,pd_tse_fs_tra_416_p2_s2,3001,MR,KNEE,,*tseR2d1rr6,MONOCHROME2,f7648f12-847,,,Siemens Healthineers,MAGNETOM Lumina,L,FFS,1.2.840.10008.1.2.1,416,416,2,,0.98172;0.190329;-0.000157213;-0.189988;0.980015;0.0589555,8.68677;-130.157;74.4712,0.432692;0.432692,3.0,3.75,1,16,12,11,0,1.0,0.0
train_series\1.2.826.0.1.3680043.8.498.26515132645256697953312631089055309042\1.2.826.0.1.3680043.8.498.62088196180068335489492813894511191267.dcm,1.2.826.0.1.3680043.8.498.10009278692606631573540062909909132231,1.2.826.0.1.3680043.8.498.26515132645256697953312631089055309042,1.2.826.0.1.3680043.8.498.62088196180068335489492813894511191267,pd_tse_fs_tra_416_p2_s2,3001,MR,KNEE,,*tseR2d1rr6,MONOCHROME2,f7648f12-847,,,Siemens Healthineers,MAGNETOM Lumina,L,FFS,1.2.840.10008.1.2.1,416,416,1,,0.98172;0.190329;-0.000157213;-0.189988;0.980015;0.0589555,8.72942;-130.374;78.2146,0.432692;0.432692,3.0,3.75,1,16,12,11,0,1.0,0.0
train_series\1.2.826.0.1.3680043.8.498.26515132645256697953312631089055309042\1.2.826.0.1.3680043.8.498.62663252766665995144736138059377155369.dcm,1.2.826.0.1.3680043.8.498.10009278692606631573540062909909132231,1.2.826.0.1.3680043.8.498.26515132645256697953312631089055309042,1.2.826.0.1.3680043.8.498.62663252766665995144736138059377155369,pd_tse_fs_tra_416_p2_s2,3001,MR,KNEE,,*tseR2d1rr6,MONOCHROME2,f7648f12-847,,,Siemens Healthineers,MAGNETOM Lumina,L,FFS,1.2.840.10008.1.2.1,416,416,35,,0.98172;0.190329;-0.000157213;-0.189988;0.980015;0.0589555,7.27911;-122.998;-49.0637,0.432692;0.432692,3.0,3.75,1,16,12,11,0,1.0,0.0
train_series\1.2.826.0.1.3680043.8.498.26515132645256697953312631089055309042\1.2.826.0.1.3680043.8.498.65081159566127257834188066390143883842.dcm,1.2.826.0.1.3680043.8.498.10009278692606631573540062909909132231,1.2.826.0.1.3680043.8.498.26515132645256697953312631089055309042,1.2.826.0.1.3680043.8.498.65081159566127257834188066390143883842,pd_tse_fs_tra_416_p2_s2,3001,MR,KNEE,,*tseR2d1rr6,MONOCHROME2,f7648f12-847,,,Siemens Healthineers,MAGNETOM Lumina,L,FFS,1.2.840.10008.1.2.1,416,416,48,,0.98172;0.190329;-0.000157213;-0.189988;0.980015;0.0589555,6.72458;-120.178;-97.7289,0.432692;0.432692,3.0,3.75,1,16,12,11,0,1.0,0.0
train_series\1.2.826.0.1.3680043.8.498.26515132645256697953312631089055309042\1.2.826.0.1.3680043.8.498.67355408486649609638913720194652517459.dcm,1.2.826.0.1.3680043.8.498.10009278692606631573540062909909132231,1.2.826.0.1.3680043.8.498.26515132645256697953312631089055309042,1.2.826.0.1.3680043.8.498.67355408486649609638913720194652517459,pd_tse_fs_tra_416_p2_s2,3001,MR,KNEE,,*tseR2d1rr6,MONOCHROME2,f7648f12-847,,,Siemens Healthineers,MAGNETOM Lumina,L,FFS,1.2.840.10008.1.2.1,416,416,25,,0.98172;0.190329;-0.000157213;-0.189988;0.980015;0.0589555,7.70567;-125.167;-11.6289,0.432692;0.432692,3.0,3.75,1,16,12,11,0,1.0,0.0
train_series\1.2.826.0.1.3680043.8.498.26515132645256697953312631089055309042\1.2.826.0.1.3680043.8.498.76198903475982655551412039393341729287.dcm,1.2.826.0.1.3680043.8.498.10009278692606631573540062909909132231,1.2.826.0.1.3680043.8.498.26515132645256697953312631089055309042,1.2.826.0.1.3680043.8.498.76198903475982655551412039393341729287,pd_tse_fs_tra_416_p2_s2,3001,MR,KNEE,,*tseR2d1rr6,MONOCHROME2,f7648f12-847,,,Siemens Healthineers,MAGNETOM Lumina,L,FFS,1.2.840.10008.1.2.1,416,416,29,,0.98172;0.190329;-0.000157213;-0.189988;0.980015;0.0589555,7.53505;-124.3;-26.6028,0.432692;0.432692,3.0,3.75,1,16,12,11,0,1.0,0.0
train_series\1.2.826.0.1.3680043.8.498.26515132645256697953312631089055309042\1.2.826.0.1.3680043.8.498.77624825536089284910254604170358450990.dcm,1.2.826.0.1.3680043.8.498.10009278692606631573540062909909132231,1.2.826.0.1.3680043.8.498.26515132645256697953312631089055309042,1.2.826.0.1.3680043.8.498.77624825536089284910254604170358450990,pd_tse_fs_tra_416_p2_s2,3001,MR,KNEE,,*tseR2d1rr6,MONOCHROME2,f7648f12-847,,,Siemens Healthineers,MAGNETOM Lumina,L,FFS,1.2.840.10008.1.2.1,416,416,44,,0.98172;0.190329;-0.000157213;-0.189988;0.980015;0.0589555,6.89521;-121.046;-82.755,0.432692;0.432692,3.0,3.75,1,16,12,11,0,1.0,0.0
train_series\1.2.826.0.1.3680043.8.498.26515132645256697953312631089055309042\1.2.826.0.1.3680043.8.498.87879279717380513833471014097517976939.dcm,1.2.826.0.1.3680043.8.498.10009278692606631573540062909909132231,1.2.826.0.1.3680043.8.498.26515132645256697953312631089055309042,1.2.826.0.1.3680043.8.498.87879279717380513833471014097517976939,pd_tse_fs_tra_416_p2_s2,3001,MR,KNEE,,*tseR2d1rr6,MONOCHROME2,f7648f12-847,,,Siemens Healthineers,MAGNETOM Lumina,L,FFS,1.2.840.10008.1.2.1,416,416,23,,0.98172;0.190329;-0.000157213;-0.189988;0.980015;0.0589555,7.79098;-125.601;-4.14191,0.432692;0.432692,3.0,3.75,1,16,12,11,0,1.0,0.0
train_series\1.2.826.0.1.3680043.8.498.26515132645256697953312631089055309042\1.2.826.0.1.3680043.8.498.89150309383814605520992717325602176040.dcm,1.2.826.0.1.3680043.8.498.10009278692606631573540062909909132231,1.2.826.0.1.3680043.8.498.26515132645256697953312631089055309042,1.2.826.0.1.3680043.8.498.89150309383814605520992717325602176040,pd_tse_fs_tra_416_p2_s2,3001,MR,KNEE,,*tseR2d1rr6,MONOCHROME2,f7648f12-847,,,Siemens Healthineers,MAGNETOM Lumina,L,FFS,1.2.840.10008.1.2.1,416,416,47,,0.98172;0.190329;-0.000157213;-0.189988;0.980015;0.0589555,6.76723;-120.395;-93.9854,0.432692;0.432692,3.0,3.75,1,16,12,11,0,1.0,0.0
train_series\1.2.826.0.1.3680043.8.498.26515132645256697953312631089055309042\1.2.826.0.1.3680043.8.498.93704124290869126696615890050470408726.dcm,1.2.826.0.1.3680043.8.498.10009278692606631573540062909909132231,1.2.826.0.1.3680043.8.498.26515132645256697953312631089055309042,1.2.826.0.1.3680043.8.498.93704124290869126696615890050470408726,pd_tse_fs_tra_416_p2_s2,3001,MR,KNEE,,*tseR2d1rr6,MONOCHROME2,f7648f12-847,,,Siemens Healthineers,MAGNETOM Lumina,L,FFS,1.2.840.10008.1.2.1,416,416,27,,0.98172;0.190329;-0.000157213;-0.189988;0.980015;0.0589555,7.62036;-124.734;-19.1158,0.432692;0.432692,3.0,3.75,1,16,12,11,0,1.0,0.0
train_series\1.2.826.0.1.3680043.8.498.26515132645256697953312631089055309042\1.2.826.0.1.3680043.8.498.96652226147797146845587149632254143376.dcm,1.2.826.0.1.3680043.8.498.10009278692606631573540062909909132231,1.2.826.0.1.3680043.8.498.26515132645256697953312631089055309042,1.2.826.0.1.3680043.8.498.96652226147797146845587149632254143376,pd_tse_fs_tra_416_p2_s2,3001,MR,KNEE,,*tseR2d1rr6,MONOCHROME2,f7648f12-847,,,Siemens Healthineers,MAGNETOM Lumina,L,FFS,1.2.840.10008.1.2.1,416,416,42,,0.98172;0.190329;-0.000157213;-0.189988;0.980015;0.0589555,6.98052;-121.48;-75.268,0.432692;0.432692,3.0,3.75,1,16,12,11,0,1.0,0.0
train_series\1.2.826.0.1.3680043.8.498.26515132645256697953312631089055309042\1.2.826.0.1.3680043.8.498.97481438963580249045778175278131333369.dcm,1.2.826.0.1.3680043.8.498.10009278692606631573540062909909132231,1.2.826.0.1.3680043.8.498.26515132645256697953312631089055309042,1.2.826.0.1.3680043.8.498.97481438963580249045778175278131333369,pd_tse_fs_tra_416_p2_s2,3001,MR,KNEE,,*tseR2d1rr6,MONOCHROME2,f7648f12-847,,,Siemens Healthineers,MAGNETOM Lumina,L,FFS,1.2.840.10008.1.2.1,416,416,26,,0.98172;0.190329;-0.000157213;-0.189988;0.980015;0.0589555,7.66301;-124.95;-15.3723,0.432692;0.432692,3.0,3.75,1,16,12,11,0,1.0,0.0
train_series\1.2.826.0.1.3680043.8.498.26515132645256697953312631089055309042\1.2.826.0.1.3680043.8.498.97651126309953042778805848472438732979.dcm,1.2.826.0.1.3680043.8.498.10009278692606631573540062909909132231,1.2.826.0.1.3680043.8.498.26515132645256697953312631089055309042,1.2.826.0.1.3680043.8.498.97651126309953042778805848472438732979,pd_tse_fs_tra_416_p2_s2,3001,MR,KNEE,,*tseR2d1rr6,MONOCHROME2,f7648f12-847,,,Siemens Healthineers,MAGNETOM Lumina,L,FFS,1.2.840.10008.1.2.1,416,416,37,,0.98172;0.190329;-0.000157213;-0.189988;0.980015;0.0589555,7.1938;-122.564;-56.5506,0.432692;0.432692,3.0,3.75,1,16,12,11,0,1.0,0.0
train_series\1.2.826.0.1.3680043.8.498.26515132645256697953312631089055309042\1.2.826.0.1.3680043.8.498.97809607106424042095208418236340172238.dcm,1.2.826.0.1.3680043.8.498.10009278692606631573540062909909132231,1.2.826.0.1.3680043.8.498.26515132645256697953312631089055309042,1.2.826.0.1.3680043.8.498.97809607106424042095208418236340172238,pd_tse_fs_tra_416_p2_s2,3001,MR,KNEE,,*tseR2d1rr6,MONOCHROME2,f7648f12-847,,,Siemens Healthineers,MAGNETOM Lumina,L,FFS,1.2.840.10008.1.2.1,416,416,46,,0.98172;0.190329;-0.000157213;-0.189988;0.980015;0.0589555,6.80989;-120.612;-90.2419,0.432692;0.432692,3.0,3.75,1,16,12,11,0,1.0,0.0
train_series\1.2.826.0.1.3680043.8.498.27845969797953115400959653384511165237\1.2.826.0.1.3680043.8.498.11113037817423835631916468081726445529.dcm,1.2.826.0.1.3680043.8.498.10004945927472656027199792075652399585,1.2.826.0.1.3680043.8.498.27845969797953115400959653384511165237,1.2.826.0.1.3680043.8.498.11113037817423835631916468081726445529,int_tse_sag_p3_s2_2.5mm_drb_384,9,MR,KNEE,,*tseR2d1_9,MONOCHROME2,ee084a79-b22,,,Siemens Healthineers,MAGNETOM Vida,R,FFS,1.2.840.10008.1.2.1,768,768,22,,-0.00018944;0.999993;0.00383791;-0.0306549;0.0038303;-0.999523,-93.128;-96.4213;26.8662,0.2214;0.2214,2.5,3.0,1,16,12,11,0,1.0,0.0
train_series\1.2.826.0.1.3680043.8.498.27845969797953115400959653384511165237\1.2.826.0.1.3680043.8.498.11645684030726298843048532746863200273.dcm,1.2.826.0.1.3680043.8.498.10004945927472656027199792075652399585,1.2.826.0.1.3680043.8.498.27845969797953115400959653384511165237,1.2.826.0.1.3680043.8.498.11645684030726298843048532746863200273,int_tse_sag_p3_s2_2.5mm_drb_384,9,MR,KNEE,,*tseR2d1_9,MONOCHROME2,ee084a79-b22,,,Siemens Healthineers,MAGNETOM Vida,R,FFS,1.2.840.10008.1.2.1,768,768,9,,-0.00018944;0.999993;0.00383791;-0.0306549;0.0038303;-0.999523,-54.1463;-96.4094;25.6707,0.2214;0.2214,2.5,3.0,1,16,12,11,0,1.0,0.0
train_series\1.2.826.0.1.3680043.8.498.27845969797953115400959653384511165237\1.2.826.0.1.3680043.8.498.12367777279000914615462751196361349524.dcm,1.2.826.0.1.3680043.8.498.10004945927472656027199792075652399585,1.2.826.0.1.3680043.8.498.27845969797953115400959653384511165237,1.2.826.0.1.3680043.8.498.12367777279000914615462751196361349524,int_tse_sag_p3_s2_2.5mm_drb_384,9,MR,KNEE,,*tseR2d1_9,MONOCHROME2,ee084a79-b22,,,Siemens Healthineers,MAGNETOM Vida,R,FFS,1.2.840.10008.1.2.1,768,768,16,,-0.00018944;0.999993;0.00383791;-0.0306549;0.0038303;-0.999523,-75.1364;-96.4158;26.3144,0.2214;0.2214,2.5,3.0,1,16,12,11,0,1.0,0.0
train_series\1.2.826.0.1.3680043.8.498.27845969797953115400959653384511165237\1.2.826.0.1.3680043.8.498.12410175081423135053706377444313057144.dcm,1.2.826.0.1.3680043.8.498.10004945927472656027199792075652399585,1.2.826.0.1.3680043.8.498.27845969797953115400959653384511165237,1.2.826.0.1.3680043.8.498.12410175081423135053706377444313057144,int_tse_sag_p3_s2_2.5mm_drb_384,9,MR,KNEE,,*tseR2d1_9,MONOCHROME2,ee084a79-b22,,,Siemens Healthineers,MAGNETOM Vida,R,FFS,1.2.840.10008.1.2.1,768,768,18,,-0.00018944;0.999993;0.00383791;-0.0306549;0.0038303;-0.999523,-81.1336;-96.4177;26.4983,0.2214;0.2214,2.5,3.0,1,16,12,11,0,1.0,0.0
train_series\1.2.826.0.1.3680043.8.498.27845969797953115400959653384511165237\1.2.826.0.1.3680043.8.498.12491500906268293573563117818327136319.dcm,1.2.826.0.1.3680043.8.498.10004945927472656027199792075652399585,1.2.826.0.1.3680043.8.498.27845969797953115400959653384511165237,1.2.826.0.1.3680043.8.498.12491500906268293573563117818327136319,int_tse_sag_p3_s2_2.5mm_drb_384,9,MR,KNEE,,*tseR2d1_9,MONOCHROME2,ee084a79-b22,,,Siemens Healthineers,MAGNETOM Vida,R,FFS,1.2.840.10008.1.2.1,768,768,30,,-0.00018944;0.999993;0.00383791;-0.0306549;0.0038303;-0.999523,-117.117;-96.4287;27.6019,0.2214;0.2214,2.5,3.0,1,16,12,11,0,1.0,0.0
train_series\1.2.826.0.1.3680043.8.498.27845969797953115400959653384511165237\1.2.826.0.1.3680043.8.498.12649114304339220471002439578277903685.dcm,1.2.826.0.1.3680043.8.498.10004945927472656027199792075652399585,1.2.826.0.1.3680043.8.498.27845969797953115400959653384511165237,1.2.826.0.1.3680043.8.498.12649114304339220471002439578277903685,int_tse_sag_p3_s2_2.5mm_drb_384,9,MR,KNEE,,*tseR2d1_9,MONOCHROME2,ee084a79-b22,,,Siemens Healthineers,MAGNETOM Vida,R,FFS,1.2.840.10008.1.2.1,768,768,5,,-0.00018944;0.999993;0.00383791;-0.0306549;0.0038303;-0.999523,-42.1519;-96.4057;25.3028,0.2214;0.2214,2.5,3.0,1,16,12,11,0,1.0,0.0
train_series\1.2.826.0.1.3680043.8.498.27845969797953115400959653384511165237\1.2.826.0.1.3680043.8.498.12798796367654179255711147444042625857.dcm,1.2.826.0.1.3680043.8.498.10004945927472656027199792075652399585,1.2.826.0.1.3680043.8.498.27845969797953115400959653384511165237,1.2.826.0.1.3680043.8.498.12798796367654179255711147444042625857,int_tse_sag_p3_s2_2.5mm_drb_384,9,MR,KNEE,,*tseR2d1_9,MONOCHROME2,ee084a79-b22,,,Siemens Healthineers,MAGNETOM Vida,R,FFS,1.2.840.10008.1.2.1,768,768,31,,-0.00018944;0.999993;0.00383791;-0.0306549;0.0038303;-0.999523,-120.115;-96.4296;27.6938,0.2214;0.2214,2.5,3.0,1,16,12,11,0,1.0,0.0
train_series\1.2.826.0.1.3680043.8.498.27845969797953115400959653384511165237\1.2.826.0.1.3680043.8.498.13301170492088803036149941385992532932.dcm,1.2.826.0.1.3680043.8.498.10004945927472656027199792075652399585,1.2.826.0.1.3680043.8.498.27845969797953115400959653384511165237,1.2.826.0.1.3680043.8.498.13301170492088803036149941385992532932,int_tse_sag_p3_s2_2.5mm_drb_384,9,MR,KNEE,,*tseR2d1_9,MONOCHROME2,ee084a79-b22,,,Siemens Healthineers,MAGNETOM Vida,R,FFS,1.2.840.10008.1.2.1,768,768,19,,-0.00018944;0.999993;0.00383791;-0.0306549;0.0038303;-0.999523,-84.1322;-96.4186;26.5903,0.2214;0.2214,2.5,3.0,1,16,12,11,0,1.0,0.0
train_series\1.2.826.0.1.3680043.8.498.27845969797953115400959653384511165237\1.2.826.0.1.3680043.8.498.13383946831885380000261342691289748082.dcm,1.2.826.0.1.3680043.8.498.10004945927472656027199792075652399585,1.2.826.0.1.3680043.8.498.27845969797953115400959653384511165237,1.2.826.0.1.3680043.8.498.13383946831885380000261342691289748082,int_tse_sag_p3_s2_2.5mm_drb_384,9,MR,KNEE,,*tseR2d1_9,MONOCHROME2,ee084a79-b22,,,Siemens Healthineers,MAGNETOM Vida,R,FFS,1.2.840.10008.1.2.1,768,768,33,,-0.00018944;0.999993;0.00383791;-0.0306549;0.0038303;-0.999523,-126.112;-96.4315;27.8777,0.2214;0.2214,2.5,3.0,1,16,12,11,0,1.0,0.0
train_series\1.2.826.0.1.3680043.8.498.27845969797953115400959653384511165237\1.2.826.0.1.3680043.8.498.18883407982967755224265763152245618847.dcm,1.2.826.0.1.3680043.8.498.10004945927472656027199792075652399585,1.2.826.0.1.3680043.8.498.27845969797953115400959653384511165237,1.2.826.0.1.3680043.8.498.18883407982967755224265763152245618847,int_tse_sag_p3_s2_2.5mm_drb_384,9,MR,KNEE,,*tseR2d1_9,MONOCHROME2,ee084a79-b22,,,Siemens Healthineers,MAGNETOM Vida,R,FFS,1.2.840.10008.1.2.1,768,768,34,,-0.00018944;0.999993;0.00383791;-0.0306549;0.0038303;-0.999523,-129.111;-96.4324;27.9697,0.2214;0.2214,2.5,3.0,1,16,12,11,0,1.0,0.0
train_series\1.2.826.0.1.3680043.8.498.27845969797953115400959653384511165237\1.2.826.0.1.3680043.8.498.21544236051916959607441214943826587797.dcm,1.2.826.0.1.3680043.8.498.10004945927472656027199792075652399585,1.2.826.0.1.3680043.8.498.27845969797953115400959653384511165237,1.2.826.0.1.3680043.8.498.21544236051916959607441214943826587797,int_tse_sag_p3_s2_2.5mm_drb_384,9,MR,KNEE,,*tseR2d1_9,MONOCHROME2,ee084a79-b22,,,Siemens Healthineers,MAGNETOM Vida,R,FFS,1.2.840.10008.1.2.1,768,768,32,,-0.00018944;0.999993;0.00383791;-0.0306549;0.0038303;-0.999523,-123.114;-96.4306;27.7858,0.2214;0.2214,2.5,3.0,1,16,12,11,0,1.0,0.0
train_series\1.2.826.0.1.3680043.8.498.27845969797953115400959653384511165237\1.2.826.0.1.3680043.8.498.21693174598788934414719460237063724592.dcm,1.2.826.0.1.3680043.8.498.10004945927472656027199792075652399585,1.2.826.0.1.3680043.8.498.27845969797953115400959653384511165237,1.2.826.0.1.3680043.8.498.21693174598788934414719460237063724592,int_tse_sag_p3_s2_2.5mm_drb_384,9,MR,KNEE,,*tseR2d1_9,MONOCHROME2,ee084a79-b22,,,Siemens Healthineers,MAGNETOM Vida,R,FFS,1.2.840.10008.1.2.1,768,768,13,,-0.00018944;0.999993;0.00383791;-0.0306549;0.0038303;-0.999523,-66.1406;-96.4131;26.0385,0.2214;0.2214,2.5,3.0,1,16,12,11,0,1.0,0.0
train_series\1.2.826.0.1.3680043.8.498.27845969797953115400959653384511165237\1.2.826.0.1.3680043.8.498.29833597979061840824020199713764085949.dcm,1.2.826.0.1.3680043.8.498.10004945927472656027199792075652399585,1.2.826.0.1.3680043.8.498.27845969797953115400959653384511165237,1.2.826.0.1.3680043.8.498.29833597979061840824020199713764085949,int_tse_sag_p3_s2_2.5mm_drb_384,9,MR,KNEE,,*tseR2d1_9,MONOCHROME2,ee084a79-b22,,,Siemens Healthineers,MAGNETOM Vida,R,FFS,1.2.840.10008.1.2.1,768,768,6,,-0.00018944;0.999993;0.00383791;-0.0306549;0.0038303;-0.999523,-45.1505;-96.4066;25.3948,0.2214;0.2214,2.5,3.0,1,16,12,11,0,1.0,0.0
train_series\1.2.826.0.1.3680043.8.498.27845969797953115400959653384511165237\1.2.826.0.1.3680043.8.498.30705061494671115335548289199498218599.dcm,1.2.826.0.1.3680043.8.498.10004945927472656027199792075652399585,1.2.826.0.1.3680043.8.498.27845969797953115400959653384511165237,1.2.826.0.1.3680043.8.498.30705061494671115335548289199498218599,int_tse_sag_p3_s2_2.5mm_drb_384,9,MR,KNEE,,*tseR2d1_9,MONOCHROME2,ee084a79-b22,,,Siemens Healthineers,MAGNETOM Vida,R,FFS,1.2.840.10008.1.2.1,768,768,27,,-0.00018944;0.999993;0.00383791;-0.0306549;0.0038303;-0.999523,-108.121;-96.426;27.326,0.2214;0.2214,2.5,3.0,1,16,12,11,0,1.0,0.0
train_series\1.2.826.0.1.3680043.8.498.27845969797953115400959653384511165237\1.2.826.0.1.3680043.8.498.35722245002327626144022565847214608199.dcm,1.2.826.0.1.3680043.8.498.10004945927472656027199792075652399585,1.2.826.0.1.3680043.8.498.27845969797953115400959653384511165237,1.2.826.0.1.3680043.8.498.35722245002327626144022565847214608199,int_tse_sag_p3_s2_2.5mm_drb_384,9,MR,KNEE,,*tseR2d1_9,MONOCHROME2,ee084a79-b22,,,Siemens Healthineers,MAGNETOM Vida,R,FFS,1.2.840.10008.1.2.1,768,768,8,,-0.00018944;0.999993;0.00383791;-0.0306549;0.0038303;-0.999523,-51.1477;-96.4085;25.5787,0.2214;0.2214,2.5,3.0,1,16,12,11,0,1.0,0.0
train_series\1.2.826.0.1.3680043.8.498.27845969797953115400959653384511165237\1.2.826.0.1.3680043.8.498.37122038125062144651962244784766854823.dcm,1.2.826.0.1.3680043.8.498.10004945927472656027199792075652399585,1.2.826.0.1.3680043.8.498.27845969797953115400959653384511165237,1.2.826.0.1.3680043.8.498.37122038125062144651962244784766854823,int_tse_sag_p3_s2_2.5mm_drb_384,9,MR,KNEE,,*tseR2d1_9,MONOCHROME2,ee084a79-b22,,,Siemens Healthineers,MAGNETOM Vida,R,FFS,1.2.840.10008.1.2.1,768,768,20,,-0.00018944;0.999993;0.00383791;-0.0306549;0.0038303;-0.999523,-87.1308;-96.4195;26.6822,0.2214;0.2214,2.5,3.0,1,16,12,11,0,1.0,0.0
train_series\1.2.826.0.1.3680043.8.498.27845969797953115400959653384511165237\1.2.826.0.1.3680043.8.498.40026023147162952382395886832850680376.dcm,1.2.826.0.1.3680043.8.498.10004945927472656027199792075652399585,1.2.826.0.1.3680043.8.498.27845969797953115400959653384511165237,1.2.826.0.1.3680043.8.498.40026023147162952382395886832850680376,int_tse_sag_p3_s2_2.5mm_drb_384,9,MR,KNEE,,*tseR2d1_9,MONOCHROME2,ee084a79-b22,,,Siemens Healthineers,MAGNETOM Vida,R,FFS,1.2.840.10008.1.2.1,768,768,21,,-0.00018944;0.999993;0.00383791;-0.0306549;0.0038303;-0.999523,-90.1294;-96.4204;26.7742,0.2214;0.2214,2.5,3.0,1,16,12,11,0,1.0,0.0
train_series\1.2.826.0.1.3680043.8.498.27845969797953115400959653384511165237\1.2.826.0.1.3680043.8.498.41609965086194119888781699138121545963.dcm,1.2.826.0.1.3680043.8.498.10004945927472656027199792075652399585,1.2.826.0.1.3680043.8.498.27845969797953115400959653384511165237,1.2.826.0.1.3680043.8.498.41609965086194119888781699138121545963,int_tse_sag_p3_s2_2.5mm_drb_384,9,MR,KNEE,,*tseR2d1_9,MONOCHROME2,ee084a79-b22,,,Siemens Healthineers,MAGNETOM Vida,R,FFS,1.2.840.10008.1.2.1,768,768,14,,-0.00018944;0.999993;0.00383791;-0.0306549;0.0038303;-0.999523,-69.1392;-96.414;26.1305,0.2214;0.2214,2.5,3.0,1,16,12,11,0,1.0,0.0
train_series\1.2.826.0.1.3680043.8.498.27845969797953115400959653384511165237\1.2.826.0.1.3680043.8.498.46556523822134542509337304682614702399.dcm,1.2.826.0.1.3680043.8.498.10004945927472656027199792075652399585,1.2.826.0.1.3680043.8.498.27845969797953115400959653384511165237,1.2.826.0.1.3680043.8.498.46556523822134542509337304682614702399,int_tse_sag_p3_s2_2.5mm_drb_384,9,MR,KNEE,,*tseR2d1_9,MONOCHROME2,ee084a79-b22,,,Siemens Healthineers,MAGNETOM Vida,R,FFS,1.2.840.10008.1.2.1,768,768,29,,-0.00018944;0.999993;0.00383791;-0.0306549;0.0038303;-0.999523,-114.118;-96.4278;27.5099,0.2214;0.2214,2.5,3.0,1,16,12,11,0,1.0,0.0
train_series\1.2.826.0.1.3680043.8.498.27845969797953115400959653384511165237\1.2.826.0.1.3680043.8.498.49372767192352129401609267811290456410.dcm,1.2.826.0.1.3680043.8.498.10004945927472656027199792075652399585,1.2.826.0.1.3680043.8.498.27845969797953115400959653384511165237,1.2.826.0.1.3680043.8.498.49372767192352129401609267811290456410,int_tse_sag_p3_s2_2.5mm_drb_384,9,MR,KNEE,,*tseR2d1_9,MONOCHROME2,ee084a79-b22,,,Siemens Healthineers,MAGNETOM Vida,R,FFS,1.2.840.10008.1.2.1,768,768,10,,-0.00018944;0.999993;0.00383791;-0.0306549;0.0038303;-0.999523,-57.1449;-96.4103;25.7626,0.2214;0.2214,2.5,3.0,1,16,12,11,0,1.0,0.0
train_series\1.2.826.0.1.3680043.8.498.27845969797953115400959653384511165237\1.2.826.0.1.3680043.8.498.50744136358196637346909476570690278761.dcm,1.2.826.0.1.3680043.8.498.10004945927472656027199792075652399585,1.2.826.0.1.3680043.8.498.27845969797953115400959653384511165237,1.2.826.0.1.3680043.8.498.50744136358196637346909476570690278761,int_tse_sag_p3_s2_2.5mm_drb_384,9,MR,KNEE,,*tseR2d1_9,MONOCHROME2,ee084a79-b22,,,Siemens Healthineers,MAGNETOM Vida,R,FFS,1.2.840.10008.1.2.1,768,768,1,,-0.00018944;0.999993;0.00383791;-0.0306549;0.0038303;-0.999523,-30.1576;-96.402;24.935,0.2214;0.2214,2.5,3.0,1,16,12,11,0,1.0,0.0
train_series\1.2.826.0.1.3680043.8.498.27845969797953115400959653384511165237\1.2.826.0.1.3680043.8.498.51095215964886499819653869409119910869.dcm,1.2.826.0.1.3680043.8.498.10004945927472656027199792075652399585,1.2.826.0.1.3680043.8.498.27845969797953115400959653384511165237,1.2.826.0.1.3680043.8.498.51095215964886499819653869409119910869,int_tse_sag_p3_s2_2.5mm_drb_384,9,MR,KNEE,,*tseR2d1_9,MONOCHROME2,ee084a79-b22,,,Siemens Healthineers,MAGNETOM Vida,R,FFS,1.2.840.10008.1.2.1,768,768,28,,-0.00018944;0.999993;0.00383791;-0.0306549;0.0038303;-0.999523,-111.119;-96.4269;27.4179,0.2214;0.2214,2.5,3.0,1,16,12,11,0,1.0,0.0
train_series\1.2.826.0.1.3680043.8.498.27845969797953115400959653384511165237\1.2.826.0.1.3680043.8.498.51481970864274460697457830123329395759.dcm,1.2.826.0.1.3680043.8.498.10004945927472656027199792075652399585,1.2.826.0.1.3680043.8.498.27845969797953115400959653384511165237,1.2.826.0.1.3680043.8.498.51481970864274460697457830123329395759,int_tse_sag_p3_s2_2.5mm_drb_384,9,MR,KNEE,,*tseR2d1_9,MONOCHROME2,ee084a79-b22,,,Siemens Healthineers,MAGNETOM Vida,R,FFS,1.2.840.10008.1.2.1,768,768,2,,-0.00018944;0.999993;0.00383791;-0.0306549;0.0038303;-0.999523,-33.1562;-96.4029;25.0269,0.2214;0.2214,2.5,3.0,1,16,12,11,0,1.0,0.0
train_series\1.2.826.0.1.3680043.8.498.27845969797953115400959653384511165237\1.2.826.0.1.3680043.8.498.63958941326919445333068927972480054877.dcm,1.2.826.0.1.3680043.8.498.10004945927472656027199792075652399585,1.2.826.0.1.3680043.8.498.27845969797953115400959653384511165237,1.2.826.0.1.3680043.8.498.63958941326919445333068927972480054877,int_tse_sag_p3_s2_2.5mm_drb_384,9,MR,KNEE,,*tseR2d1_9,MONOCHROME2,ee084a79-b22,,,Siemens Healthineers,MAGNETOM Vida,R,FFS,1.2.840.10008.1.2.1,768,768,11,,-0.00018944;0.999993;0.00383791;-0.0306549;0.0038303;-0.999523,-60.1435;-96.4112;25.8546,0.2214;0.2214,2.5,3.0,1,16,12,11,0,1.0,0.0
train_series\1.2.826.0.1.3680043.8.498.27845969797953115400959653384511165237\1.2.826.0.1.3680043.8.498.74864683706271886785848952117279710569.dcm,1.2.826.0.1.3680043.8.498.10004945927472656027199792075652399585,1.2.826.0.1.3680043.8.498.27845969797953115400959653384511165237,1.2.826.0.1.3680043.8.498.74864683706271886785848952117279710569,int_tse_sag_p3_s2_2.5mm_drb_384,9,MR,KNEE,,*tseR2d1_9,MONOCHROME2,ee084a79-b22,,,Siemens Healthineers,MAGNETOM Vida,R,FFS,1.2.840.10008.1.2.1,768,768,15,,-0.00018944;0.999993;0.00383791;-0.0306549;0.0038303;-0.999523,-72.1378;-96.4149;26.2224,0.2214;0.2214,2.5,3.0,1,16,12,11,0,1.0,0.0
train_series\1.2.826.0.1.3680043.8.498.27845969797953115400959653384511165237\1.2.826.0.1.3680043.8.498.77756517467776667012148651615052441797.dcm,1.2.826.0.1.3680043.8.498.10004945927472656027199792075652399585,1.2.826.0.1.3680043.8.498.27845969797953115400959653384511165237,1.2.826.0.1.3680043.8.498.77756517467776667012148651615052441797,int_tse_sag_p3_s2_2.5mm_drb_384,9,MR,KNEE,,*tseR2d1_9,MONOCHROME2,ee084a79-b22,,,Siemens Healthineers,MAGNETOM Vida,R,FFS,1.2.840.10008.1.2.1,768,768,4,,-0.00018944;0.999993;0.00383791;-0.0306549;0.0038303;-0.999523,-39.1533;-96.4048;25.2108,0.2214;0.2214,2.5,3.0,1,16,12,11,0,1.0,0.0
train_series\1.2.826.0.1.3680043.8.498.27845969797953115400959653384511165237\1.2.826.0.1.3680043.8.498.78556281932674217301166109621358650976.dcm,1.2.826.0.1.3680043.8.498.10004945927472656027199792075652399585,1.2.826.0.1.3680043.8.498.27845969797953115400959653384511165237,1.2.826.0.1.3680043.8.498.78556281932674217301166109621358650976,int_tse_sag_p3_s2_2.5mm_drb_384,9,MR,KNEE,,*tseR2d1_9,MONOCHROME2,ee084a79-b22,,,Siemens Healthineers,MAGNETOM Vida,R,FFS,1.2.840.10008.1.2.1,768,768,12,,-0.00018944;0.999993;0.00383791;-0.0306549;0.0038303;-0.999523,-63.1421;-96.4121;25.9465,0.2214;0.2214,2.5,3.0,1,16,12,11,0,1.0,0.0
train_series\1.2.826.0.1.3680043.8.498.27845969797953115400959653384511165237\1.2.826.0.1.3680043.8.498.82937661895429170996892352539013323813.dcm,1.2.826.0.1.3680043.8.498.10004945927472656027199792075652399585,1.2.826.0.1.3680043.8.498.27845969797953115400959653384511165237,1.2.826.0.1.3680043.8.498.82937661895429170996892352539013323813,int_tse_sag_p3_s2_2.5mm_drb_384,9,MR,KNEE,,*tseR2d1_9,MONOCHROME2,ee084a79-b22,,,Siemens Healthineers,MAGNETOM Vida,R,FFS,1.2.840.10008.1.2.1,768,768,25,,-0.00018944;0.999993;0.00383791;-0.0306549;0.0038303;-0.999523,-102.124;-96.4241;27.1421,0.2214;0.2214,2.5,3.0,1,16,12,11,0,1.0,0.0
train_series\1.2.826.0.1.3680043.8.498.27845969797953115400959653384511165237\1.2.826.0.1.3680043.8.498.84791130557114792362855192198702770117.dcm,1.2.826.0.1.3680043.8.498.10004945927472656027199792075652399585,1.2.826.0.1.3680043.8.498.27845969797953115400959653384511165237,1.2.826.0.1.3680043.8.498.84791130557114792362855192198702770117,int_tse_sag_p3_s2_2.5mm_drb_384,9,MR,KNEE,,*tseR2d1_9,MONOCHROME2,ee084a79-b22,,,Siemens Healthineers,MAGNETOM Vida,R,FFS,1.2.840.10008.1.2.1,768,768,26,,-0.00018944;0.999993;0.00383791;-0.0306549;0.0038303;-0.999523,-105.122;-96.425;27.234,0.2214;0.2214,2.5,3.0,1,16,12,11,0,1.0,0.0
train_series\1.2.826.0.1.3680043.8.498.27845969797953115400959653384511165237\1.2.826.0.1.3680043.8.498.86232214013516461217397409998118167409.dcm,1.2.826.0.1.3680043.8.498.10004945927472656027199792075652399585,1.2.826.0.1.3680043.8.498.27845969797953115400959653384511165237,1.2.826.0.1.3680043.8.498.86232214013516461217397409998118167409,int_tse_sag_p3_s2_2.5mm_drb_384,9,MR,KNEE,,*tseR2d1_9,MONOCHROME2,ee084a79-b22,,,Siemens Healthineers,MAGNETOM Vida,R,FFS,1.2.840.10008.1.2.1,768,768,23,,-0.00018944;0.999993;0.00383791;-0.0306549;0.0038303;-0.999523,-96.1265;-96.4223;26.9581,0.2214;0.2214,2.5,3.0,1,16,12,11,0,1.0,0.0
train_series\1.2.826.0.1.3680043.8.498.27845969797953115400959653384511165237\1.2.826.0.1.3680043.8.498.90032734660927745606112301469315366756.dcm,1.2.826.0.1.3680043.8.498.10004945927472656027199792075652399585,1.2.826.0.1.3680043.8.498.27845969797953115400959653384511165237,1.2.826.0.1.3680043.8.498.90032734660927745606112301469315366756,int_tse_sag_p3_s2_2.5mm_drb_384,9,MR,KNEE,,*tseR2d1_9,MONOCHROME2,ee084a79-b22,,,Siemens Healthineers,MAGNETOM Vida,R,FFS,1.2.840.10008.1.2.1,768,768,3,,-0.00018944;0.999993;0.00383791;-0.0306549;0.0038303;-0.999523,-36.1547;-96.4038;25.1189,0.2214;0.2214,2.5,3.0,1,16,12,11,0,1.0,0.0
train_series\1.2.826.0.1.3680043.8.498.27845969797953115400959653384511165237\1.2.826.0.1.3680043.8.498.90878910627823977997969460038836472399.dcm,1.2.826.0.1.3680043.8.498.10004945927472656027199792075652399585,1.2.826.0.1.3680043.8.498.27845969797953115400959653384511165237,1.2.826.0.1.3680043.8.498.90878910627823977997969460038836472399,int_tse_sag_p3_s2_2.5mm_drb_384,9,MR,KNEE,,*tseR2d1_9,MONOCHROME2,ee084a79-b22,,,Siemens Healthineers,MAGNETOM Vida,R,FFS,1.2.840.10008.1.2.1,768,768,17,,-0.00018944;0.999993;0.00383791;-0.0306549;0.0038303;-0.999523,-78.135;-96.4167;26.4064,0.2214;0.2214,2.5,3.0,1,16,12,11,0,1.0,0.0
train_series\1.2.826.0.1.3680043.8.498.27845969797953115400959653384511165237\1.2.826.0.1.3680043.8.498.94261507904171847742098901321678009336.dcm,1.2.826.0.1.3680043.8.498.10004945927472656027199792075652399585,1.2.826.0.1.3680043.8.498.27845969797953115400959653384511165237,1.2.826.0.1.3680043.8.498.94261507904171847742098901321678009336,int_tse_sag_p3_s2_2.5mm_drb_384,9,MR,KNEE,,*tseR2d1_9,MONOCHROME2,ee084a79-b22,,,Siemens Healthineers,MAGNETOM Vida,R,FFS,1.2.840.10008.1.2.1,768,768,7,,-0.00018944;0.999993;0.00383791;-0.0306549;0.0038303;-0.999523,-48.1491;-96.4075;25.4867,0.2214;0.2214,2.5,3.0,1,16,12,11,0,1.0,0.0
train_series\1.2.826.0.1.3680043.8.498.27845969797953115400959653384511165237\1.2.826.0.1.3680043.8.498.95909491483000807273204424308277219835.dcm,1.2.826.0.1.3680043.8.498.10004945927472656027199792075652399585,1.2.826.0.1.3680043.8.498.27845969797953115400959653384511165237,1.2.826.0.1.3680043.8.498.95909491483000807273204424308277219835,int_tse_sag_p3_s2_2.5mm_drb_384,9,MR,KNEE,,*tseR2d1_9,MONOCHROME2,ee084a79-b22,,,Siemens Healthineers,MAGNETOM Vida,R,FFS,1.2.840.10008.1.2.1,768,768,24,,-0.00018944;0.999993;0.00383791;-0.0306549;0.0038303;-0.999523,-99.1251;-96.4232;27.0501,0.2214;0.2214,2.5,3.0,1,16,12,11,0,1.0,0.0
train_series\1.2.826.0.1.3680043.8.498.30827030879314217305902637111255984309\1.2.826.0.1.3680043.8.498.10145031428927157301171743486569594162.dcm,1.2.826.0.1.3680043.8.498.10009278692606631573540062909909132231,1.2.826.0.1.3680043.8.498.30827030879314217305902637111255984309,1.2.826.0.1.3680043.8.498.10145031428927157301171743486569594162,t1_tse_cor_448_p2_s2,4001,MR,KNEE,,*tse2d1_3,MONOCHROME2,f7648f12-847,,,Siemens Healthineers,MAGNETOM Lumina,L,FFS,1.2.840.10008.1.2.1,416,416,28,,0.982506;0.185788;-0.012794;-0.0202427;0.0382513;-0.999063,-12.1044;-24.3951;80.3728,0.432692;0.432692,2.5,3.0,1,16,12,11,0,1.0,0.0
train_series\1.2.826.0.1.3680043.8.498.30827030879314217305902637111255984309\1.2.826.0.1.3680043.8.498.10940859731724072271533358237749794948.dcm,1.2.826.0.1.3680043.8.498.10009278692606631573540062909909132231,1.2.826.0.1.3680043.8.498.30827030879314217305902637111255984309,1.2.826.0.1.3680043.8.498.10940859731724072271533358237749794948,t1_tse_cor_448_p2_s2,4001,MR,KNEE,,*tse2d1_3,MONOCHROME2,f7648f12-847,,,Siemens Healthineers,MAGNETOM Lumina,L,FFS,1.2.840.10008.1.2.1,416,416,37,,0.982506;0.185788;-0.012794;-0.0202427;0.0382513;-0.999063,-17.1027;2.11473;81.489,0.432692;0.432692,2.5,3.0,1,16,12,11,0,1.0,0.0
train_series\1.2.826.0.1.3680043.8.498.30827030879314217305902637111255984309\1.2.826.0.1.3680043.8.498.11165395300289597091421808784186891744.dcm,1.2.826.0.1.3680043.8.498.10009278692606631573540062909909132231,1.2.826.0.1.3680043.8.498.30827030879314217305902637111255984309,1.2.826.0.1.3680043.8.498.11165395300289597091421808784186891744,t1_tse_cor_448_p2_s2,4001,MR,KNEE,,*tse2d1_3,MONOCHROME2,f7648f12-847,,,Siemens Healthineers,MAGNETOM Lumina,L,FFS,1.2.840.10008.1.2.1,416,416,30,,0.982506;0.185788;-0.012794;-0.0202427;0.0382513;-0.999063,-13.2151;-18.504;80.6208,0.432692;0.432692,2.5,3.0,1,16,12,11,0,1.0,0.0
train_series\1.2.826.0.1.3680043.8.498.30827030879314217305902637111255984309\1.2.826.0.1.3680043.8.498.11256404653019058167343962846978744067.dcm,1.2.826.0.1.3680043.8.498.10009278692606631573540062909909132231,1.2.826.0.1.3680043.8.498.30827030879314217305902637111255984309,1.2.826.0.1.3680043.8.498.11256404653019058167343962846978744067,t1_tse_cor_448_p2_s2,4001,MR,KNEE,,*tse2d1_3,MONOCHROME2,f7648f12-847,,,Siemens Healthineers,MAGNETOM Lumina,L,FFS,1.2.840.10008.1.2.1,416,416,38,,0.982506;0.185788;-0.012794;-0.0202427;0.0382513;-0.999063,-17.6581;5.06026;81.6131,0.432692;0.432692,2.5,3.0,1,16,12,11,0,1.0,0.0
train_series\1.2.826.0.1.3680043.8.498.30827030879314217305902637111255984309\1.2.826.0.1.3680043.8.498.12667426163228287359127445928536544394.dcm,1.2.826.0.1.3680043.8.498.10009278692606631573540062909909132231,1.2.826.0.1.3680043.8.498.30827030879314217305902637111255984309,1.2.826.0.1.3680043.8.498.12667426163228287359127445928536544394,t1_tse_cor_448_p2_s2,4001,MR,KNEE,,*tse2d1_3,MONOCHROME2,f7648f12-847,,,Siemens Healthineers,MAGNETOM Lumina,L,FFS,1.2.840.10008.1.2.1,416,416,36,,0.982506;0.185788;-0.012794;-0.0202427;0.0382513;-0.999063,-16.5474;-0.830808;81.365,0.432692;0.432692,2.5,3.0,1,16,12,11,0,1.0,0.0
train_series\1.2.826.0.1.3680043.8.498.30827030879314217305902637111255984309\1.2.826.0.1.3680043.8.498.12782887799102672759956175038190125131.dcm,1.2.826.0.1.3680043.8.498.10009278692606631573540062909909132231,1.2.826.0.1.3680043.8.498.30827030879314217305902637111255984309,1.2.826.0.1.3680043.8.498.12782887799102672759956175038190125131,t1_tse_cor_448_p2_s2,4001,MR,KNEE,,*tse2d1_3,MONOCHROME2,f7648f12-847,,,Siemens Healthineers,MAGNETOM Lumina,L,FFS,1.2.840.10008.1.2.1,416,416,29,,0.982506;0.185788;-0.012794;-0.0202427;0.0382513;-0.999063,-12.6597;-21.4496;80.4968,0.432692;0.432692,2.5,3.0,1,16,12,11,0,1.0,0.0
train_series\1.2.826.0.1.3680043.8.498.30827030879314217305902637111255984309\1.2.826.0.1.3680043.8.498.12797231904127300602123807451940085465.dcm,1.2.826.0.1.3680043.8.498.10009278692606631573540062909909132231,1.2.826.0.1.3680043.8.498.30827030879314217305902637111255984309,1.2.826.0.1.3680043.8.498.12797231904127300602123807451940085465,t1_tse_cor_448_p2_s2,4001,MR,KNEE,,*tse2d1_3,MONOCHROME2,f7648f12-847,,,Siemens Healthineers,MAGNETOM Lumina,L,FFS,1.2.840.10008.1.2.1,416,416,32,,0.982506;0.185788;-0.012794;-0.0202427;0.0382513;-0.999063,-14.3259;-12.6129;80.8689,0.432692;0.432692,2.5,3.0,1,16,12,11,0,1.0,0.0
train_series\1.2.826.0.1.3680043.8.498.30827030879314217305902637111255984309\1.2.826.0.1.3680043.8.498.12852689270706391981384912689799519626.dcm,1.2.826.0.1.3680043.8.498.10009278692606631573540062909909132231,1.2.826.0.1.3680043.8.498.30827030879314217305902637111255984309,1.2.826.0.1.3680043.8.498.12852689270706391981384912689799519626,t1_tse_cor_448_p2_s2,4001,MR,KNEE,,*tse2d1_3,MONOCHROME2,f7648f12-847,,,Siemens Healthineers,MAGNETOM Lumina,L,FFS,1.2.840.10008.1.2.1,416,416,35,,0.982506;0.185788;-0.012794;-0.0202427;0.0382513;-0.999063,-15.992;-3.77634;81.241,0.432692;0.432692,2.5,3.0,1,16,12,11,0,1.0,0.0
train_series\1.2.826.0.1.3680043.8.498.30827030879314217305902637111255984309\1.2.826.0.1.3680043.8.498.12948254333729495857279082588230304591.dcm,1.2.826.0.1.3680043.8.498.10009278692606631573540062909909132231,1.2.826.0.1.3680043.8.498.30827030879314217305902637111255984309,1.2.826.0.1.3680043.8.498.12948254333729495857279082588230304591,t1_tse_cor_448_p2_s2,4001,MR,KNEE,,*tse2d1_3,MONOCHROME2,f7648f12-847,,,Siemens Healthineers,MAGNETOM Lumina,L,FFS,1.2.840.10008.1.2.1,416,416,6,,0.982506;0.185788;-0.012794;-0.0202427;0.0382513;-0.999063,0.113881;-89.1969;77.6441,0.432692;0.432692,2.5,3.0,1,16,12,11,0,1.0,0.0
train_series\1.2.826.0.1.3680043.8.498.30827030879314217305902637111255984309\1.2.826.0.1.3680043.8.498.13845694195574964169879278024001547372.dcm,1.2.826.0.1.3680043.8.498.10009278692606631573540062909909132231,1.2.826.0.1.3680043.8.498.30827030879314217305902637111255984309,1.2.826.0.1.3680043.8.498.13845694195574964169879278024001547372,t1_tse_cor_448_p2_s2,4001,MR,KNEE,,*tse2d1_3,MONOCHROME2,f7648f12-847,,,Siemens Healthineers,MAGNETOM Lumina,L,FFS,1.2.840.10008.1.2.1,416,416,8,,0.982506;0.185788;-0.012794;-0.0202427;0.0382513;-0.999063,-0.996875;-83.3058;77.8922,0.432692;0.432692,2.5,3.0,1,16,12,11,0,1.0,0.0
train_series\1.2.826.0.1.3680043.8.498.30827030879314217305902637111255984309\1.2.826.0.1.3680043.8.498.14790940973714918838103019621952425298.dcm,1.2.826.0.1.3680043.8.498.10009278692606631573540062909909132231,1.2.826.0.1.3680043.8.498.30827030879314217305902637111255984309,1.2.826.0.1.3680043.8.498.14790940973714918838103019621952425298,t1_tse_cor_448_p2_s2,4001,MR,KNEE,,*tse2d1_3,MONOCHROME2,f7648f12-847,,,Siemens Healthineers,MAGNETOM Lumina,L,FFS,1.2.840.10008.1.2.1,416,416,1,,0.982506;0.185788;-0.012794;-0.0202427;0.0382513;-0.999063,2.89075;-103.925;77.024,0.432692;0.432692,2.5,3.0,1,16,12,11,0,1.0,0.0
train_series\1.2.826.0.1.3680043.8.498.30827030879314217305902637111255984309\1.2.826.0.1.3680043.8.498.20725456029007002728869991818534293633.dcm,1.2.826.0.1.3680043.8.498.10009278692606631573540062909909132231,1.2.826.0.1.3680043.8.498.30827030879314217305902637111255984309,1.2.826.0.1.3680043.8.498.20725456029007002728869991818534293633,t1_tse_cor_448_p2_s2,4001,MR,KNEE,,*tse2d1_3,MONOCHROME2,f7648f12-847,,,Siemens Healthineers,MAGNETOM Lumina,L,FFS,1.2.840.10008.1.2.1,416,416,27,,0.982506;0.185788;-0.012794;-0.0202427;0.0382513;-0.999063,-11.549;-27.3406;80.2488,0.432692;0.432692,2.5,3.0,1,16,12,11,0,1.0,0.0
train_series\1.2.826.0.1.3680043.8.498.30827030879314217305902637111255984309\1.2.826.0.1.3680043.8.498.22417560977822732596618714602197065619.dcm,1.2.826.0.1.3680043.8.498.10009278692606631573540062909909132231,1.2.826.0.1.3680043.8.498.30827030879314217305902637111255984309,1.2.826.0.1.3680043.8.498.22417560977822732596618714602197065619,t1_tse_cor_448_p2_s2,4001,MR,KNEE,,*tse2d1_3,MONOCHROME2,f7648f12-847,,,Siemens Healthineers,MAGNETOM Lumina,L,FFS,1.2.840.10008.1.2.1,416,416,2,,0.982506;0.185788;-0.012794;-0.0202427;0.0382513;-0.999063,2.33538;-100.979;77.148,0.432692;0.432692,2.5,3.0,1,16,12,11,0,1.0,0.0
train_series\1.2.826.0.1.3680043.8.498.30827030879314217305902637111255984309\1.2.826.0.1.3680043.8.498.33418363740858209456919643468152647841.dcm,1.2.826.0.1.3680043.8.498.10009278692606631573540062909909132231,1.2.826.0.1.3680043.8.498.30827030879314217305902637111255984309,1.2.826.0.1.3680043.8.498.33418363740858209456919643468152647841,t1_tse_cor_448_p2_s2,4001,MR,KNEE,,*tse2d1_3,MONOCHROME2,f7648f12-847,,,Siemens Healthineers,MAGNETOM Lumina,L,FFS,1.2.840.10008.1.2.1,416,416,11,,0.982506;0.185788;-0.012794;-0.0202427;0.0382513;-0.999063,-2.663;-74.4692;78.2643,0.432692;0.432692,2.5,3.0,1,16,12,11,0,1.0,0.0
train_series\1.2.826.0.1.3680043.8.498.30827030879314217305902637111255984309\1.2.826.0.1.3680043.8.498.36913761823885872303316815661721255946.dcm,1.2.826.0.1.3680043.8.498.10009278692606631573540062909909132231,1.2.826.0.1.3680043.8.498.30827030879314217305902637111255984309,1.2.826.0.1.3680043.8.498.36913761823885872303316815661721255946,t1_tse_cor_448_p2_s2,4001,MR,KNEE,,*tse2d1_3,MONOCHROME2,f7648f12-847,,,Siemens Healthineers,MAGNETOM Lumina,L,FFS,1.2.840.10008.1.2.1,416,416,21,,0.982506;0.185788;-0.012794;-0.0202427;0.0382513;-0.999063,-8.21675;-45.0138;79.5046,0.432692;0.432692,2.5,3.0,1,16,12,11,0,1.0,0.0
train_series\1.2.826.0.1.3680043.8.498.30827030879314217305902637111255984309\1.2.826.0.1.3680043.8.498.36957027012869916571593109859026871409.dcm,1.2.826.0.1.3680043.8.498.10009278692606631573540062909909132231,1.2.826.0.1.3680043.8.498.30827030879314217305902637111255984309,1.2.826.0.1.3680043.8.498.36957027012869916571593109859026871409,t1_tse_cor_448_p2_s2,4001,MR,KNEE,,*tse2d1_3,MONOCHROME2,f7648f12-847,,,Siemens Healthineers,MAGNETOM Lumina,L,FFS,1.2.840.10008.1.2.1,416,416,18,,0.982506;0.185788;-0.012794;-0.0202427;0.0382513;-0.999063,-6.55062;-53.8504;79.1325,0.432692;0.432692,2.5,3.0,1,16,12,11,0,1.0,0.0
train_series\1.2.826.0.1.3680043.8.498.30827030879314217305902637111255984309\1.2.826.0.1.3680043.8.498.39045349422419431502053263977088168347.dcm,1.2.826.0.1.3680043.8.498.10009278692606631573540062909909132231,1.2.826.0.1.3680043.8.498.30827030879314217305902637111255984309,1.2.826.0.1.3680043.8.498.39045349422419431502053263977088168347,t1_tse_cor_448_p2_s2,4001,MR,KNEE,,*tse2d1_3,MONOCHROME2,f7648f12-847,,,Siemens Healthineers,MAGNETOM Lumina,L,FFS,1.2.840.10008.1.2.1,416,416,20,,0.982506;0.185788;-0.012794;-0.0202427;0.0382513;-0.999063,-7.66137;-47.9594;79.3805,0.432692;0.432692,2.5,3.0,1,16,12,11,0,1.0,0.0
train_series\1.2.826.0.1.3680043.8.498.30827030879314217305902637111255984309\1.2.826.0.1.3680043.8.498.39890205789337207872551778158827651381.dcm,1.2.826.0.1.3680043.8.498.10009278692606631573540062909909132231,1.2.826.0.1.3680043.8.498.30827030879314217305902637111255984309,1.2.826.0.1.3680043.8.498.39890205789337207872551778158827651381,t1_tse_cor_448_p2_s2,4001,MR,KNEE,,*tse2d1_3,MONOCHROME2,f7648f12-847,,,Siemens Healthineers,MAGNETOM Lumina,L,FFS,1.2.840.10008.1.2.1,416,416,12,,0.982506;0.185788;-0.012794;-0.0202427;0.0382513;-0.999063,-3.21837;-71.5236;78.3883,0.432692;0.432692,2.5,3.0,1,16,12,11,0,1.0,0.0
train_series\1.2.826.0.1.3680043.8.498.30827030879314217305902637111255984309\1.2.826.0.1.3680043.8.498.40908130986364851742547339786904326113.dcm,1.2.826.0.1.3680043.8.498.10009278692606631573540062909909132231,1.2.826.0.1.3680043.8.498.30827030879314217305902637111255984309,1.2.826.0.1.3680043.8.498.40908130986364851742547339786904326113,t1_tse_cor_448_p2_s2,4001,MR,KNEE,,*tse2d1_3,MONOCHROME2,f7648f12-847,,,Siemens Healthineers,MAGNETOM Lumina,L,FFS,1.2.840.10008.1.2.1,416,416,13,,0.982506;0.185788;-0.012794;-0.0202427;0.0382513;-0.999063,-3.77375;-68.5781;78.5123,0.432692;0.432692,2.5,3.0,1,16,12,11,0,1.0,0.0
train_series\1.2.826.0.1.3680043.8.498.30827030879314217305902637111255984309\1.2.826.0.1.3680043.8.498.42956176202728416629655174385258314449.dcm,1.2.826.0.1.3680043.8.498.10009278692606631573540062909909132231,1.2.826.0.1.3680043.8.498.30827030879314217305902637111255984309,1.2.826.0.1.3680043.8.498.42956176202728416629655174385258314449,t1_tse_cor_448_p2_s2,4001,MR,KNEE,,*tse2d1_3,MONOCHROME2,f7648f12-847,,,Siemens Healthineers,MAGNETOM Lumina,L,FFS,1.2.840.10008.1.2.1,416,416,14,,0.982506;0.185788;-0.012794;-0.0202427;0.0382513;-0.999063,-4.32912;-65.6326;78.6364,0.432692;0.432692,2.5,3.0,1,16,12,11,0,1.0,0.0
train_series\1.2.826.0.1.3680043.8.498.30827030879314217305902637111255984309\1.2.826.0.1.3680043.8.498.43859380460092208602419231813217058347.dcm,1.2.826.0.1.3680043.8.498.10009278692606631573540062909909132231,1.2.826.0.1.3680043.8.498.30827030879314217305902637111255984309,1.2.826.0.1.3680043.8.498.43859380460092208602419231813217058347,t1_tse_cor_448_p2_s2,4001,MR,KNEE,,*tse2d1_3,MONOCHROME2,f7648f12-847,,,Siemens Healthineers,MAGNETOM Lumina,L,FFS,1.2.840.10008.1.2.1,416,416,33,,0.982506;0.185788;-0.012794;-0.0202427;0.0382513;-0.999063,-14.8812;-9.66741;80.9929,0.432692;0.432692,2.5,3.0,1,16,12,11,0,1.0,0.0
train_series\1.2.826.0.1.3680043.8.498.30827030879314217305902637111255984309\1.2.826.0.1.3680043.8.498.50870962629659854300194537804483315552.dcm,1.2.826.0.1.3680043.8.498.10009278692606631573540062909909132231,1.2.826.0.1.3680043.8.498.30827030879314217305902637111255984309,1.2.826.0.1.3680043.8.498.50870962629659854300194537804483315552,t1_tse_cor_448_p2_s2,4001,MR,KNEE,,*tse2d1_3,MONOCHROME2,f7648f12-847,,,Siemens Healthineers,MAGNETOM Lumina,L,FFS,1.2.840.10008.1.2.1,416,416,24,,0.982506;0.185788;-0.012794;-0.0202427;0.0382513;-0.999063,-9.88287;-36.1772;79.8767,0.432692;0.432692,2.5,3.0,1,16,12,11,0,1.0,0.0
train_series\1.2.826.0.1.3680043.8.498.30827030879314217305902637111255984309\1.2.826.0.1.3680043.8.498.51219893582588188891892174287035714346.dcm,1.2.826.0.1.3680043.8.498.10009278692606631573540062909909132231,1.2.826.0.1.3680043.8.498.30827030879314217305902637111255984309,1.2.826.0.1.3680043.8.498.51219893582588188891892174287035714346,t1_tse_cor_448_p2_s2,4001,MR,KNEE,,*tse2d1_3,MONOCHROME2,f7648f12-847,,,Siemens Healthineers,MAGNETOM Lumina,L,FFS,1.2.840.10008.1.2.1,416,416,23,,0.982506;0.185788;-0.012794;-0.0202427;0.0382513;-0.999063,-9.32749;-39.1228;79.7526,0.432692;0.432692,2.5,3.0,1,16,12,11,0,1.0,0.0
train_series\1.2.826.0.1.3680043.8.498.30827030879314217305902637111255984309\1.2.826.0.1.3680043.8.498.52390300437093775298801277917630383305.dcm,1.2.826.0.1.3680043.8.498.10009278692606631573540062909909132231,1.2.826.0.1.3680043.8.498.30827030879314217305902637111255984309,1.2.826.0.1.3680043.8.498.52390300437093775298801277917630383305,t1_tse_cor_448_p2_s2,4001,MR,KNEE,,*tse2d1_3,MONOCHROME2,f7648f12-847,,,Siemens Healthineers,MAGNETOM Lumina,L,FFS,1.2.840.10008.1.2.1,416,416,26,,0.982506;0.185788;-0.012794;-0.0202427;0.0382513;-0.999063,-10.9936;-30.2862;80.1247,0.432692;0.432692,2.5,3.0,1,16,12,11,0,1.0,0.0
train_series\1.2.826.0.1.3680043.8.498.30827030879314217305902637111255984309\1.2.826.0.1.3680043.8.498.58434678043575146738230023148886366385.dcm,1.2.826.0.1.3680043.8.498.10009278692606631573540062909909132231,1.2.826.0.1.3680043.8.498.30827030879314217305902637111255984309,1.2.826.0.1.3680043.8.498.58434678043575146738230023148886366385,t1_tse_cor_448_p2_s2,4001,MR,KNEE,,*tse2d1_3,MONOCHROME2,f7648f12-847,,,Siemens Healthineers,MAGNETOM Lumina,L,FFS,1.2.840.10008.1.2.1,416,416,7,,0.982506;0.185788;-0.012794;-0.0202427;0.0382513;-0.999063,-0.441501;-86.2513;77.7682,0.432692;0.432692,2.5,3.0,1,16,12,11,0,1.0,0.0
train_series\1.2.826.0.1.3680043.8.498.30827030879314217305902637111255984309\1.2.826.0.1.3680043.8.498.60478405627361013806988151670982853105.dcm,1.2.826.0.1.3680043.8.498.10009278692606631573540062909909132231,1.2.826.0.1.3680043.8.498.30827030879314217305902637111255984309,1.2.826.0.1.3680043.8.498.60478405627361013806988151670982853105,t1_tse_cor_448_p2_s2,4001,MR,KNEE,,*tse2d1_3,MONOCHROME2,f7648f12-847,,,Siemens Healthineers,MAGNETOM Lumina,L,FFS,1.2.840.10008.1.2.1,416,416,25,,0.982506;0.185788;-0.012794;-0.0202427;0.0382513;-0.999063,-10.4383;-33.2317;80.0007,0.432692;0.432692,2.5,3.0,1,16,12,11,0,1.0,0.0
train_series\1.2.826.0.1.3680043.8.498.30827030879314217305902637111255984309\1.2.826.0.1.3680043.8.498.60520550980153993712213924016875966522.dcm,1.2.826.0.1.3680043.8.498.10009278692606631573540062909909132231,1.2.826.0.1.3680043.8.498.30827030879314217305902637111255984309,1.2.826.0.1.3680043.8.498.60520550980153993712213924016875966522,t1_tse_cor_448_p2_s2,4001,MR,KNEE,,*tse2d1_3,MONOCHROME2,f7648f12-847,,,Siemens Healthineers,MAGNETOM Lumina,L,FFS,1.2.840.10008.1.2.1,416,416,5,,0.982506;0.185788;-0.012794;-0.0202427;0.0382513;-0.999063,0.669255;-92.1424;77.5201,0.432692;0.432692,2.5,3.0,1,16,12,11,0,1.0,0.0
train_series\1.2.826.0.1.3680043.8.498.30827030879314217305902637111255984309\1.2.826.0.1.3680043.8.498.60581311342056079379259744413486463701.dcm,1.2.826.0.1.3680043.8.498.10009278692606631573540062909909132231,1.2.826.0.1.3680043.8.498.30827030879314217305902637111255984309,1.2.826.0.1.3680043.8.498.60581311342056079379259744413486463701,t1_tse_cor_448_p2_s2,4001,MR,KNEE,,*tse2d1_3,MONOCHROME2,f7648f12-847,,,Siemens Healthineers,MAGNETOM Lumina,L,FFS,1.2.840.10008.1.2.1,416,416,16,,0.982506;0.185788;-0.012794;-0.0202427;0.0382513;-0.999063,-5.43988;-59.7415;78.8844,0.432692;0.432692,2.5,3.0,1,16,12,11,0,1.0,0.0
train_series\1.2.826.0.1.3680043.8.498.30827030879314217305902637111255984309\1.2.826.0.1.3680043.8.498.61235210526353527844613259475869566829.dcm,1.2.826.0.1.3680043.8.498.10009278692606631573540062909909132231,1.2.826.0.1.3680043.8.498.30827030879314217305902637111255984309,1.2.826.0.1.3680043.8.498.61235210526353527844613259475869566829,t1_tse_cor_448_p2_s2,4001,MR,KNEE,,*tse2d1_3,MONOCHROME2,f7648f12-847,,,Siemens Healthineers,MAGNETOM Lumina,L,FFS,1.2.840.10008.1.2.1,416,416,22,,0.982506;0.185788;-0.012794;-0.0202427;0.0382513;-0.999063,-8.77212;-42.0683;79.6286,0.432692;0.432692,2.5,3.0,1,16,12,11,0,1.0,0.0
train_series\1.2.826.0.1.3680043.8.498.30827030879314217305902637111255984309\1.2.826.0.1.3680043.8.498.64004232477243662499299354977142760531.dcm,1.2.826.0.1.3680043.8.498.10009278692606631573540062909909132231,1.2.826.0.1.3680043.8.498.30827030879314217305902637111255984309,1.2.826.0.1.3680043.8.498.64004232477243662499299354977142760531,t1_tse_cor_448_p2_s2,4001,MR,KNEE,,*tse2d1_3,MONOCHROME2,f7648f12-847,,,Siemens Healthineers,MAGNETOM Lumina,L,FFS,1.2.840.10008.1.2.1,416,416,3,,0.982506;0.185788;-0.012794;-0.0202427;0.0382513;-0.999063,1.78;-98.0335;77.2721,0.432692;0.432692,2.5,3.0,1,16,12,11,0,1.0,0.0
train_series\1.2.826.0.1.3680043.8.498.30827030879314217305902637111255984309\1.2.826.0.1.3680043.8.498.69484480533810144550457415187482248481.dcm,1.2.826.0.1.3680043.8.498.10009278692606631573540062909909132231,1.2.826.0.1.3680043.8.498.30827030879314217305902637111255984309,1.2.826.0.1.3680043.8.498.69484480533810144550457415187482248481,t1_tse_cor_448_p2_s2,4001,MR,KNEE,,*tse2d1_3,MONOCHROME2,f7648f12-847,,,Siemens Healthineers,MAGNETOM Lumina,L,FFS,1.2.840.10008.1.2.1,416,416,9,,0.982506;0.185788;-0.012794;-0.0202427;0.0382513;-0.999063,-1.55225;-80.3603;78.0162,0.432692;0.432692,2.5,3.0,1,16,12,11,0,1.0,0.0
train_series\1.2.826.0.1.3680043.8.498.30827030879314217305902637111255984309\1.2.826.0.1.3680043.8.498.70808678184906479467702371581679364499.dcm,1.2.826.0.1.3680043.8.498.10009278692606631573540062909909132231,1.2.826.0.1.3680043.8.498.30827030879314217305902637111255984309,1.2.826.0.1.3680043.8.498.70808678184906479467702371581679364499,t1_tse_cor_448_p2_s2,4001,MR,KNEE,,*tse2d1_3,MONOCHROME2,f7648f12-847,,,Siemens Healthineers,MAGNETOM Lumina,L,FFS,1.2.840.10008.1.2.1,416,416,19,,0.982506;0.185788;-0.012794;-0.0202427;0.0382513;-0.999063,-7.106;-50.9049;79.2565,0.432692;0.432692,2.5,3.0,1,16,12,11,0,1.0,0.0
train_series\1.2.826.0.1.3680043.8.498.30827030879314217305902637111255984309\1.2.826.0.1.3680043.8.498.83090350172486010849660680141973882604.dcm,1.2.826.0.1.3680043.8.498.10009278692606631573540062909909132231,1.2.826.0.1.3680043.8.498.30827030879314217305902637111255984309,1.2.826.0.1.3680043.8.498.83090350172486010849660680141973882604,t1_tse_cor_448_p2_s2,4001,MR,KNEE,,*tse2d1_3,MONOCHROME2,f7648f12-847,,,Siemens Healthineers,MAGNETOM Lumina,L,FFS,1.2.840.10008.1.2.1,416,416,31,,0.982506;0.185788;-0.012794;-0.0202427;0.0382513;-0.999063,-13.7705;-15.5585;80.7449,0.432692;0.432692,2.5,3.0,1,16,12,11,0,1.0,0.0
train_series\1.2.826.0.1.3680043.8.498.30827030879314217305902637111255984309\1.2.826.0.1.3680043.8.498.83837755976307649717821296292153859794.dcm,1.2.826.0.1.3680043.8.498.10009278692606631573540062909909132231,1.2.826.0.1.3680043.8.498.30827030879314217305902637111255984309,1.2.826.0.1.3680043.8.498.83837755976307649717821296292153859794,t1_tse_cor_448_p2_s2,4001,MR,KNEE,,*tse2d1_3,MONOCHROME2,f7648f12-847,,,Siemens Healthineers,MAGNETOM Lumina,L,FFS,1.2.840.10008.1.2.1,416,416,10,,0.982506;0.185788;-0.012794;-0.0202427;0.0382513;-0.999063,-2.10762;-77.4147;78.1403,0.432692;0.432692,2.5,3.0,1,16,12,11,0,1.0,0.0
train_series\1.2.826.0.1.3680043.8.498.30827030879314217305902637111255984309\1.2.826.0.1.3680043.8.498.84740731766351672958585311950446019703.dcm,1.2.826.0.1.3680043.8.498.10009278692606631573540062909909132231,1.2.826.0.1.3680043.8.498.30827030879314217305902637111255984309,1.2.826.0.1.3680043.8.498.84740731766351672958585311950446019703,t1_tse_cor_448_p2_s2,4001,MR,KNEE,,*tse2d1_3,MONOCHROME2,f7648f12-847,,,Siemens Healthineers,MAGNETOM Lumina,L,FFS,1.2.840.10008.1.2.1,416,416,4,,0.982506;0.185788;-0.012794;-0.0202427;0.0382513;-0.999063,1.22463;-95.0879;77.3961,0.432692;0.432692,2.5,3.0,1,16,12,11,0,1.0,0.0
train_series\1.2.826.0.1.3680043.8.498.30827030879314217305902637111255984309\1.2.826.0.1.3680043.8.498.89614329400591614362879833142701412534.dcm,1.2.826.0.1.3680043.8.498.10009278692606631573540062909909132231,1.2.826.0.1.3680043.8.498.30827030879314217305902637111255984309,1.2.826.0.1.3680043.8.498.89614329400591614362879833142701412534,t1_tse_cor_448_p2_s2,4001,MR,KNEE,,*tse2d1_3,MONOCHROME2,f7648f12-847,,,Siemens Healthineers,MAGNETOM Lumina,L,FFS,1.2.840.10008.1.2.1,416,416,34,,0.982506;0.185788;-0.012794;-0.0202427;0.0382513;-0.999063,-15.4366;-6.72188;81.117,0.432692;0.432692,2.5,3.0,1,16,12,11,0,1.0,0.0
train_series\1.2.826.0.1.3680043.8.498.30827030879314217305902637111255984309\1.2.826.0.1.3680043.8.498.91032506361082721841677255520862056354.dcm,1.2.826.0.1.3680043.8.498.10009278692606631573540062909909132231,1.2.826.0.1.3680043.8.498.30827030879314217305902637111255984309,1.2.826.0.1.3680043.8.498.91032506361082721841677255520862056354,t1_tse_cor_448_p2_s2,4001,MR,KNEE,,*tse2d1_3,MONOCHROME2,f7648f12-847,,,Siemens Healthineers,MAGNETOM Lumina,L,FFS,1.2.840.10008.1.2.1,416,416,17,,0.982506;0.185788;-0.012794;-0.0202427;0.0382513;-0.999063,-5.99525;-56.796;79.0085,0.432692;0.432692,2.5,3.0,1,16,12,11,0,1.0,0.0
train_series\1.2.826.0.1.3680043.8.498.30827030879314217305902637111255984309\1.2.826.0.1.3680043.8.498.93861600751065142638810642794455933049.dcm,1.2.826.0.1.3680043.8.498.10009278692606631573540062909909132231,1.2.826.0.1.3680043.8.498.30827030879314217305902637111255984309,1.2.826.0.1.3680043.8.498.93861600751065142638810642794455933049,t1_tse_cor_448_p2_s2,4001,MR,KNEE,,*tse2d1_3,MONOCHROME2,f7648f12-847,,,Siemens Healthineers,MAGNETOM Lumina,L,FFS,1.2.840.10008.1.2.1,416,416,15,,0.982506;0.185788;-0.012794;-0.0202427;0.0382513;-0.999063,-4.88449;-62.687;78.7604,0.432692;0.432692,2.5,3.0,1,16,12,11,0,1.0,0.0
train_series\1.2.826.0.1.3680043.8.498.33836648034724869721686434744559693623\1.2.826.0.1.3680043.8.498.10097742365642453720394002172621735242.dcm,1.2.826.0.1.3680043.8.498.10009278692606631573540062909909132231,1.2.826.0.1.3680043.8.498.33836648034724869721686434744559693623,1.2.826.0.1.3680043.8.498.10097742365642453720394002172621735242,t2_tse_sag_448_2.5mm,6001,MR,KNEE,,*tseR2d1rr18,MONOCHROME2,f7648f12-847,,,Siemens Healthineers,MAGNETOM Lumina,L,FFS,1.2.840.10008.1.2.1,416,416,14,,0.012993;0.999165;0.0387266;-0.0222036;0.0390087;-0.998992,60.6388;-115.497;74.3476,0.432692;0.432692,2.5,3.0,1,16,12,11,0,1.0,0.0
train_series\1.2.826.0.1.3680043.8.498.33836648034724869721686434744559693623\1.2.826.0.1.3680043.8.498.10358670851964297053054624491569801522.dcm,1.2.826.0.1.3680043.8.498.10009278692606631573540062909909132231,1.2.826.0.1.3680043.8.498.33836648034724869721686434744559693623,1.2.826.0.1.3680043.8.498.10358670851964297053054624491569801522,t2_tse_sag_448_2.5mm,6001,MR,KNEE,,*tseR2d1rr18,MONOCHROME2,f7648f12-847,,,Siemens Healthineers,MAGNETOM Lumina,L,FFS,1.2.840.10008.1.2.1,416,416,33,,0.012993;0.999165;0.0387266;-0.0222036;0.0390087;-0.998992,117.62;-116.188;73.0541,0.432692;0.432692,2.5,3.0,1,16,12,11,0,1.0,0.0
train_series\1.2.826.0.1.3680043.8.498.33836648034724869721686434744559693623\1.2.826.0.1.3680043.8.498.10572707189235201422062782881153422583.dcm,1.2.826.0.1.3680043.8.498.10009278692606631573540062909909132231,1.2.826.0.1.3680043.8.498.33836648034724869721686434744559693623,1.2.826.0.1.3680043.8.498.10572707189235201422062782881153422583,t2_tse_sag_448_2.5mm,6001,MR,KNEE,,*tseR2d1rr18,MONOCHROME2,f7648f12-847,,,Siemens Healthineers,MAGNETOM Lumina,L,FFS,1.2.840.10008.1.2.1,416,416,13,,0.012993;0.999165;0.0387266;-0.0222036;0.0390087;-0.998992,57.6398;-115.461;74.4156,0.432692;0.432692,2.5,3.0,1,16,12,11,0,1.0,0.0
train_series\1.2.826.0.1.3680043.8.498.33836648034724869721686434744559693623\1.2.826.0.1.3680043.8.498.10874252013796459542190491177385009212.dcm,1.2.826.0.1.3680043.8.498.10009278692606631573540062909909132231,1.2.826.0.1.3680043.8.498.33836648034724869721686434744559693623,1.2.826.0.1.3680043.8.498.10874252013796459542190491177385009212,t2_tse_sag_448_2.5mm,6001,MR,KNEE,,*tseR2d1rr18,MONOCHROME2,f7648f12-847,,,Siemens Healthineers,MAGNETOM Lumina,L,FFS,1.2.840.10008.1.2.1,416,416,9,,0.012993;0.999165;0.0387266;-0.0222036;0.0390087;-0.998992,45.6438;-115.315;74.688,0.432692;0.432692,2.5,3.0,1,16,12,11,0,1.0,0.0
train_series\1.2.826.0.1.3680043.8.498.33836648034724869721686434744559693623\1.2.826.0.1.3680043.8.498.10930276864778752885844707931016873069.dcm,1.2.826.0.1.3680043.8.498.10009278692606631573540062909909132231,1.2.826.0.1.3680043.8.498.33836648034724869721686434744559693623,1.2.826.0.1.3680043.8.498.10930276864778752885844707931016873069,t2_tse_sag_448_2.5mm,6001,MR,KNEE,,*tseR2d1rr18,MONOCHROME2,f7648f12-847,,,Siemens Healthineers,MAGNETOM Lumina,L,FFS,1.2.840.10008.1.2.1,416,416,6,,0.012993;0.999165;0.0387266;-0.0222036;0.0390087;-0.998992,36.6467;-115.206;74.8922,0.432692;0.432692,2.5,3.0,1,16,12,11,0,1.0,0.0
train_series\1.2.826.0.1.3680043.8.498.33836648034724869721686434744559693623\1.2.826.0.1.3680043.8.498.11299097161003377066819151496644228397.dcm,1.2.826.0.1.3680043.8.498.10009278692606631573540062909909132231,1.2.826.0.1.3680043.8.498.33836648034724869721686434744559693623,1.2.826.0.1.3680043.8.498.11299097161003377066819151496644228397,t2_tse_sag_448_2.5mm,6001,MR,KNEE,,*tseR2d1rr18,MONOCHROME2,f7648f12-847,,,Siemens Healthineers,MAGNETOM Lumina,L,FFS,1.2.840.10008.1.2.1,416,416,4,,0.012993;0.999165;0.0387266;-0.0222036;0.0390087;-0.998992,30.6487;-115.133;75.0283,0.432692;0.432692,2.5,3.0,1,16,12,11,0,1.0,0.0
train_series\1.2.826.0.1.3680043.8.498.33836648034724869721686434744559693623\1.2.826.0.1.3680043.8.498.11750212226687682754856596055605850666.dcm,1.2.826.0.1.3680043.8.498.10009278692606631573540062909909132231,1.2.826.0.1.3680043.8.498.33836648034724869721686434744559693623,1.2.826.0.1.3680043.8.498.11750212226687682754856596055605850666,t2_tse_sag_448_2.5mm,6001,MR,KNEE,,*tseR2d1rr18,MONOCHROME2,f7648f12-847,,,Siemens Healthineers,MAGNETOM Lumina,L,FFS,1.2.840.10008.1.2.1,416,416,28,,0.012993;0.999165;0.0387266;-0.0222036;0.0390087;-0.998992,102.625;-116.006;73.3945,0.432692;0.432692,2.5,3.0,1,16,12,11,0,1.0,0.0
train_series\1.2.826.0.1.3680043.8.498.33836648034724869721686434744559693623\1.2.826.0.1.3680043.8.498.12402315377371394690671620303686662084.dcm,1.2.826.0.1.3680043.8.498.10009278692606631573540062909909132231,1.2.826.0.1.3680043.8.498.33836648034724869721686434744559693623,1.2.826.0.1.3680043.8.498.12402315377371394690671620303686662084,t2_tse_sag_448_2.5mm,6001,MR,KNEE,,*tseR2d1rr18,MONOCHROME2,f7648f12-847,,,Siemens Healthineers,MAGNETOM Lumina,L,FFS,1.2.840.10008.1.2.1,416,416,8,,0.012993;0.999165;0.0387266;-0.0222036;0.0390087;-0.998992,42.6447;-115.279;74.756,0.432692;0.432692,2.5,3.0,1,16,12,11,0,1.0,0.0
train_series\1.2.826.0.1.3680043.8.498.33836648034724869721686434744559693623\1.2.826.0.1.3680043.8.498.12450426973301129668572514315603489062.dcm,1.2.826.0.1.3680043.8.498.10009278692606631573540062909909132231,1.2.826.0.1.3680043.8.498.33836648034724869721686434744559693623,1.2.826.0.1.3680043.8.498.12450426973301129668572514315603489062,t2_tse_sag_448_2.5mm,6001,MR,KNEE,,*tseR2d1rr18,MONOCHROME2,f7648f12-847,,,Siemens Healthineers,MAGNETOM Lumina,L,FFS,1.2.840.10008.1.2.1,416,416,16,,0.012993;0.999165;0.0387266;-0.0222036;0.0390087;-0.998992,66.6368;-115.57;74.2114,0.432692;0.432692,2.5,3.0,1,16,12,11,0,1.0,0.0
train_series\1.2.826.0.1.3680043.8.498.33836648034724869721686434744559693623\1.2.826.0.1.3680043.8.498.12504276711946136668428982527609866187.dcm,1.2.826.0.1.3680043.8.498.10009278692606631573540062909909132231,1.2.826.0.1.3680043.8.498.33836648034724869721686434744559693623,1.2.826.0.1.3680043.8.498.12504276711946136668428982527609866187,t2_tse_sag_448_2.5mm,6001,MR,KNEE,,*tseR2d1rr18,MONOCHROME2,f7648f12-847,,,Siemens Healthineers,MAGNETOM Lumina,L,FFS,1.2.840.10008.1.2.1,416,416,37,,0.012993;0.999165;0.0387266;-0.0222036;0.0390087;-0.998992,129.616;-116.333;72.7818,0.432692;0.432692,2.5,3.0,1,16,12,11,0,1.0,0.0
train_series\1.2.826.0.1.3680043.8.498.33836648034724869721686434744559693623\1.2.826.0.1.3680043.8.498.12737093030794562350603585980842805853.dcm,1.2.826.0.1.3680043.8.498.10009278692606631573540062909909132231,1.2.826.0.1.3680043.8.498.33836648034724869721686434744559693623,1.2.826.0.1.3680043.8.498.12737093030794562350603585980842805853,t2_tse_sag_448_2.5mm,6001,MR,KNEE,,*tseR2d1rr18,MONOCHROME2,f7648f12-847,,,Siemens Healthineers,MAGNETOM Lumina,L,FFS,1.2.840.10008.1.2.1,416,416,5,,0.012993;0.999165;0.0387266;-0.0222036;0.0390087;-0.998992,33.6477;-115.17;74.9603,0.432692;0.432692,2.5,3.0,1,16,12,11,0,1.0,0.0
train_series\1.2.826.0.1.3680043.8.498.33836648034724869721686434744559693623\1.2.826.0.1.3680043.8.498.13073807907531423865357053262088603463.dcm,1.2.826.0.1.3680043.8.498.10009278692606631573540062909909132231,1.2.826.0.1.3680043.8.498.33836648034724869721686434744559693623,1.2.826.0.1.3680043.8.498.13073807907531423865357053262088603463,t2_tse_sag_448_2.5mm,6001,MR,KNEE,,*tseR2d1rr18,MONOCHROME2,f7648f12-847,,,Siemens Healthineers,MAGNETOM Lumina,L,FFS,1.2.840.10008.1.2.1,416,416,31,,0.012993;0.999165;0.0387266;-0.0222036;0.0390087;-0.998992,111.622;-116.115;73.1903,0.432692;0.432692,2.5,3.0,1,16,12,11,0,1.0,0.0
train_series\1.2.826.0.1.3680043.8.498.33836648034724869721686434744559693623\1.2.826.0.1.3680043.8.498.13383231258635961620038744490380220595.dcm,1.2.826.0.1.3680043.8.498.10009278692606631573540062909909132231,1.2.826.0.1.3680043.8.498.33836648034724869721686434744559693623,1.2.826.0.1.3680043.8.498.13383231258635961620038744490380220595,t2_tse_sag_448_2.5mm,6001,MR,KNEE,,*tseR2d1rr18,MONOCHROME2,f7648f12-847,,,Siemens Healthineers,MAGNETOM Lumina,L,FFS,1.2.840.10008.1.2.1,416,416,34,,0.012993;0.999165;0.0387266;-0.0222036;0.0390087;-0.998992,120.619;-116.224;72.9861,0.432692;0.432692,2.5,3.0,1,16,12,11,0,1.0,0.0
train_series\1.2.826.0.1.3680043.8.498.33836648034724869721686434744559693623\1.2.826.0.1.3680043.8.498.14939808154284874666048887080441870542.dcm,1.2.826.0.1.3680043.8.498.10009278692606631573540062909909132231,1.2.826.0.1.3680043.8.498.33836648034724869721686434744559693623,1.2.826.0.1.3680043.8.498.14939808154284874666048887080441870542,t2_tse_sag_448_2.5mm,6001,MR,KNEE,,*tseR2d1rr18,MONOCHROME2,f7648f12-847,,,Siemens Healthineers,MAGNETOM Lumina,L,FFS,1.2.840.10008.1.2.1,416,416,3,,0.012993;0.999165;0.0387266;-0.0222036;0.0390087;-0.998992,27.6497;-115.097;75.0964,0.432692;0.432692,2.5,3.0,1,16,12,11,0,1.0,0.0
train_series\1.2.826.0.1.3680043.8.498.33836648034724869721686434744559693623\1.2.826.0.1.3680043.8.498.15910895586640103483508390534208689951.dcm,1.2.826.0.1.3680043.8.498.10009278692606631573540062909909132231,1.2.826.0.1.3680043.8.498.33836648034724869721686434744559693623,1.2.826.0.1.3680043.8.498.15910895586640103483508390534208689951,t2_tse_sag_448_2.5mm,6001,MR,KNEE,,*tseR2d1rr18,MONOCHROME2,f7648f12-847,,,Siemens Healthineers,MAGNETOM Lumina,L,FFS,1.2.840.10008.1.2.1,416,416,11,,0.012993;0.999165;0.0387266;-0.0222036;0.0390087;-0.998992,51.6418;-115.388;74.5518,0.432692;0.432692,2.5,3.0,1,16,12,11,0,1.0,0.0
train_series\1.2.826.0.1.3680043.8.498.33836648034724869721686434744559693623\1.2.826.0.1.3680043.8.498.17905031502679836863526628257364136990.dcm,1.2.826.0.1.3680043.8.498.10009278692606631573540062909909132231,1.2.826.0.1.3680043.8.498.33836648034724869721686434744559693623,1.2.826.0.1.3680043.8.498.17905031502679836863526628257364136990,t2_tse_sag_448_2.5mm,6001,MR,KNEE,,*tseR2d1rr18,MONOCHROME2,f7648f12-847,,,Siemens Healthineers,MAGNETOM Lumina,L,FFS,1.2.840.10008.1.2.1,416,416,25,,0.012993;0.999165;0.0387266;-0.0222036;0.0390087;-0.998992,93.6279;-115.897;73.5987,0.432692;0.432692,2.5,3.0,1,16,12,11,0,1.0,0.0
train_series\1.2.826.0.1.3680043.8.498.33836648034724869721686434744559693623\1.2.826.0.1.3680043.8.498.18561918041741126325524457461588634416.dcm,1.2.826.0.1.3680043.8.498.10009278692606631573540062909909132231,1.2.826.0.1.3680043.8.498.33836648034724869721686434744559693623,1.2.826.0.1.3680043.8.498.18561918041741126325524457461588634416,t2_tse_sag_448_2.5mm,6001,MR,KNEE,,*tseR2d1rr18,MONOCHROME2,f7648f12-847,,,Siemens Healthineers,MAGNETOM Lumina,L,FFS,1.2.840.10008.1.2.1,416,416,27,,0.012993;0.999165;0.0387266;-0.0222036;0.0390087;-0.998992,99.6259;-115.97;73.4626,0.432692;0.432692,2.5,3.0,1,16,12,11,0,1.0,0.0
train_series\1.2.826.0.1.3680043.8.498.33836648034724869721686434744559693623\1.2.826.0.1.3680043.8.498.19730259751148324438059900004623888243.dcm,1.2.826.0.1.3680043.8.498.10009278692606631573540062909909132231,1.2.826.0.1.3680043.8.498.33836648034724869721686434744559693623,1.2.826.0.1.3680043.8.498.19730259751148324438059900004623888243,t2_tse_sag_448_2.5mm,6001,MR,KNEE,,*tseR2d1rr18,MONOCHROME2,f7648f12-847,,,Siemens Healthineers,MAGNETOM Lumina,L,FFS,1.2.840.10008.1.2.1,416,416,17,,0.012993;0.999165;0.0387266;-0.0222036;0.0390087;-0.998992,69.6358;-115.606;74.1433,0.432692;0.432692,2.5,3.0,1,16,12,11,0,1.0,0.0
train_series\1.2.826.0.1.3680043.8.498.33836648034724869721686434744559693623\1.2.826.0.1.3680043.8.498.27511045014610491508548267866386241038.dcm,1.2.826.0.1.3680043.8.498.10009278692606631573540062909909132231,1.2.826.0.1.3680043.8.498.33836648034724869721686434744559693623,1.2.826.0.1.3680043.8.498.27511045014610491508548267866386241038,t2_tse_sag_448_2.5mm,6001,MR,KNEE,,*tseR2d1rr18,MONOCHROME2,f7648f12-847,,,Siemens Healthineers,MAGNETOM Lumina,L,FFS,1.2.840.10008.1.2.1,416,416,30,,0.012993;0.999165;0.0387266;-0.0222036;0.0390087;-0.998992,108.623;-116.079;73.2584,0.432692;0.432692,2.5,3.0,1,16,12,11,0,1.0,0.0
train_series\1.2.826.0.1.3680043.8.498.33836648034724869721686434744559693623\1.2.826.0.1.3680043.8.498.40985805861112245876690758203767297815.dcm,1.2.826.0.1.3680043.8.498.10009278692606631573540062909909132231,1.2.826.0.1.3680043.8.498.33836648034724869721686434744559693623,1.2.826.0.1.3680043.8.498.40985805861112245876690758203767297815,t2_tse_sag_448_2.5mm,6001,MR,KNEE,,*tseR2d1rr18,MONOCHROME2,f7648f12-847,,,Siemens Healthineers,MAGNETOM Lumina,L,FFS,1.2.840.10008.1.2.1,416,416,29,,0.012993;0.999165;0.0387266;-0.0222036;0.0390087;-0.998992,105.624;-116.042;73.3264,0.432692;0.432692,2.5,3.0,1,16,12,11,0,1.0,0.0
train_series\1.2.826.0.1.3680043.8.498.33836648034724869721686434744559693623\1.2.826.0.1.3680043.8.498.43242674620852633040418579200386866706.dcm,1.2.826.0.1.3680043.8.498.10009278692606631573540062909909132231,1.2.826.0.1.3680043.8.498.33836648034724869721686434744559693623,1.2.826.0.1.3680043.8.498.43242674620852633040418579200386866706,t2_tse_sag_448_2.5mm,6001,MR,KNEE,,*tseR2d1rr18,MONOCHROME2,f7648f12-847,,,Siemens Healthineers,MAGNETOM Lumina,L,FFS,1.2.840.10008.1.2.1,416,416,19,,0.012993;0.999165;0.0387266;-0.0222036;0.0390087;-0.998992,75.6338;-115.679;74.0072,0.432692;0.432692,2.5,3.0,1,16,12,11,0,1.0,0.0
train_series\1.2.826.0.1.3680043.8.498.33836648034724869721686434744559693623\1.2.826.0.1.3680043.8.498.46882631510913639315566310538120178012.dcm,1.2.826.0.1.3680043.8.498.10009278692606631573540062909909132231,1.2.826.0.1.3680043.8.498.33836648034724869721686434744559693623,1.2.826.0.1.3680043.8.498.46882631510913639315566310538120178012,t2_tse_sag_448_2.5mm,6001,MR,KNEE,,*tseR2d1rr18,MONOCHROME2,f7648f12-847,,,Siemens Healthineers,MAGNETOM Lumina,L,FFS,1.2.840.10008.1.2.1,416,416,36,,0.012993;0.999165;0.0387266;-0.0222036;0.0390087;-0.998992,126.617;-116.297;72.8499,0.432692;0.432692,2.5,3.0,1,16,12,11,0,1.0,0.0
train_series\1.2.826.0.1.3680043.8.498.33836648034724869721686434744559693623\1.2.826.0.1.3680043.8.498.51491311709819476451224524468655720543.dcm,1.2.826.0.1.3680043.8.498.10009278692606631573540062909909132231,1.2.826.0.1.3680043.8.498.33836648034724869721686434744559693623,1.2.826.0.1.3680043.8.498.51491311709819476451224524468655720543,t2_tse_sag_448_2.5mm,6001,MR,KNEE,,*tseR2d1rr18,MONOCHROME2,f7648f12-847,,,Siemens Healthineers,MAGNETOM Lumina,L,FFS,1.2.840.10008.1.2.1,416,416,23,,0.012993;0.999165;0.0387266;-0.0222036;0.0390087;-0.998992,87.6298;-115.824;73.7349,0.432692;0.432692,2.5,3.0,1,16,12,11,0,1.0,0.0
train_series\1.2.826.0.1.3680043.8.498.33836648034724869721686434744559693623\1.2.826.0.1.3680043.8.498.51752384399635817998368622103860559538.dcm,1.2.826.0.1.3680043.8.498.10009278692606631573540062909909132231,1.2.826.0.1.3680043.8.498.33836648034724869721686434744559693623,1.2.826.0.1.3680043.8.498.51752384399635817998368622103860559538,t2_tse_sag_448_2.5mm,6001,MR,KNEE,,*tseR2d1rr18,MONOCHROME2,f7648f12-847,,,Siemens Healthineers,MAGNETOM Lumina,L,FFS,1.2.840.10008.1.2.1,416,416,2,,0.012993;0.999165;0.0387266;-0.0222036;0.0390087;-0.998992,24.6507;-115.061;75.1645,0.432692;0.432692,2.5,3.0,1,16,12,11,0,1.0,0.0
train_series\1.2.826.0.1.3680043.8.498.33836648034724869721686434744559693623\1.2.826.0.1.3680043.8.498.52027385846357670889529528898935075146.dcm,1.2.826.0.1.3680043.8.498.10009278692606631573540062909909132231,1.2.826.0.1.3680043.8.498.33836648034724869721686434744559693623,1.2.826.0.1.3680043.8.498.52027385846357670889529528898935075146,t2_tse_sag_448_2.5mm,6001,MR,KNEE,,*tseR2d1rr18,MONOCHROME2,f7648f12-847,,,Siemens Healthineers,MAGNETOM Lumina,L,FFS,1.2.840.10008.1.2.1,416,416,1,,0.012993;0.999165;0.0387266;-0.0222036;0.0390087;-0.998992,21.6517;-115.024;75.2326,0.432692;0.432692,2.5,3.0,1,16,12,11,0,1.0,0.0
train_series\1.2.826.0.1.3680043.8.498.33836648034724869721686434744559693623\1.2.826.0.1.3680043.8.498.55181160179753369106950709407924243448.dcm,1.2.826.0.1.3680043.8.498.10009278692606631573540062909909132231,1.2.826.0.1.3680043.8.498.33836648034724869721686434744559693623,1.2.826.0.1.3680043.8.498.55181160179753369106950709407924243448,t2_tse_sag_448_2.5mm,6001,MR,KNEE,,*tseR2d1rr18,MONOCHROME2,f7648f12-847,,,Siemens Healthineers,MAGNETOM Lumina,L,FFS,1.2.840.10008.1.2.1,416,416,18,,0.012993;0.999165;0.0387266;-0.0222036;0.0390087;-0.998992,72.6348;-115.642;74.0753,0.432692;0.432692,2.5,3.0,1,16,12,11,0,1.0,0.0
train_series\1.2.826.0.1.3680043.8.498.33836648034724869721686434744559693623\1.2.826.0.1.3680043.8.498.55845193152398508714267244096058496592.dcm,1.2.826.0.1.3680043.8.498.10009278692606631573540062909909132231,1.2.826.0.1.3680043.8.498.33836648034724869721686434744559693623,1.2.826.0.1.3680043.8.498.55845193152398508714267244096058496592,t2_tse_sag_448_2.5mm,6001,MR,KNEE,,*tseR2d1rr18,MONOCHROME2,f7648f12-847,,,Siemens Healthineers,MAGNETOM Lumina,L,FFS,1.2.840.10008.1.2.1,416,416,10,,0.012993;0.999165;0.0387266;-0.0222036;0.0390087;-0.998992,48.6428;-115.352;74.6199,0.432692;0.432692,2.5,3.0,1,16,12,11,0,1.0,0.0
train_series\1.2.826.0.1.3680043.8.498.33836648034724869721686434744559693623\1.2.826.0.1.3680043.8.498.61113637637528195177910482264746580271.dcm,1.2.826.0.1.3680043.8.498.10009278692606631573540062909909132231,1.2.826.0.1.3680043.8.498.33836648034724869721686434744559693623,1.2.826.0.1.3680043.8.498.61113637637528195177910482264746580271,t2_tse_sag_448_2.5mm,6001,MR,KNEE,,*tseR2d1rr18,MONOCHROME2,f7648f12-847,,,Siemens Healthineers,MAGNETOM Lumina,L,FFS,1.2.840.10008.1.2.1,416,416,22,,0.012993;0.999165;0.0387266;-0.0222036;0.0390087;-0.998992,84.6308;-115.788;73.803,0.432692;0.432692,2.5,3.0,1,16,12,11,0,1.0,0.0
train_series\1.2.826.0.1.3680043.8.498.33836648034724869721686434744559693623\1.2.826.0.1.3680043.8.498.62277067441533639945186967475862635584.dcm,1.2.826.0.1.3680043.8.498.10009278692606631573540062909909132231,1.2.826.0.1.3680043.8.498.33836648034724869721686434744559693623,1.2.826.0.1.3680043.8.498.62277067441533639945186967475862635584,t2_tse_sag_448_2.5mm,6001,MR,KNEE,,*tseR2d1rr18,MONOCHROME2,f7648f12-847,,,Siemens Healthineers,MAGNETOM Lumina,L,FFS,1.2.840.10008.1.2.1,416,416,12,,0.012993;0.999165;0.0387266;-0.0222036;0.0390087;-0.998992,54.6408;-115.424;74.4837,0.432692;0.432692,2.5,3.0,1,16,12,11,0,1.0,0.0
train_series\1.2.826.0.1.3680043.8.498.33836648034724869721686434744559693623\1.2.826.0.1.3680043.8.498.65244328777750440116051776371353510178.dcm,1.2.826.0.1.3680043.8.498.10009278692606631573540062909909132231,1.2.826.0.1.3680043.8.498.33836648034724869721686434744559693623,1.2.826.0.1.3680043.8.498.65244328777750440116051776371353510178,t2_tse_sag_448_2.5mm,6001,MR,KNEE,,*tseR2d1rr18,MONOCHROME2,f7648f12-847,,,Siemens Healthineers,MAGNETOM Lumina,L,FFS,1.2.840.10008.1.2.1,416,416,21,,0.012993;0.999165;0.0387266;-0.0222036;0.0390087;-0.998992,81.6318;-115.752;73.871,0.432692;0.432692,2.5,3.0,1,16,12,11,0,1.0,0.0
train_series\1.2.826.0.1.3680043.8.498.33836648034724869721686434744559693623\1.2.826.0.1.3680043.8.498.73164161979336112647930622936438260777.dcm,1.2.826.0.1.3680043.8.498.10009278692606631573540062909909132231,1.2.826.0.1.3680043.8.498.33836648034724869721686434744559693623,1.2.826.0.1.3680043.8.498.73164161979336112647930622936438260777,t2_tse_sag_448_2.5mm,6001,MR,KNEE,,*tseR2d1rr18,MONOCHROME2,f7648f12-847,,,Siemens Healthineers,MAGNETOM Lumina,L,FFS,1.2.840.10008.1.2.1,416,416,38,,0.012993;0.999165;0.0387266;-0.0222036;0.0390087;-0.998992,132.615;-116.37;72.7137,0.432692;0.432692,2.5,3.0,1,16,12,11,0,1.0,0.0
train_series\1.2.826.0.1.3680043.8.498.33836648034724869721686434744559693623\1.2.826.0.1.3680043.8.498.73424615976063818233078584383626012176.dcm,1.2.826.0.1.3680043.8.498.10009278692606631573540062909909132231,1.2.826.0.1.3680043.8.498.33836648034724869721686434744559693623,1.2.826.0.1.3680043.8.498.73424615976063818233078584383626012176,t2_tse_sag_448_2.5mm,6001,MR,KNEE,,*tseR2d1rr18,MONOCHROME2,f7648f12-847,,,Siemens Healthineers,MAGNETOM Lumina,L,FFS,1.2.840.10008.1.2.1,416,416,7,,0.012993;0.999165;0.0387266;-0.0222036;0.0390087;-0.998992,39.6457;-115.243;74.8241,0.432692;0.432692,2.5,3.0,1,16,12,11,0,1.0,0.0
train_series\1.2.826.0.1.3680043.8.498.33836648034724869721686434744559693623\1.2.826.0.1.3680043.8.498.73924547996792188756188529218086309875.dcm,1.2.826.0.1.3680043.8.498.10009278692606631573540062909909132231,1.2.826.0.1.3680043.8.498.33836648034724869721686434744559693623,1.2.826.0.1.3680043.8.498.73924547996792188756188529218086309875,t2_tse_sag_448_2.5mm,6001,MR,KNEE,,*tseR2d1rr18,MONOCHROME2,f7648f12-847,,,Siemens Healthineers,MAGNETOM Lumina,L,FFS,1.2.840.10008.1.2.1,416,416,20,,0.012993;0.999165;0.0387266;-0.0222036;0.0390087;-0.998992,78.6328;-115.715;73.9391,0.432692;0.432692,2.5,3.0,1,16,12,11,0,1.0,0.0
train_series\1.2.826.0.1.3680043.8.498.33836648034724869721686434744559693623\1.2.826.0.1.3680043.8.498.83401861426670199536615347637365865940.dcm,1.2.826.0.1.3680043.8.498.10009278692606631573540062909909132231,1.2.826.0.1.3680043.8.498.33836648034724869721686434744559693623,1.2.826.0.1.3680043.8.498.83401861426670199536615347637365865940,t2_tse_sag_448_2.5mm,6001,MR,KNEE,,*tseR2d1rr18,MONOCHROME2,f7648f12-847,,,Siemens Healthineers,MAGNETOM Lumina,L,FFS,1.2.840.10008.1.2.1,416,416,15,,0.012993;0.999165;0.0387266;-0.0222036;0.0390087;-0.998992,63.6378;-115.533;74.2795,0.432692;0.432692,2.5,3.0,1,16,12,11,0,1.0,0.0
train_series\1.2.826.0.1.3680043.8.498.33836648034724869721686434744559693623\1.2.826.0.1.3680043.8.498.83531423046397321537580931176737671968.dcm,1.2.826.0.1.3680043.8.498.10009278692606631573540062909909132231,1.2.826.0.1.3680043.8.498.33836648034724869721686434744559693623,1.2.826.0.1.3680043.8.498.83531423046397321537580931176737671968,t2_tse_sag_448_2.5mm,6001,MR,KNEE,,*tseR2d1rr18,MONOCHROME2,f7648f12-847,,,Siemens Healthineers,MAGNETOM Lumina,L,FFS,1.2.840.10008.1.2.1,416,416,32,,0.012993;0.999165;0.0387266;-0.0222036;0.0390087;-0.998992,114.621;-116.152;73.1222,0.432692;0.432692,2.5,3.0,1,16,12,11,0,1.0,0.0
train_series\1.2.826.0.1.3680043.8.498.33836648034724869721686434744559693623\1.2.826.0.1.3680043.8.498.84314798943464092297481601627109793445.dcm,1.2.826.0.1.3680043.8.498.10009278692606631573540062909909132231,1.2.826.0.1.3680043.8.498.33836648034724869721686434744559693623,1.2.826.0.1.3680043.8.498.84314798943464092297481601627109793445,t2_tse_sag_448_2.5mm,6001,MR,KNEE,,*tseR2d1rr18,MONOCHROME2,f7648f12-847,,,Siemens Healthineers,MAGNETOM Lumina,L,FFS,1.2.840.10008.1.2.1,416,416,26,,0.012993;0.999165;0.0387266;-0.0222036;0.0390087;-0.998992,96.6269;-115.933;73.5307,0.432692;0.432692,2.5,3.0,1,16,12,11,0,1.0,0.0
train_series\1.2.826.0.1.3680043.8.498.33836648034724869721686434744559693623\1.2.826.0.1.3680043.8.498.88532203967585551571854073514856217642.dcm,1.2.826.0.1.3680043.8.498.10009278692606631573540062909909132231,1.2.826.0.1.3680043.8.498.33836648034724869721686434744559693623,1.2.826.0.1.3680043.8.498.88532203967585551571854073514856217642,t2_tse_sag_448_2.5mm,6001,MR,KNEE,,*tseR2d1rr18,MONOCHROME2,f7648f12-847,,,Siemens Healthineers,MAGNETOM Lumina,L,FFS,1.2.840.10008.1.2.1,416,416,24,,0.012993;0.999165;0.0387266;-0.0222036;0.0390087;-0.998992,90.6289;-115.861;73.6668,0.432692;0.432692,2.5,3.0,1,16,12,11,0,1.0,0.0
train_series\1.2.826.0.1.3680043.8.498.33836648034724869721686434744559693623\1.2.826.0.1.3680043.8.498.89705743753154661352562132721474718058.dcm,1.2.826.0.1.3680043.8.498.10009278692606631573540062909909132231,1.2.826.0.1.3680043.8.498.33836648034724869721686434744559693623,1.2.826.0.1.3680043.8.498.89705743753154661352562132721474718058,t2_tse_sag_448_2.5mm,6001,MR,KNEE,,*tseR2d1rr18,MONOCHROME2,f7648f12-847,,,Siemens Healthineers,MAGNETOM Lumina,L,FFS,1.2.840.10008.1.2.1,416,416,35,,0.012993;0.999165;0.0387266;-0.0222036;0.0390087;-0.998992,123.618;-116.261;72.918,0.432692;0.432692,2.5,3.0,1,16,12,11,0,1.0,0.0
train_series\1.2.826.0.1.3680043.8.498.40734206102458723096154687147390476697\1.2.826.0.1.3680043.8.498.11833676104474858119165818271785232721.dcm,1.2.826.0.1.3680043.8.498.10004873229099053869093324292195817260,1.2.826.0.1.3680043.8.498.40734206102458723096154687147390476697,1.2.826.0.1.3680043.8.498.11833676104474858119165818271785232721,DP SPAIR_CS,601,MR,KNEE,,,MONOCHROME2,b9d20b75-edf,,,Philips Healthcare,Ingenia,,FFS,1.2.840.10008.1.2.1,560,560,3,1.0,0.99682224;-0.07891389;-0.010865887;-0.0051275273;0.072558448;-0.99735099,-193.99233;-94.451664;96.513262,0.30745044;0.30745044,4.0,6.595,1,16,12,11,0,2.91258,0.0
train_series\1.2.826.0.1.3680043.8.498.40734206102458723096154687147390476697\1.2.826.0.1.3680043.8.498.12956040595344187843453529957722570952.dcm,1.2.826.0.1.3680043.8.498.10004873229099053869093324292195817260,1.2.826.0.1.3680043.8.498.40734206102458723096154687147390476697,1.2.826.0.1.3680043.8.498.12956040595344187843453529957722570952,DP SPAIR_CS,601,MR,KNEE,,,MONOCHROME2,b9d20b75-edf,,,Philips Healthcare,Ingenia,,FFS,1.2.840.10008.1.2.1,560,560,2,1.0,0.99682224;-0.07891389;-0.010865887;-0.0051275273;0.072558448;-0.99735099,-194.51657;-101.00849;96.038942,0.30745044;0.30745044,4.0,6.595,1,16,12,11,0,2.91258,0.0
train_series\1.2.826.0.1.3680043.8.498.40734206102458723096154687147390476697\1.2.826.0.1.3680043.8.498.13331221257457459619511506852842388761.dcm,1.2.826.0.1.3680043.8.498.10004873229099053869093324292195817260,1.2.826.0.1.3680043.8.498.40734206102458723096154687147390476697,1.2.826.0.1.3680043.8.498.13331221257457459619511506852842388761,DP SPAIR_CS,601,MR,KNEE,,,MONOCHROME2,b9d20b75-edf,,,Philips Healthcare,Ingenia,,FFS,1.2.840.10008.1.2.1,560,560,13,1.0,0.99682224;-0.07891389;-0.010865887;-0.0051275273;0.072558448;-0.99735099,-188.74989;-28.88348;101.25647,0.30745044;0.30745044,4.0,6.595,1,16,12,11,0,2.91258,0.0
train_series\1.2.826.0.1.3680043.8.498.40734206102458723096154687147390476697\1.2.826.0.1.3680043.8.498.31066553483567909142189031879812297531.dcm,1.2.826.0.1.3680043.8.498.10004873229099053869093324292195817260,1.2.826.0.1.3680043.8.498.40734206102458723096154687147390476697,1.2.826.0.1.3680043.8.498.31066553483567909142189031879812297531,DP SPAIR_CS,601,MR,KNEE,,,MONOCHROME2,b9d20b75-edf,,,Philips Healthcare,Ingenia,,FFS,1.2.840.10008.1.2.1,560,560,12,1.0,0.99682224;-0.07891389;-0.010865887;-0.0051275273;0.072558448;-0.99735099,-189.27413;-35.4403;100.78215,0.30745044;0.30745044,4.0,6.595,1,16,12,11,0,2.91258,0.0
train_series\1.2.826.0.1.3680043.8.498.40734206102458723096154687147390476697\1.2.826.0.1.3680043.8.498.32646589118651404301508733643185714344.dcm,1.2.826.0.1.3680043.8.498.10004873229099053869093324292195817260,1.2.826.0.1.3680043.8.498.40734206102458723096154687147390476697,1.2.826.0.1.3680043.8.498.32646589118651404301508733643185714344,DP SPAIR_CS,601,MR,KNEE,,,MONOCHROME2,b9d20b75-edf,,,Philips Healthcare,Ingenia,,FFS,1.2.840.10008.1.2.1,560,560,6,1.0,0.99682224;-0.07891389;-0.010865887;-0.0051275273;0.072558448;-0.99735099,-192.4196;-74.781208;97.936225,0.30745044;0.30745044,4.0,6.595,1,16,12,11,0,2.91258,0.0
train_series\1.2.826.0.1.3680043.8.498.40734206102458723096154687147390476697\1.2.826.0.1.3680043.8.498.43250951278060755964105018359236868934.dcm,1.2.826.0.1.3680043.8.498.10004873229099053869093324292195817260,1.2.826.0.1.3680043.8.498.40734206102458723096154687147390476697,1.2.826.0.1.3680043.8.498.43250951278060755964105018359236868934,DP SPAIR_CS,601,MR,KNEE,,,MONOCHROME2,b9d20b75-edf,,,Philips Healthcare,Ingenia,,FFS,1.2.840.10008.1.2.1,560,560,7,1.0,0.99682224;-0.07891389;-0.010865887;-0.0051275273;0.072558448;-0.99735099,-191.89536;-68.224392;98.410547,0.30745044;0.30745044,4.0,6.595,1,16,12,11,0,2.91258,0.0
train_series\1.2.826.0.1.3680043.8.498.40734206102458723096154687147390476697\1.2.826.0.1.3680043.8.498.47647528655734832704233179493989934741.dcm,1.2.826.0.1.3680043.8.498.10004873229099053869093324292195817260,1.2.826.0.1.3680043.8.498.40734206102458723096154687147390476697,1.2.826.0.1.3680043.8.498.47647528655734832704233179493989934741,DP SPAIR_CS,601,MR,KNEE,,,MONOCHROME2,b9d20b75-edf,,,Philips Healthcare,Ingenia,,FFS,1.2.840.10008.1.2.1,560,560,14,1.0,0.99682224;-0.07891389;-0.010865887;-0.0051275273;0.072558448;-0.99735099,-188.22565;-22.326662;101.73079,0.30745044;0.30745044,4.0,6.595,1,16,12,11,0,2.91258,0.0
train_series\1.2.826.0.1.3680043.8.498.40734206102458723096154687147390476697\1.2.826.0.1.3680043.8.498.52749055414271652152426650918722293276.dcm,1.2.826.0.1.3680043.8.498.10004873229099053869093324292195817260,1.2.826.0.1.3680043.8.498.40734206102458723096154687147390476697,1.2.826.0.1.3680043.8.498.52749055414271652152426650918722293276,DP SPAIR_CS,601,MR,KNEE,,,MONOCHROME2,b9d20b75-edf,,,Philips Healthcare,Ingenia,,FFS,1.2.840.10008.1.2.1,560,560,5,1.0,0.99682224;-0.07891389;-0.010865887;-0.0051275273;0.072558448;-0.99735099,-192.94384;-81.338032;97.461904,0.30745044;0.30745044,4.0,6.595,1,16,12,11,0,2.91258,0.0
train_series\1.2.826.0.1.3680043.8.498.40734206102458723096154687147390476697\1.2.826.0.1.3680043.8.498.63162298405408441101612268437087245185.dcm,1.2.826.0.1.3680043.8.498.10004873229099053869093324292195817260,1.2.826.0.1.3680043.8.498.40734206102458723096154687147390476697,1.2.826.0.1.3680043.8.498.63162298405408441101612268437087245185,DP SPAIR_CS,601,MR,KNEE,,,MONOCHROME2,b9d20b75-edf,,,Philips Healthcare,Ingenia,,FFS,1.2.840.10008.1.2.1,560,560,15,1.0,0.99682224;-0.07891389;-0.010865887;-0.0051275273;0.072558448;-0.99735099,-187.7014;-15.769843;102.20511,0.30745044;0.30745044,4.0,6.595,1,16,12,11,0,2.91258,0.0
train_series\1.2.826.0.1.3680043.8.498.40734206102458723096154687147390476697\1.2.826.0.1.3680043.8.498.74281164370579621741004318059217344489.dcm,1.2.826.0.1.3680043.8.498.10004873229099053869093324292195817260,1.2.826.0.1.3680043.8.498.40734206102458723096154687147390476697,1.2.826.0.1.3680043.8.498.74281164370579621741004318059217344489,DP SPAIR_CS,601,MR,KNEE,,,MONOCHROME2,b9d20b75-edf,,,Philips Healthcare,Ingenia,,FFS,1.2.840.10008.1.2.1,560,560,16,1.0,0.99682224;-0.07891389;-0.010865887;-0.0051275273;0.072558448;-0.99735099,-187.17716;-9.2130245;102.67944,0.30745044;0.30745044,4.0,6.595,1,16,12,11,0,2.91258,0.0
train_series\1.2.826.0.1.3680043.8.498.40734206102458723096154687147390476697\1.2.826.0.1.3680043.8.498.79254440414905802713884332105993803458.dcm,1.2.826.0.1.3680043.8.498.10004873229099053869093324292195817260,1.2.826.0.1.3680043.8.498.40734206102458723096154687147390476697,1.2.826.0.1.3680043.8.498.79254440414905802713884332105993803458,DP SPAIR_CS,601,MR,KNEE,,,MONOCHROME2,b9d20b75-edf,,,Philips Healthcare,Ingenia,,FFS,1.2.840.10008.1.2.1,560,560,9,1.0,0.99682224;-0.07891389;-0.010865887;-0.0051275273;0.072558448;-0.99735099,-190.84686;-55.110756;99.359189,0.30745044;0.30745044,4.0,6.595,1,16,12,11,0,2.91258,0.0
train_series\1.2.826.0.1.3680043.8.498.40734206102458723096154687147390476697\1.2.826.0.1.3680043.8.498.84913836316808807096047230273138119285.dcm,1.2.826.0.1.3680043.8.498.10004873229099053869093324292195817260,1.2.826.0.1.3680043.8.498.40734206102458723096154687147390476697,1.2.826.0.1.3680043.8.498.84913836316808807096047230273138119285,DP SPAIR_CS,601,MR,KNEE,,,MONOCHROME2,b9d20b75-edf,,,Philips Healthcare,Ingenia,,FFS,1.2.840.10008.1.2.1,560,560,1,1.0,0.99682224;-0.07891389;-0.010865887;-0.0051275273;0.072558448;-0.99735099,-195.04082;-107.5653;95.56462,0.30745044;0.30745044,4.0,6.595,1,16,12,11,0,2.91258,0.0
train_series\1.2.826.0.1.3680043.8.498.40734206102458723096154687147390476697\1.2.826.0.1.3680043.8.498.84940587737063172414458197536498603352.dcm,1.2.826.0.1.3680043.8.498.10004873229099053869093324292195817260,1.2.826.0.1.3680043.8.498.40734206102458723096154687147390476697,1.2.826.0.1.3680043.8.498.84940587737063172414458197536498603352,DP SPAIR_CS,601,MR,KNEE,,,MONOCHROME2,b9d20b75-edf,,,Philips Healthcare,Ingenia,,FFS,1.2.840.10008.1.2.1,560,560,10,1.0,0.99682224;-0.07891389;-0.010865887;-0.0051275273;0.072558448;-0.99735099,-190.32262;-48.553936;99.833509,0.30745044;0.30745044,4.0,6.595,1,16,12,11,0,2.91258,0.0
train_series\1.2.826.0.1.3680043.8.498.40734206102458723096154687147390476697\1.2.826.0.1.3680043.8.498.90588142993806851126302159762054520484.dcm,1.2.826.0.1.3680043.8.498.10004873229099053869093324292195817260,1.2.826.0.1.3680043.8.498.40734206102458723096154687147390476697,1.2.826.0.1.3680043.8.498.90588142993806851126302159762054520484,DP SPAIR_CS,601,MR,KNEE,,,MONOCHROME2,b9d20b75-edf,,,Philips Healthcare,Ingenia,,FFS,1.2.840.10008.1.2.1,560,560,11,1.0,0.99682224;-0.07891389;-0.010865887;-0.0051275273;0.072558448;-0.99735099,-189.79838;-41.997116;100.30783,0.30745044;0.30745044,4.0,6.595,1,16,12,11,0,2.91258,0.0
train_series\1.2.826.0.1.3680043.8.498.40734206102458723096154687147390476697\1.2.826.0.1.3680043.8.498.91292040887489625093990241170279410150.dcm,1.2.826.0.1.3680043.8.498.10004873229099053869093324292195817260,1.2.826.0.1.3680043.8.498.40734206102458723096154687147390476697,1.2.826.0.1.3680043.8.498.91292040887489625093990241170279410150,DP SPAIR_CS,601,MR,KNEE,,,MONOCHROME2,b9d20b75-edf,,,Philips Healthcare,Ingenia,,FFS,1.2.840.10008.1.2.1,560,560,4,1.0,0.99682224;-0.07891389;-0.010865887;-0.0051275273;0.072558448;-0.99735099,-193.46809;-87.894848;96.987584,0.30745044;0.30745044,4.0,6.595,1,16,12,11,0,2.91258,0.0
train_series\1.2.826.0.1.3680043.8.498.40734206102458723096154687147390476697\1.2.826.0.1.3680043.8.498.99435129020823778247825836092850724032.dcm,1.2.826.0.1.3680043.8.498.10004873229099053869093324292195817260,1.2.826.0.1.3680043.8.498.40734206102458723096154687147390476697,1.2.826.0.1.3680043.8.498.99435129020823778247825836092850724032,DP SPAIR_CS,601,MR,KNEE,,,MONOCHROME2,b9d20b75-edf,,,Philips Healthcare,Ingenia,,FFS,1.2.840.10008.1.2.1,560,560,8,1.0,0.99682224;-0.07891389;-0.010865887;-0.0051275273;0.072558448;-0.99735099,-191.37111;-61.667572;98.884867,0.30745044;0.30745044,4.0,6.595,1,16,12,11,0,2.91258,0.0
train_series\1.2.826.0.1.3680043.8.498.70243599053060014636616038265618938578\1.2.826.0.1.3680043.8.498.10297597951882427563131920978184857461.dcm,1.2.826.0.1.3680043.8.498.10013663742400736029415768216599146542,1.2.826.0.1.3680043.8.498.70243599053060014636616038265618938578,1.2.826.0.1.3680043.8.498.10297597951882427563131920978184857461,RT. T2_TSE_SAG_FS,5,MR,KNEE,,*tseR2d1_11,MONOCHROME2,0adaf01b-2dc,,,Siemens Healthineers,MAGNETOM Aera,R,FFS,1.2.840.10008.1.2.1,320,320,19,,0.220762;0.975328;-9.96666e-09;-0.0324433;0.00734342;-0.999447,-105.411;-107.012;53.6114,0.5;0.5,3.0,3.3,1,16,12,11,0,1.0,0.0
train_series\1.2.826.0.1.3680043.8.498.70243599053060014636616038265618938578\1.2.826.0.1.3680043.8.498.10359955740176206802195174597708357573.dcm,1.2.826.0.1.3680043.8.498.10013663742400736029415768216599146542,1.2.826.0.1.3680043.8.498.70243599053060014636616038265618938578,1.2.826.0.1.3680043.8.498.10359955740176206802195174597708357573,RT. T2_TSE_SAG_FS,5,MR,KNEE,,*tseR2d1_11,MONOCHROME2,0adaf01b-2dc,,,Siemens Healthineers,MAGNETOM Aera,R,FFS,1.2.840.10008.1.2.1,320,320,30,,0.220762;0.975328;-9.96666e-09;-0.0324433;0.00734342;-0.999447,-140.795;-99.0025;54.8189,0.5;0.5,3.0,3.3,1,16,12,11,0,1.0,0.0
train_series\1.2.826.0.1.3680043.8.498.70243599053060014636616038265618938578\1.2.826.0.1.3680043.8.498.11381145642416829254271572435430544493.dcm,1.2.826.0.1.3680043.8.498.10013663742400736029415768216599146542,1.2.826.0.1.3680043.8.498.70243599053060014636616038265618938578,1.2.826.0.1.3680043.8.498.11381145642416829254271572435430544493,RT. T2_TSE_SAG_FS,5,MR,KNEE,,*tseR2d1_11,MONOCHROME2,0adaf01b-2dc,,,Siemens Healthineers,MAGNETOM Aera,R,FFS,1.2.840.10008.1.2.1,320,320,17,,0.220762;0.975328;-9.96666e-09;-0.0324433;0.00734342;-0.999447,-98.977;-108.468;53.3919,0.5;0.5,3.0,3.3,1,16,12,11,0,1.0,0.0
train_series\1.2.826.0.1.3680043.8.498.70243599053060014636616038265618938578\1.2.826.0.1.3680043.8.498.11890750913622790984862603836984019454.dcm,1.2.826.0.1.3680043.8.498.10013663742400736029415768216599146542,1.2.826.0.1.3680043.8.498.70243599053060014636616038265618938578,1.2.826.0.1.3680043.8.498.11890750913622790984862603836984019454,RT. T2_TSE_SAG_FS,5,MR,KNEE,,*tseR2d1_11,MONOCHROME2,0adaf01b-2dc,,,Siemens Healthineers,MAGNETOM Aera,R,FFS,1.2.840.10008.1.2.1,320,320,26,,0.220762;0.975328;-9.96666e-09;-0.0324433;0.00734342;-0.999447,-127.928;-101.915;54.3798,0.5;0.5,3.0,3.3,1,16,12,11,0,1.0,0.0
train_series\1.2.826.0.1.3680043.8.498.70243599053060014636616038265618938578\1.2.826.0.1.3680043.8.498.12018247952335400070861192336194100749.dcm,1.2.826.0.1.3680043.8.498.10013663742400736029415768216599146542,1.2.826.0.1.3680043.8.498.70243599053060014636616038265618938578,1.2.826.0.1.3680043.8.498.12018247952335400070861192336194100749,RT. T2_TSE_SAG_FS,5,MR,KNEE,,*tseR2d1_11,MONOCHROME2,0adaf01b-2dc,,,Siemens Healthineers,MAGNETOM Aera,R,FFS,1.2.840.10008.1.2.1,320,320,21,,0.220762;0.975328;-9.96666e-09;-0.0324433;0.00734342;-0.999447,-111.844;-105.556;53.8309,0.5;0.5,3.0,3.3,1,16,12,11,0,1.0,0.0
train_series\1.2.826.0.1.3680043.8.498.70243599053060014636616038265618938578\1.2.826.0.1.3680043.8.498.12201300967514594510371899925488577714.dcm,1.2.826.0.1.3680043.8.498.10013663742400736029415768216599146542,1.2.826.0.1.3680043.8.498.70243599053060014636616038265618938578,1.2.826.0.1.3680043.8.498.12201300967514594510371899925488577714,RT. T2_TSE_SAG_FS,5,MR,KNEE,,*tseR2d1_11,MONOCHROME2,0adaf01b-2dc,,,Siemens Healthineers,MAGNETOM Aera,R,FFS,1.2.840.10008.1.2.1,320,320,4,,0.220762;0.975328;-9.96666e-09;-0.0324433;0.00734342;-0.999447,-57.1586;-117.933;51.9648,0.5;0.5,3.0,3.3,1,16,12,11,0,1.0,0.0
train_series\1.2.826.0.1.3680043.8.498.70243599053060014636616038265618938578\1.2.826.0.1.3680043.8.498.12243075934366997405138567942491233933.dcm,1.2.826.0.1.3680043.8.498.10013663742400736029415768216599146542,1.2.826.0.1.3680043.8.498.70243599053060014636616038265618938578,1.2.826.0.1.3680043.8.498.12243075934366997405138567942491233933,RT. T2_TSE_SAG_FS,5,MR,KNEE,,*tseR2d1_11,MONOCHROME2,0adaf01b-2dc,,,Siemens Healthineers,MAGNETOM Aera,R,FFS,1.2.840.10008.1.2.1,320,320,6,,0.220762;0.975328;-9.96666e-09;-0.0324433;0.00734342;-0.999447,-63.5922;-116.477;52.1844,0.5;0.5,3.0,3.3,1,16,12,11,0,1.0,0.0
train_series\1.2.826.0.1.3680043.8.498.70243599053060014636616038265618938578\1.2.826.0.1.3680043.8.498.12244064126074883933662844339974550799.dcm,1.2.826.0.1.3680043.8.498.10013663742400736029415768216599146542,1.2.826.0.1.3680043.8.498.70243599053060014636616038265618938578,1.2.826.0.1.3680043.8.498.12244064126074883933662844339974550799,RT. T2_TSE_SAG_FS,5,MR,KNEE,,*tseR2d1_11,MONOCHROME2,0adaf01b-2dc,,,Siemens Healthineers,MAGNETOM Aera,R,FFS,1.2.840.10008.1.2.1,320,320,14,,0.220762;0.975328;-9.96666e-09;-0.0324433;0.00734342;-0.999447,-89.3266;-110.652;53.0625,0.5;0.5,3.0,3.3,1,16,12,11,0,1.0,0.0
train_series\1.2.826.0.1.3680043.8.498.70243599053060014636616038265618938578\1.2.826.0.1.3680043.8.498.12767527913484707421713653062874061546.dcm,1.2.826.0.1.3680043.8.498.10013663742400736029415768216599146542,1.2.826.0.1.3680043.8.498.70243599053060014636616038265618938578,1.2.826.0.1.3680043.8.498.12767527913484707421713653062874061546,RT. T2_TSE_SAG_FS,5,MR,KNEE,,*tseR2d1_11,MONOCHROME2,0adaf01b-2dc,,,Siemens Healthineers,MAGNETOM Aera,R,FFS,1.2.840.10008.1.2.1,320,320,35,,0.220762;0.975328;-9.96666e-09;-0.0324433;0.00734342;-0.999447,-156.879;-95.362;55.3677,0.5;0.5,3.0,3.3,1,16,12,11,0,1.0,0.0
train_series\1.2.826.0.1.3680043.8.498.70243599053060014636616038265618938578\1.2.826.0.1.3680043.8.498.12801056466063264637135428275900980647.dcm,1.2.826.0.1.3680043.8.498.10013663742400736029415768216599146542,1.2.826.0.1.3680043.8.498.70243599053060014636616038265618938578,1.2.826.0.1.3680043.8.498.12801056466063264637135428275900980647,RT. T2_TSE_SAG_FS,5,MR,KNEE,,*tseR2d1_11,MONOCHROME2,0adaf01b-2dc,,,Siemens Healthineers,MAGNETOM Aera,R,FFS,1.2.840.10008.1.2.1,320,320,28,,0.220762;0.975328;-9.96666e-09;-0.0324433;0.00734342;-0.999447,-134.362;-100.459;54.5993,0.5;0.5,3.0,3.3,1,16,12,11,0,1.0,0.0
train_series\1.2.826.0.1.3680043.8.498.70243599053060014636616038265618938578\1.2.826.0.1.3680043.8.498.13909235022505671052982414771166740379.dcm,1.2.826.0.1.3680043.8.498.10013663742400736029415768216599146542,1.2.826.0.1.3680043.8.498.70243599053060014636616038265618938578,1.2.826.0.1.3680043.8.498.13909235022505671052982414771166740379,RT. T2_TSE_SAG_FS,5,MR,KNEE,,*tseR2d1_11,MONOCHROME2,0adaf01b-2dc,,,Siemens Healthineers,MAGNETOM Aera,R,FFS,1.2.840.10008.1.2.1,320,320,25,,0.220762;0.975328;-9.96666e-09;-0.0324433;0.00734342;-0.999447,-124.711;-102.643;54.27,0.5;0.5,3.0,3.3,1,16,12,11,0,1.0,0.0
train_series\1.2.826.0.1.3680043.8.498.70243599053060014636616038265618938578\1.2.826.0.1.3680043.8.498.16452657278488656076794445496150561464.dcm,1.2.826.0.1.3680043.8.498.10013663742400736029415768216599146542,1.2.826.0.1.3680043.8.498.70243599053060014636616038265618938578,1.2.826.0.1.3680043.8.498.16452657278488656076794445496150561464,RT. T2_TSE_SAG_FS,5,MR,KNEE,,*tseR2d1_11,MONOCHROME2,0adaf01b-2dc,,,Siemens Healthineers,MAGNETOM Aera,R,FFS,1.2.840.10008.1.2.1,320,320,10,,0.220762;0.975328;-9.96666e-09;-0.0324433;0.00734342;-0.999447,-76.4594;-113.565;52.6235,0.5;0.5,3.0,3.3,1,16,12,11,0,1.0,0.0
train_series\1.2.826.0.1.3680043.8.498.70243599053060014636616038265618938578\1.2.826.0.1.3680043.8.498.17957189944413645954417600766280311267.dcm,1.2.826.0.1.3680043.8.498.10013663742400736029415768216599146542,1.2.826.0.1.3680043.8.498.70243599053060014636616038265618938578,1.2.826.0.1.3680043.8.498.17957189944413645954417600766280311267,RT. T2_TSE_SAG_FS,5,MR,KNEE,,*tseR2d1_11,MONOCHROME2,0adaf01b-2dc,,,Siemens Healthineers,MAGNETOM Aera,R,FFS,1.2.840.10008.1.2.1,320,320,24,,0.220762;0.975328;-9.96666e-09;-0.0324433;0.00734342;-0.999447,-121.495;-103.371;54.1603,0.5;0.5,3.0,3.3,1,16,12,11,0,1.0,0.0
train_series\1.2.826.0.1.3680043.8.498.70243599053060014636616038265618938578\1.2.826.0.1.3680043.8.498.20851576883433851493995358902655628729.dcm,1.2.826.0.1.3680043.8.498.10013663742400736029415768216599146542,1.2.826.0.1.3680043.8.498.70243599053060014636616038265618938578,1.2.826.0.1.3680043.8.498.20851576883433851493995358902655628729,RT. T2_TSE_SAG_FS,5,MR,KNEE,,*tseR2d1_11,MONOCHROME2,0adaf01b-2dc,,,Siemens Healthineers,MAGNETOM Aera,R,FFS,1.2.840.10008.1.2.1,320,320,16,,0.220762;0.975328;-9.96666e-09;-0.0324433;0.00734342;-0.999447,-95.7602;-109.196;53.2821,0.5;0.5,3.0,3.3,1,16,12,11,0,1.0,0.0
train_series\1.2.826.0.1.3680043.8.498.70243599053060014636616038265618938578\1.2.826.0.1.3680043.8.498.31082572072275649760930466563824983647.dcm,1.2.826.0.1.3680043.8.498.10013663742400736029415768216599146542,1.2.826.0.1.3680043.8.498.70243599053060014636616038265618938578,1.2.826.0.1.3680043.8.498.31082572072275649760930466563824983647,RT. T2_TSE_SAG_FS,5,MR,KNEE,,*tseR2d1_11,MONOCHROME2,0adaf01b-2dc,,,Siemens Healthineers,MAGNETOM Aera,R,FFS,1.2.840.10008.1.2.1,320,320,20,,0.220762;0.975328;-9.96666e-09;-0.0324433;0.00734342;-0.999447,-108.627;-106.284;53.7212,0.5;0.5,3.0,3.3,1,16,12,11,0,1.0,0.0
train_series\1.2.826.0.1.3680043.8.498.70243599053060014636616038265618938578\1.2.826.0.1.3680043.8.498.31473836804618825411471802153043444553.dcm,1.2.826.0.1.3680043.8.498.10013663742400736029415768216599146542,1.2.826.0.1.3680043.8.498.70243599053060014636616038265618938578,1.2.826.0.1.3680043.8.498.31473836804618825411471802153043444553,RT. T2_TSE_SAG_FS,5,MR,KNEE,,*tseR2d1_11,MONOCHROME2,0adaf01b-2dc,,,Siemens Healthineers,MAGNETOM Aera,R,FFS,1.2.840.10008.1.2.1,320,320,23,,0.220762;0.975328;-9.96666e-09;-0.0324433;0.00734342;-0.999447,-118.278;-104.099;54.0505,0.5;0.5,3.0,3.3,1,16,12,11,0,1.0,0.0
train_series\1.2.826.0.1.3680043.8.498.70243599053060014636616038265618938578\1.2.826.0.1.3680043.8.498.31883528058321182889068547307201630489.dcm,1.2.826.0.1.3680043.8.498.10013663742400736029415768216599146542,1.2.826.0.1.3680043.8.498.70243599053060014636616038265618938578,1.2.826.0.1.3680043.8.498.31883528058321182889068547307201630489,RT. T2_TSE_SAG_FS,5,MR,KNEE,,*tseR2d1_11,MONOCHROME2,0adaf01b-2dc,,,Siemens Healthineers,MAGNETOM Aera,R,FFS,1.2.840.10008.1.2.1,320,320,33,,0.220762;0.975328;-9.96666e-09;-0.0324433;0.00734342;-0.999447,-150.446;-96.8182;55.1482,0.5;0.5,3.0,3.3,1,16,12,11,0,1.0,0.0
train_series\1.2.826.0.1.3680043.8.498.70243599053060014636616038265618938578\1.2.826.0.1.3680043.8.498.45815537217315096517337708341213837199.dcm,1.2.826.0.1.3680043.8.498.10013663742400736029415768216599146542,1.2.826.0.1.3680043.8.498.70243599053060014636616038265618938578,1.2.826.0.1.3680043.8.498.45815537217315096517337708341213837199,RT. T2_TSE_SAG_FS,5,MR,KNEE,,*tseR2d1_11,MONOCHROME2,0adaf01b-2dc,,,Siemens Healthineers,MAGNETOM Aera,R,FFS,1.2.840.10008.1.2.1,320,320,2,,0.220762;0.975328;-9.96666e-09;-0.0324433;0.00734342;-0.999447,-50.725;-119.39;51.7453,0.5;0.5,3.0,3.3,1,16,12,11,0,1.0,0.0
train_series\1.2.826.0.1.3680043.8.498.70243599053060014636616038265618938578\1.2.826.0.1.3680043.8.498.46838505592675938480404587876102347716.dcm,1.2.826.0.1.3680043.8.498.10013663742400736029415768216599146542,1.2.826.0.1.3680043.8.498.70243599053060014636616038265618938578,1.2.826.0.1.3680043.8.498.46838505592675938480404587876102347716,RT. T2_TSE_SAG_FS,5,MR,KNEE,,*tseR2d1_11,MONOCHROME2,0adaf01b-2dc,,,Siemens Healthineers,MAGNETOM Aera,R,FFS,1.2.840.10008.1.2.1,320,320,32,,0.220762;0.975328;-9.96666e-09;-0.0324433;0.00734342;-0.999447,-147.229;-97.5463;55.0384,0.5;0.5,3.0,3.3,1,16,12,11,0,1.0,0.0
train_series\1.2.826.0.1.3680043.8.498.70243599053060014636616038265618938578\1.2.826.0.1.3680043.8.498.51579136273880946633572586131522393720.dcm,1.2.826.0.1.3680043.8.498.10013663742400736029415768216599146542,1.2.826.0.1.3680043.8.498.70243599053060014636616038265618938578,1.2.826.0.1.3680043.8.498.51579136273880946633572586131522393720,RT. T2_TSE_SAG_FS,5,MR,KNEE,,*tseR2d1_11,MONOCHROME2,0adaf01b-2dc,,,Siemens Healthineers,MAGNETOM Aera,R,FFS,1.2.840.10008.1.2.1,320,320,27,,0.220762;0.975328;-9.96666e-09;-0.0324433;0.00734342;-0.999447,-131.145;-101.187;54.4896,0.5;0.5,3.0,3.3,1,16,12,11,0,1.0,0.0
train_series\1.2.826.0.1.3680043.8.498.70243599053060014636616038265618938578\1.2.826.0.1.3680043.8.498.56948487422351217411867283069317484370.dcm,1.2.826.0.1.3680043.8.498.10013663742400736029415768216599146542,1.2.826.0.1.3680043.8.498.70243599053060014636616038265618938578,1.2.826.0.1.3680043.8.498.56948487422351217411867283069317484370,RT. T2_TSE_SAG_FS,5,MR,KNEE,,*tseR2d1_11,MONOCHROME2,0adaf01b-2dc,,,Siemens Healthineers,MAGNETOM Aera,R,FFS,1.2.840.10008.1.2.1,320,320,18,,0.220762;0.975328;-9.96666e-09;-0.0324433;0.00734342;-0.999447,-102.194;-107.74;53.5016,0.5;0.5,3.0,3.3,1,16,12,11,0,1.0,0.0
train_series\1.2.826.0.1.3680043.8.498.70243599053060014636616038265618938578\1.2.826.0.1.3680043.8.498.61833763389482983935704155707819965628.dcm,1.2.826.0.1.3680043.8.498.10013663742400736029415768216599146542,1.2.826.0.1.3680043.8.498.70243599053060014636616038265618938578,1.2.826.0.1.3680043.8.498.61833763389482983935704155707819965628,RT. T2_TSE_SAG_FS,5,MR,KNEE,,*tseR2d1_11,MONOCHROME2,0adaf01b-2dc,,,Siemens Healthineers,MAGNETOM Aera,R,FFS,1.2.840.10008.1.2.1,320,320,34,,0.220762;0.975328;-9.96666e-09;-0.0324433;0.00734342;-0.999447,-153.663;-96.0901;55.258,0.5;0.5,3.0,3.3,1,16,12,11,0,1.0,0.0
train_series\1.2.826.0.1.3680043.8.498.70243599053060014636616038265618938578\1.2.826.0.1.3680043.8.498.66119487378347427658413207176413695263.dcm,1.2.826.0.1.3680043.8.498.10013663742400736029415768216599146542,1.2.826.0.1.3680043.8.498.70243599053060014636616038265618938578,1.2.826.0.1.3680043.8.498.66119487378347427658413207176413695263,RT. T2_TSE_SAG_FS,5,MR,KNEE,,*tseR2d1_11,MONOCHROME2,0adaf01b-2dc,,,Siemens Healthineers,MAGNETOM Aera,R,FFS,1.2.840.10008.1.2.1,320,320,13,,0.220762;0.975328;-9.96666e-09;-0.0324433;0.00734342;-0.999447,-86.1098;-111.38;52.9528,0.5;0.5,3.0,3.3,1,16,12,11,0,1.0,0.0
train_series\1.2.826.0.1.3680043.8.498.70243599053060014636616038265618938578\1.2.826.0.1.3680043.8.498.66392773637568400208457310331620001349.dcm,1.2.826.0.1.3680043.8.498.10013663742400736029415768216599146542,1.2.826.0.1.3680043.8.498.70243599053060014636616038265618938578,1.2.826.0.1.3680043.8.498.66392773637568400208457310331620001349,RT. T2_TSE_SAG_FS,5,MR,KNEE,,*tseR2d1_11,MONOCHROME2,0adaf01b-2dc,,,Siemens Healthineers,MAGNETOM Aera,R,FFS,1.2.840.10008.1.2.1,320,320,9,,0.220762;0.975328;-9.96666e-09;-0.0324433;0.00734342;-0.999447,-73.2426;-114.293;52.5137,0.5;0.5,3.0,3.3,1,16,12,11,0,1.0,0.0
train_series\1.2.826.0.1.3680043.8.498.70243599053060014636616038265618938578\1.2.826.0.1.3680043.8.498.68765468544019550938726822954593105282.dcm,1.2.826.0.1.3680043.8.498.10013663742400736029415768216599146542,1.2.826.0.1.3680043.8.498.70243599053060014636616038265618938578,1.2.826.0.1.3680043.8.498.68765468544019550938726822954593105282,RT. T2_TSE_SAG_FS,5,MR,KNEE,,*tseR2d1_11,MONOCHROME2,0adaf01b-2dc,,,Siemens Healthineers,MAGNETOM Aera,R,FFS,1.2.840.10008.1.2.1,320,320,31,,0.220762;0.975328;-9.96666e-09;-0.0324433;0.00734342;-0.999447,-144.012;-98.2744;54.9287,0.5;0.5,3.0,3.3,1,16,12,11,0,1.0,0.0
train_series\1.2.826.0.1.3680043.8.498.70243599053060014636616038265618938578\1.2.826.0.1.3680043.8.498.71723805935991035054497371430350307708.dcm,1.2.826.0.1.3680043.8.498.10013663742400736029415768216599146542,1.2.826.0.1.3680043.8.498.70243599053060014636616038265618938578,1.2.826.0.1.3680043.8.498.71723805935991035054497371430350307708,RT. T2_TSE_SAG_FS,5,MR,KNEE,,*tseR2d1_11,MONOCHROME2,0adaf01b-2dc,,,Siemens Healthineers,MAGNETOM Aera,R,FFS,1.2.840.10008.1.2.1,320,320,8,,0.220762;0.975328;-9.96666e-09;-0.0324433;0.00734342;-0.999447,-70.0258;-115.021;52.4039,0.5;0.5,3.0,3.3,1,16,12,11,0,1.0,0.0
train_series\1.2.826.0.1.3680043.8.498.70243599053060014636616038265618938578\1.2.826.0.1.3680043.8.498.74448353750619338090511488202613893803.dcm,1.2.826.0.1.3680043.8.498.10013663742400736029415768216599146542,1.2.826.0.1.3680043.8.498.70243599053060014636616038265618938578,1.2.826.0.1.3680043.8.498.74448353750619338090511488202613893803,RT. T2_TSE_SAG_FS,5,MR,KNEE,,*tseR2d1_11,MONOCHROME2,0adaf01b-2dc,,,Siemens Healthineers,MAGNETOM Aera,R,FFS,1.2.840.10008.1.2.1,320,320,1,,0.220762;0.975328;-9.96666e-09;-0.0324433;0.00734342;-0.999447,-47.5082;-120.118;51.6355,0.5;0.5,3.0,3.3,1,16,12,11,0,1.0,0.0
train_series\1.2.826.0.1.3680043.8.498.70243599053060014636616038265618938578\1.2.826.0.1.3680043.8.498.74705322735555292855687110804266817052.dcm,1.2.826.0.1.3680043.8.498.10013663742400736029415768216599146542,1.2.826.0.1.3680043.8.498.70243599053060014636616038265618938578,1.2.826.0.1.3680043.8.498.74705322735555292855687110804266817052,RT. T2_TSE_SAG_FS,5,MR,KNEE,,*tseR2d1_11,MONOCHROME2,0adaf01b-2dc,,,Siemens Healthineers,MAGNETOM Aera,R,FFS,1.2.840.10008.1.2.1,320,320,12,,0.220762;0.975328;-9.96666e-09;-0.0324433;0.00734342;-0.999447,-82.893;-112.109;52.843,0.5;0.5,3.0,3.3,1,16,12,11,0,1.0,0.0
train_series\1.2.826.0.1.3680043.8.498.70243599053060014636616038265618938578\1.2.826.0.1.3680043.8.498.75006422796076352789048935087257865055.dcm,1.2.826.0.1.3680043.8.498.10013663742400736029415768216599146542,1.2.826.0.1.3680043.8.498.70243599053060014636616038265618938578,1.2.826.0.1.3680043.8.498.75006422796076352789048935087257865055,RT. T2_TSE_SAG_FS,5,MR,KNEE,,*tseR2d1_11,MONOCHROME2,0adaf01b-2dc,,,Siemens Healthineers,MAGNETOM Aera,R,FFS,1.2.840.10008.1.2.1,320,320,29,,0.220762;0.975328;-9.96666e-09;-0.0324433;0.00734342;-0.999447,-137.579;-99.7306;54.7091,0.5;0.5,3.0,3.3,1,16,12,11,0,1.0,0.0
train_series\1.2.826.0.1.3680043.8.498.70243599053060014636616038265618938578\1.2.826.0.1.3680043.8.498.75960470824843774820369326564288185538.dcm,1.2.826.0.1.3680043.8.498.10013663742400736029415768216599146542,1.2.826.0.1.3680043.8.498.70243599053060014636616038265618938578,1.2.826.0.1.3680043.8.498.75960470824843774820369326564288185538,RT. T2_TSE_SAG_FS,5,MR,KNEE,,*tseR2d1_11,MONOCHROME2,0adaf01b-2dc,,,Siemens Healthineers,MAGNETOM Aera,R,FFS,1.2.840.10008.1.2.1,320,320,7,,0.220762;0.975328;-9.96666e-09;-0.0324433;0.00734342;-0.999447,-66.809;-115.749;52.2941,0.5;0.5,3.0,3.3,1,16,12,11,0,1.0,0.0
train_series\1.2.826.0.1.3680043.8.498.70243599053060014636616038265618938578\1.2.826.0.1.3680043.8.498.86935632090829379635019507936652911882.dcm,1.2.826.0.1.3680043.8.498.10013663742400736029415768216599146542,1.2.826.0.1.3680043.8.498.70243599053060014636616038265618938578,1.2.826.0.1.3680043.8.498.86935632090829379635019507936652911882,RT. T2_TSE_SAG_FS,5,MR,KNEE,,*tseR2d1_11,MONOCHROME2,0adaf01b-2dc,,,Siemens Healthineers,MAGNETOM Aera,R,FFS,1.2.840.10008.1.2.1,320,320,11,,0.220762;0.975328;-9.96666e-09;-0.0324433;0.00734342;-0.999447,-79.6762;-112.837;52.7332,0.5;0.5,3.0,3.3,1,16,12,11,0,1.0,0.0
train_series\1.2.826.0.1.3680043.8.498.70243599053060014636616038265618938578\1.2.826.0.1.3680043.8.498.90236314453082281202947371546670581254.dcm,1.2.826.0.1.3680043.8.498.10013663742400736029415768216599146542,1.2.826.0.1.3680043.8.498.70243599053060014636616038265618938578,1.2.826.0.1.3680043.8.498.90236314453082281202947371546670581254,RT. T2_TSE_SAG_FS,5,MR,KNEE,,*tseR2d1_11,MONOCHROME2,0adaf01b-2dc,,,Siemens Healthineers,MAGNETOM Aera,R,FFS,1.2.840.10008.1.2.1,320,320,3,,0.220762;0.975328;-9.96666e-09;-0.0324433;0.00734342;-0.999447,-53.9418;-118.662;51.8551,0.5;0.5,3.0,3.3,1,16,12,11,0,1.0,0.0
train_series\1.2.826.0.1.3680043.8.498.70243599053060014636616038265618938578\1.2.826.0.1.3680043.8.498.90519482950824823961408120912268467172.dcm,1.2.826.0.1.3680043.8.498.10013663742400736029415768216599146542,1.2.826.0.1.3680043.8.498.70243599053060014636616038265618938578,1.2.826.0.1.3680043.8.498.90519482950824823961408120912268467172,RT. T2_TSE_SAG_FS,5,MR,KNEE,,*tseR2d1_11,MONOCHROME2,0adaf01b-2dc,,,Siemens Healthineers,MAGNETOM Aera,R,FFS,1.2.840.10008.1.2.1,320,320,15,,0.220762;0.975328;-9.96666e-09;-0.0324433;0.00734342;-0.999447,-92.5434;-109.924;53.1723,0.5;0.5,3.0,3.3,1,16,12,11,0,1.0,0.0
train_series\1.2.826.0.1.3680043.8.498.70243599053060014636616038265618938578\1.2.826.0.1.3680043.8.498.96250874216163256221078261222662563291.dcm,1.2.826.0.1.3680043.8.498.10013663742400736029415768216599146542,1.2.826.0.1.3680043.8.498.70243599053060014636616038265618938578,1.2.826.0.1.3680043.8.498.96250874216163256221078261222662563291,RT. T2_TSE_SAG_FS,5,MR,KNEE,,*tseR2d1_11,MONOCHROME2,0adaf01b-2dc,,,Siemens Healthineers,MAGNETOM Aera,R,FFS,1.2.840.10008.1.2.1,320,320,5,,0.220762;0.975328;-9.96666e-09;-0.0324433;0.00734342;-0.999447,-60.3754;-117.205;52.0746,0.5;0.5,3.0,3.3,1,16,12,11,0,1.0,0.0
train_series\1.2.826.0.1.3680043.8.498.70243599053060014636616038265618938578\1.2.826.0.1.3680043.8.498.96295914345332136573415061202569324477.dcm,1.2.826.0.1.3680043.8.498.10013663742400736029415768216599146542,1.2.826.0.1.3680043.8.498.70243599053060014636616038265618938578,1.2.826.0.1.3680043.8.498.96295914345332136573415061202569324477,RT. T2_TSE_SAG_FS,5,MR,KNEE,,*tseR2d1_11,MONOCHROME2,0adaf01b-2dc,,,Siemens Healthineers,MAGNETOM Aera,R,FFS,1.2.840.10008.1.2.1,320,320,22,,0.220762;0.975328;-9.96666e-09;-0.0324433;0.00734342;-0.999447,-115.061;-104.827;53.9407,0.5;0.5,3.0,3.3,1,16,12,11,0,1.0,0.0
train_series\1.2.826.0.1.3680043.8.498.72137122913943091996840828871969421711\1.2.826.0.1.3680043.8.498.10333513105084714987868206205213014744.dcm,1.2.826.0.1.3680043.8.498.10004945927472656027199792075652399585,1.2.826.0.1.3680043.8.498.72137122913943091996840828871969421711,1.2.826.0.1.3680043.8.498.10333513105084714987868206205213014744,int_tse_sag_fs_p3_s2_2.5mm_drb_384,8,MR,KNEE,,*tseR2d1_9,MONOCHROME2,ee084a79-b22,,,Siemens Healthineers,MAGNETOM Vida,R,FFS,1.2.840.10008.1.2.1,768,768,13,,-0.00018944;0.999993;0.00383791;-0.0306549;0.0038303;-0.999523,-66.1406;-96.4131;26.0385,0.2214;0.2214,2.5,3.0,1,16,12,11,0,1.0,0.0
train_series\1.2.826.0.1.3680043.8.498.72137122913943091996840828871969421711\1.2.826.0.1.3680043.8.498.11951155922616942022220794057089197366.dcm,1.2.826.0.1.3680043.8.498.10004945927472656027199792075652399585,1.2.826.0.1.3680043.8.498.72137122913943091996840828871969421711,1.2.826.0.1.3680043.8.498.11951155922616942022220794057089197366,int_tse_sag_fs_p3_s2_2.5mm_drb_384,8,MR,KNEE,,*tseR2d1_9,MONOCHROME2,ee084a79-b22,,,Siemens Healthineers,MAGNETOM Vida,R,FFS,1.2.840.10008.1.2.1,768,768,33,,-0.00018944;0.999993;0.00383791;-0.0306549;0.0038303;-0.999523,-126.112;-96.4315;27.8777,0.2214;0.2214,2.5,3.0,1,16,12,11,0,1.0,0.0
train_series\1.2.826.0.1.3680043.8.498.72137122913943091996840828871969421711\1.2.826.0.1.3680043.8.498.12025321390307066447498642892115084971.dcm,1.2.826.0.1.3680043.8.498.10004945927472656027199792075652399585,1.2.826.0.1.3680043.8.498.72137122913943091996840828871969421711,1.2.826.0.1.3680043.8.498.12025321390307066447498642892115084971,int_tse_sag_fs_p3_s2_2.5mm_drb_384,8,MR,KNEE,,*tseR2d1_9,MONOCHROME2,ee084a79-b22,,,Siemens Healthineers,MAGNETOM Vida,R,FFS,1.2.840.10008.1.2.1,768,768,5,,-0.00018944;0.999993;0.00383791;-0.0306549;0.0038303;-0.999523,-42.1519;-96.4057;25.3028,0.2214;0.2214,2.5,3.0,1,16,12,11,0,1.0,0.0
train_series\1.2.826.0.1.3680043.8.498.72137122913943091996840828871969421711\1.2.826.0.1.3680043.8.498.12125449969913891551647230184481475734.dcm,1.2.826.0.1.3680043.8.498.10004945927472656027199792075652399585,1.2.826.0.1.3680043.8.498.72137122913943091996840828871969421711,1.2.826.0.1.3680043.8.498.12125449969913891551647230184481475734,int_tse_sag_fs_p3_s2_2.5mm_drb_384,8,MR,KNEE,,*tseR2d1_9,MONOCHROME2,ee084a79-b22,,,Siemens Healthineers,MAGNETOM Vida,R,FFS,1.2.840.10008.1.2.1,768,768,4,,-0.00018944;0.999993;0.00383791;-0.0306549;0.0038303;-0.999523,-39.1533;-96.4048;25.2108,0.2214;0.2214,2.5,3.0,1,16,12,11,0,1.0,0.0
train_series\1.2.826.0.1.3680043.8.498.72137122913943091996840828871969421711\1.2.826.0.1.3680043.8.498.12996812131557785802801935655242427937.dcm,1.2.826.0.1.3680043.8.498.10004945927472656027199792075652399585,1.2.826.0.1.3680043.8.498.72137122913943091996840828871969421711,1.2.826.0.1.3680043.8.498.12996812131557785802801935655242427937,int_tse_sag_fs_p3_s2_2.5mm_drb_384,8,MR,KNEE,,*tseR2d1_9,MONOCHROME2,ee084a79-b22,,,Siemens Healthineers,MAGNETOM Vida,R,FFS,1.2.840.10008.1.2.1,768,768,11,,-0.00018944;0.999993;0.00383791;-0.0306549;0.0038303;-0.999523,-60.1435;-96.4112;25.8546,0.2214;0.2214,2.5,3.0,1,16,12,11,0,1.0,0.0
train_series\1.2.826.0.1.3680043.8.498.72137122913943091996840828871969421711\1.2.826.0.1.3680043.8.498.13040840310264308369539274063464280127.dcm,1.2.826.0.1.3680043.8.498.10004945927472656027199792075652399585,1.2.826.0.1.3680043.8.498.72137122913943091996840828871969421711,1.2.826.0.1.3680043.8.498.13040840310264308369539274063464280127,int_tse_sag_fs_p3_s2_2.5mm_drb_384,8,MR,KNEE,,*tseR2d1_9,MONOCHROME2,ee084a79-b22,,,Siemens Healthineers,MAGNETOM Vida,R,FFS,1.2.840.10008.1.2.1,768,768,8,,-0.00018944;0.999993;0.00383791;-0.0306549;0.0038303;-0.999523,-51.1477;-96.4085;25.5787,0.2214;0.2214,2.5,3.0,1,16,12,11,0,1.0,0.0
train_series\1.2.826.0.1.3680043.8.498.72137122913943091996840828871969421711\1.2.826.0.1.3680043.8.498.13176999663899138207588023973729837591.dcm,1.2.826.0.1.3680043.8.498.10004945927472656027199792075652399585,1.2.826.0.1.3680043.8.498.72137122913943091996840828871969421711,1.2.826.0.1.3680043.8.498.13176999663899138207588023973729837591,int_tse_sag_fs_p3_s2_2.5mm_drb_384,8,MR,KNEE,,*tseR2d1_9,MONOCHROME2,ee084a79-b22,,,Siemens Healthineers,MAGNETOM Vida,R,FFS,1.2.840.10008.1.2.1,768,768,30,,-0.00018944;0.999993;0.00383791;-0.0306549;0.0038303;-0.999523,-117.117;-96.4287;27.6019,0.2214;0.2214,2.5,3.0,1,16,12,11,0,1.0,0.0
train_series\1.2.826.0.1.3680043.8.498.72137122913943091996840828871969421711\1.2.826.0.1.3680043.8.498.15142581884800011977565201807381047059.dcm,1.2.826.0.1.3680043.8.498.10004945927472656027199792075652399585,1.2.826.0.1.3680043.8.498.72137122913943091996840828871969421711,1.2.826.0.1.3680043.8.498.15142581884800011977565201807381047059,int_tse_sag_fs_p3_s2_2.5mm_drb_384,8,MR,KNEE,,*tseR2d1_9,MONOCHROME2,ee084a79-b22,,,Siemens Healthineers,MAGNETOM Vida,R,FFS,1.2.840.10008.1.2.1,768,768,20,,-0.00018944;0.999993;0.00383791;-0.0306549;0.0038303;-0.999523,-87.1308;-96.4195;26.6822,0.2214;0.2214,2.5,3.0,1,16,12,11,0,1.0,0.0
train_series\1.2.826.0.1.3680043.8.498.72137122913943091996840828871969421711\1.2.826.0.1.3680043.8.498.16829038315303710525714929576517283110.dcm,1.2.826.0.1.3680043.8.498.10004945927472656027199792075652399585,1.2.826.0.1.3680043.8.498.72137122913943091996840828871969421711,1.2.826.0.1.3680043.8.498.16829038315303710525714929576517283110,int_tse_sag_fs_p3_s2_2.5mm_drb_384,8,MR,KNEE,,*tseR2d1_9,MONOCHROME2,ee084a79-b22,,,Siemens Healthineers,MAGNETOM Vida,R,FFS,1.2.840.10008.1.2.1,768,768,23,,-0.00018944;0.999993;0.00383791;-0.0306549;0.0038303;-0.999523,-96.1265;-96.4223;26.9581,0.2214;0.2214,2.5,3.0,1,16,12,11,0,1.0,0.0
train_series\1.2.826.0.1.3680043.8.498.72137122913943091996840828871969421711\1.2.826.0.1.3680043.8.498.18610138429194704351925231753345901027.dcm,1.2.826.0.1.3680043.8.498.10004945927472656027199792075652399585,1.2.826.0.1.3680043.8.498.72137122913943091996840828871969421711,1.2.826.0.1.3680043.8.498.18610138429194704351925231753345901027,int_tse_sag_fs_p3_s2_2.5mm_drb_384,8,MR,KNEE,,*tseR2d1_9,MONOCHROME2,ee084a79-b22,,,Siemens Healthineers,MAGNETOM Vida,R,FFS,1.2.840.10008.1.2.1,768,768,16,,-0.00018944;0.999993;0.00383791;-0.0306549;0.0038303;-0.999523,-75.1364;-96.4158;26.3144,0.2214;0.2214,2.5,3.0,1,16,12,11,0,1.0,0.0
train_series\1.2.826.0.1.3680043.8.498.72137122913943091996840828871969421711\1.2.826.0.1.3680043.8.498.19466800028850659915512105358830284733.dcm,1.2.826.0.1.3680043.8.498.10004945927472656027199792075652399585,1.2.826.0.1.3680043.8.498.72137122913943091996840828871969421711,1.2.826.0.1.3680043.8.498.19466800028850659915512105358830284733,int_tse_sag_fs_p3_s2_2.5mm_drb_384,8,MR,KNEE,,*tseR2d1_9,MONOCHROME2,ee084a79-b22,,,Siemens Healthineers,MAGNETOM Vida,R,FFS,1.2.840.10008.1.2.1,768,768,17,,-0.00018944;0.999993;0.00383791;-0.0306549;0.0038303;-0.999523,-78.135;-96.4167;26.4064,0.2214;0.2214,2.5,3.0,1,16,12,11,0,1.0,0.0
train_series\1.2.826.0.1.3680043.8.498.72137122913943091996840828871969421711\1.2.826.0.1.3680043.8.498.20792912672758799664408791202352579701.dcm,1.2.826.0.1.3680043.8.498.10004945927472656027199792075652399585,1.2.826.0.1.3680043.8.498.72137122913943091996840828871969421711,1.2.826.0.1.3680043.8.498.20792912672758799664408791202352579701,int_tse_sag_fs_p3_s2_2.5mm_drb_384,8,MR,KNEE,,*tseR2d1_9,MONOCHROME2,ee084a79-b22,,,Siemens Healthineers,MAGNETOM Vida,R,FFS,1.2.840.10008.1.2.1,768,768,25,,-0.00018944;0.999993;0.00383791;-0.0306549;0.0038303;-0.999523,-102.124;-96.4241;27.1421,0.2214;0.2214,2.5,3.0,1,16,12,11,0,1.0,0.0
train_series\1.2.826.0.1.3680043.8.498.72137122913943091996840828871969421711\1.2.826.0.1.3680043.8.498.20980112388566722161779847589549375722.dcm,1.2.826.0.1.3680043.8.498.10004945927472656027199792075652399585,1.2.826.0.1.3680043.8.498.72137122913943091996840828871969421711,1.2.826.0.1.3680043.8.498.20980112388566722161779847589549375722,int_tse_sag_fs_p3_s2_2.5mm_drb_384,8,MR,KNEE,,*tseR2d1_9,MONOCHROME2,ee084a79-b22,,,Siemens Healthineers,MAGNETOM Vida,R,FFS,1.2.840.10008.1.2.1,768,768,22,,-0.00018944;0.999993;0.00383791;-0.0306549;0.0038303;-0.999523,-93.128;-96.4213;26.8662,0.2214;0.2214,2.5,3.0,1,16,12,11,0,1.0,0.0
train_series\1.2.826.0.1.3680043.8.498.72137122913943091996840828871969421711\1.2.826.0.1.3680043.8.498.31949001479190568104780651263958254614.dcm,1.2.826.0.1.3680043.8.498.10004945927472656027199792075652399585,1.2.826.0.1.3680043.8.498.72137122913943091996840828871969421711,1.2.826.0.1.3680043.8.498.31949001479190568104780651263958254614,int_tse_sag_fs_p3_s2_2.5mm_drb_384,8,MR,KNEE,,*tseR2d1_9,MONOCHROME2,ee084a79-b22,,,Siemens Healthineers,MAGNETOM Vida,R,FFS,1.2.840.10008.1.2.1,768,768,12,,-0.00018944;0.999993;0.00383791;-0.0306549;0.0038303;-0.999523,-63.1421;-96.4121;25.9465,0.2214;0.2214,2.5,3.0,1,16,12,11,0,1.0,0.0
train_series\1.2.826.0.1.3680043.8.498.72137122913943091996840828871969421711\1.2.826.0.1.3680043.8.498.32570172350364813117840868117689567092.dcm,1.2.826.0.1.3680043.8.498.10004945927472656027199792075652399585,1.2.826.0.1.3680043.8.498.72137122913943091996840828871969421711,1.2.826.0.1.3680043.8.498.32570172350364813117840868117689567092,int_tse_sag_fs_p3_s2_2.5mm_drb_384,8,MR,KNEE,,*tseR2d1_9,MONOCHROME2,ee084a79-b22,,,Siemens Healthineers,MAGNETOM Vida,R,FFS,1.2.840.10008.1.2.1,768,768,29,,-0.00018944;0.999993;0.00383791;-0.0306549;0.0038303;-0.999523,-114.118;-96.4278;27.5099,0.2214;0.2214,2.5,3.0,1,16,12,11,0,1.0,0.0
train_series\1.2.826.0.1.3680043.8.498.72137122913943091996840828871969421711\1.2.826.0.1.3680043.8.498.41382777517944665768969229370930441695.dcm,1.2.826.0.1.3680043.8.498.10004945927472656027199792075652399585,1.2.826.0.1.3680043.8.498.72137122913943091996840828871969421711,1.2.826.0.1.3680043.8.498.41382777517944665768969229370930441695,int_tse_sag_fs_p3_s2_2.5mm_drb_384,8,MR,KNEE,,*tseR2d1_9,MONOCHROME2,ee084a79-b22,,,Siemens Healthineers,MAGNETOM Vida,R,FFS,1.2.840.10008.1.2.1,768,768,18,,-0.00018944;0.999993;0.00383791;-0.0306549;0.0038303;-0.999523,-81.1336;-96.4177;26.4983,0.2214;0.2214,2.5,3.0,1,16,12,11,0,1.0,0.0
train_series\1.2.826.0.1.3680043.8.498.72137122913943091996840828871969421711\1.2.826.0.1.3680043.8.498.41472009174183684377057435135043243448.dcm,1.2.826.0.1.3680043.8.498.10004945927472656027199792075652399585,1.2.826.0.1.3680043.8.498.72137122913943091996840828871969421711,1.2.826.0.1.3680043.8.498.41472009174183684377057435135043243448,int_tse_sag_fs_p3_s2_2.5mm_drb_384,8,MR,KNEE,,*tseR2d1_9,MONOCHROME2,ee084a79-b22,,,Siemens Healthineers,MAGNETOM Vida,R,FFS,1.2.840.10008.1.2.1,768,768,31,,-0.00018944;0.999993;0.00383791;-0.0306549;0.0038303;-0.999523,-120.115;-96.4296;27.6938,0.2214;0.2214,2.5,3.0,1,16,12,11,0,1.0,0.0
train_series\1.2.826.0.1.3680043.8.498.72137122913943091996840828871969421711\1.2.826.0.1.3680043.8.498.43802721305964455215392083395245833072.dcm,1.2.826.0.1.3680043.8.498.10004945927472656027199792075652399585,1.2.826.0.1.3680043.8.498.72137122913943091996840828871969421711,1.2.826.0.1.3680043.8.498.43802721305964455215392083395245833072,int_tse_sag_fs_p3_s2_2.5mm_drb_384,8,MR,KNEE,,*tseR2d1_9,MONOCHROME2,ee084a79-b22,,,Siemens Healthineers,MAGNETOM Vida,R,FFS,1.2.840.10008.1.2.1,768,768,6,,-0.00018944;0.999993;0.00383791;-0.0306549;0.0038303;-0.999523,-45.1505;-96.4066;25.3948,0.2214;0.2214,2.5,3.0,1,16,12,11,0,1.0,0.0
train_series\1.2.826.0.1.3680043.8.498.72137122913943091996840828871969421711\1.2.826.0.1.3680043.8.498.45463684255051014929203090955918628892.dcm,1.2.826.0.1.3680043.8.498.10004945927472656027199792075652399585,1.2.826.0.1.3680043.8.498.72137122913943091996840828871969421711,1.2.826.0.1.3680043.8.498.45463684255051014929203090955918628892,int_tse_sag_fs_p3_s2_2.5mm_drb_384,8,MR,KNEE,,*tseR2d1_9,MONOCHROME2,ee084a79-b22,,,Siemens Healthineers,MAGNETOM Vida,R,FFS,1.2.840.10008.1.2.1,768,768,21,,-0.00018944;0.999993;0.00383791;-0.0306549;0.0038303;-0.999523,-90.1294;-96.4204;26.7742,0.2214;0.2214,2.5,3.0,1,16,12,11,0,1.0,0.0
train_series\1.2.826.0.1.3680043.8.498.72137122913943091996840828871969421711\1.2.826.0.1.3680043.8.498.63595067228038222728579550583647432036.dcm,1.2.826.0.1.3680043.8.498.10004945927472656027199792075652399585,1.2.826.0.1.3680043.8.498.72137122913943091996840828871969421711,1.2.826.0.1.3680043.8.498.63595067228038222728579550583647432036,int_tse_sag_fs_p3_s2_2.5mm_drb_384,8,MR,KNEE,,*tseR2d1_9,MONOCHROME2,ee084a79-b22,,,Siemens Healthineers,MAGNETOM Vida,R,FFS,1.2.840.10008.1.2.1,768,768,27,,-0.00018944;0.999993;0.00383791;-0.0306549;0.0038303;-0.999523,-108.121;-96.426;27.326,0.2214;0.2214,2.5,3.0,1,16,12,11,0,1.0,0.0
train_series\1.2.826.0.1.3680043.8.498.72137122913943091996840828871969421711\1.2.826.0.1.3680043.8.498.65157926480550570338152951398401614148.dcm,1.2.826.0.1.3680043.8.498.10004945927472656027199792075652399585,1.2.826.0.1.3680043.8.498.72137122913943091996840828871969421711,1.2.826.0.1.3680043.8.498.65157926480550570338152951398401614148,int_tse_sag_fs_p3_s2_2.5mm_drb_384,8,MR,KNEE,,*tseR2d1_9,MONOCHROME2,ee084a79-b22,,,Siemens Healthineers,MAGNETOM Vida,R,FFS,1.2.840.10008.1.2.1,768,768,1,,-0.00018944;0.999993;0.00383791;-0.0306549;0.0038303;-0.999523,-30.1576;-96.402;24.935,0.2214;0.2214,2.5,3.0,1,16,12,11,0,1.0,0.0
train_series\1.2.826.0.1.3680043.8.498.72137122913943091996840828871969421711\1.2.826.0.1.3680043.8.498.65482866641884722881733507754497442915.dcm,1.2.826.0.1.3680043.8.498.10004945927472656027199792075652399585,1.2.826.0.1.3680043.8.498.72137122913943091996840828871969421711,1.2.826.0.1.3680043.8.498.65482866641884722881733507754497442915,int_tse_sag_fs_p3_s2_2.5mm_drb_384,8,MR,KNEE,,*tseR2d1_9,MONOCHROME2,ee084a79-b22,,,Siemens Healthineers,MAGNETOM Vida,R,FFS,1.2.840.10008.1.2.1,768,768,3,,-0.00018944;0.999993;0.00383791;-0.0306549;0.0038303;-0.999523,-36.1547;-96.4038;25.1189,0.2214;0.2214,2.5,3.0,1,16,12,11,0,1.0,0.0
train_series\1.2.826.0.1.3680043.8.498.72137122913943091996840828871969421711\1.2.826.0.1.3680043.8.498.68112694656638098450996979560805107988.dcm,1.2.826.0.1.3680043.8.498.10004945927472656027199792075652399585,1.2.826.0.1.3680043.8.498.72137122913943091996840828871969421711,1.2.826.0.1.3680043.8.498.68112694656638098450996979560805107988,int_tse_sag_fs_p3_s2_2.5mm_drb_384,8,MR,KNEE,,*tseR2d1_9,MONOCHROME2,ee084a79-b22,,,Siemens Healthineers,MAGNETOM Vida,R,FFS,1.2.840.10008.1.2.1,768,768,26,,-0.00018944;0.999993;0.00383791;-0.0306549;0.0038303;-0.999523,-105.122;-96.425;27.234,0.2214;0.2214,2.5,3.0,1,16,12,11,0,1.0,0.0
train_series\1.2.826.0.1.3680043.8.498.72137122913943091996840828871969421711\1.2.826.0.1.3680043.8.498.71831831490807109220105671553179911947.dcm,1.2.826.0.1.3680043.8.498.10004945927472656027199792075652399585,1.2.826.0.1.3680043.8.498.72137122913943091996840828871969421711,1.2.826.0.1.3680043.8.498.71831831490807109220105671553179911947,int_tse_sag_fs_p3_s2_2.5mm_drb_384,8,MR,KNEE,,*tseR2d1_9,MONOCHROME2,ee084a79-b22,,,Siemens Healthineers,MAGNETOM Vida,R,FFS,1.2.840.10008.1.2.1,768,768,10,,-0.00018944;0.999993;0.00383791;-0.0306549;0.0038303;-0.999523,-57.1449;-96.4103;25.7626,0.2214;0.2214,2.5,3.0,1,16,12,11,0,1.0,0.0
train_series\1.2.826.0.1.3680043.8.498.72137122913943091996840828871969421711\1.2.826.0.1.3680043.8.498.77612968508229480183152582578081880303.dcm,1.2.826.0.1.3680043.8.498.10004945927472656027199792075652399585,1.2.826.0.1.3680043.8.498.72137122913943091996840828871969421711,1.2.826.0.1.3680043.8.498.77612968508229480183152582578081880303,int_tse_sag_fs_p3_s2_2.5mm_drb_384,8,MR,KNEE,,*tseR2d1_9,MONOCHROME2,ee084a79-b22,,,Siemens Healthineers,MAGNETOM Vida,R,FFS,1.2.840.10008.1.2.1,768,768,24,,-0.00018944;0.999993;0.00383791;-0.0306549;0.0038303;-0.999523,-99.1251;-96.4232;27.0501,0.2214;0.2214,2.5,3.0,1,16,12,11,0,1.0,0.0
train_series\1.2.826.0.1.3680043.8.498.72137122913943091996840828871969421711\1.2.826.0.1.3680043.8.498.79690736355409018253934162120045687401.dcm,1.2.826.0.1.3680043.8.498.10004945927472656027199792075652399585,1.2.826.0.1.3680043.8.498.72137122913943091996840828871969421711,1.2.826.0.1.3680043.8.498.79690736355409018253934162120045687401,int_tse_sag_fs_p3_s2_2.5mm_drb_384,8,MR,KNEE,,*tseR2d1_9,MONOCHROME2,ee084a79-b22,,,Siemens Healthineers,MAGNETOM Vida,R,FFS,1.2.840.10008.1.2.1,768,768,15,,-0.00018944;0.999993;0.00383791;-0.0306549;0.0038303;-0.999523,-72.1378;-96.4149;26.2224,0.2214;0.2214,2.5,3.0,1,16,12,11,0,1.0,0.0
train_series\1.2.826.0.1.3680043.8.498.72137122913943091996840828871969421711\1.2.826.0.1.3680043.8.498.80566653367438479719083805720311085548.dcm,1.2.826.0.1.3680043.8.498.10004945927472656027199792075652399585,1.2.826.0.1.3680043.8.498.72137122913943091996840828871969421711,1.2.826.0.1.3680043.8.498.80566653367438479719083805720311085548,int_tse_sag_fs_p3_s2_2.5mm_drb_384,8,MR,KNEE,,*tseR2d1_9,MONOCHROME2,ee084a79-b22,,,Siemens Healthineers,MAGNETOM Vida,R,FFS,1.2.840.10008.1.2.1,768,768,2,,-0.00018944;0.999993;0.00383791;-0.0306549;0.0038303;-0.999523,-33.1562;-96.4029;25.0269,0.2214;0.2214,2.5,3.0,1,16,12,11,0,1.0,0.0
train_series\1.2.826.0.1.3680043.8.498.72137122913943091996840828871969421711\1.2.826.0.1.3680043.8.498.80742685070011893984580261087968785728.dcm,1.2.826.0.1.3680043.8.498.10004945927472656027199792075652399585,1.2.826.0.1.3680043.8.498.72137122913943091996840828871969421711,1.2.826.0.1.3680043.8.498.80742685070011893984580261087968785728,int_tse_sag_fs_p3_s2_2.5mm_drb_384,8,MR,KNEE,,*tseR2d1_9,MONOCHROME2,ee084a79-b22,,,Siemens Healthineers,MAGNETOM Vida,R,FFS,1.2.840.10008.1.2.1,768,768,14,,-0.00018944;0.999993;0.00383791;-0.0306549;0.0038303;-0.999523,-69.1392;-96.414;26.1305,0.2214;0.2214,2.5,3.0,1,16,12,11,0,1.0,0.0
train_series\1.2.826.0.1.3680043.8.498.72137122913943091996840828871969421711\1.2.826.0.1.3680043.8.498.84945444023586569274223608250999169421.dcm,1.2.826.0.1.3680043.8.498.10004945927472656027199792075652399585,1.2.826.0.1.3680043.8.498.72137122913943091996840828871969421711,1.2.826.0.1.3680043.8.498.84945444023586569274223608250999169421,int_tse_sag_fs_p3_s2_2.5mm_drb_384,8,MR,KNEE,,*tseR2d1_9,MONOCHROME2,ee084a79-b22,,,Siemens Healthineers,MAGNETOM Vida,R,FFS,1.2.840.10008.1.2.1,768,768,34,,-0.00018944;0.999993;0.00383791;-0.0306549;0.0038303;-0.999523,-129.111;-96.4324;27.9697,0.2214;0.2214,2.5,3.0,1,16,12,11,0,1.0,0.0
train_series\1.2.826.0.1.3680043.8.498.72137122913943091996840828871969421711\1.2.826.0.1.3680043.8.498.87321860455381025050651785678844106017.dcm,1.2.826.0.1.3680043.8.498.10004945927472656027199792075652399585,1.2.826.0.1.3680043.8.498.72137122913943091996840828871969421711,1.2.826.0.1.3680043.8.498.87321860455381025050651785678844106017,int_tse_sag_fs_p3_s2_2.5mm_drb_384,8,MR,KNEE,,*tseR2d1_9,MONOCHROME2,ee084a79-b22,,,Siemens Healthineers,MAGNETOM Vida,R,FFS,1.2.840.10008.1.2.1,768,768,19,,-0.00018944;0.999993;0.00383791;-0.0306549;0.0038303;-0.999523,-84.1322;-96.4186;26.5903,0.2214;0.2214,2.5,3.0,1,16,12,11,0,1.0,0.0
train_series\1.2.826.0.1.3680043.8.498.72137122913943091996840828871969421711\1.2.826.0.1.3680043.8.498.90295687085032922902632717001098431072.dcm,1.2.826.0.1.3680043.8.498.10004945927472656027199792075652399585,1.2.826.0.1.3680043.8.498.72137122913943091996840828871969421711,1.2.826.0.1.3680043.8.498.90295687085032922902632717001098431072,int_tse_sag_fs_p3_s2_2.5mm_drb_384,8,MR,KNEE,,*tseR2d1_9,MONOCHROME2,ee084a79-b22,,,Siemens Healthineers,MAGNETOM Vida,R,FFS,1.2.840.10008.1.2.1,768,768,32,,-0.00018944;0.999993;0.00383791;-0.0306549;0.0038303;-0.999523,-123.114;-96.4306;27.7858,0.2214;0.2214,2.5,3.0,1,16,12,11,0,1.0,0.0
train_series\1.2.826.0.1.3680043.8.498.72137122913943091996840828871969421711\1.2.826.0.1.3680043.8.498.92008441816172194379992256723102754866.dcm,1.2.826.0.1.3680043.8.498.10004945927472656027199792075652399585,1.2.826.0.1.3680043.8.498.72137122913943091996840828871969421711,1.2.826.0.1.3680043.8.498.92008441816172194379992256723102754866,int_tse_sag_fs_p3_s2_2.5mm_drb_384,8,MR,KNEE,,*tseR2d1_9,MONOCHROME2,ee084a79-b22,,,Siemens Healthineers,MAGNETOM Vida,R,FFS,1.2.840.10008.1.2.1,768,768,9,,-0.00018944;0.999993;0.00383791;-0.0306549;0.0038303;-0.999523,-54.1463;-96.4094;25.6707,0.2214;0.2214,2.5,3.0,1,16,12,11,0,1.0,0.0
train_series\1.2.826.0.1.3680043.8.498.72137122913943091996840828871969421711\1.2.826.0.1.3680043.8.498.93287340479252268371779538843214151442.dcm,1.2.826.0.1.3680043.8.498.10004945927472656027199792075652399585,1.2.826.0.1.3680043.8.498.72137122913943091996840828871969421711,1.2.826.0.1.3680043.8.498.93287340479252268371779538843214151442,int_tse_sag_fs_p3_s2_2.5mm_drb_384,8,MR,KNEE,,*tseR2d1_9,MONOCHROME2,ee084a79-b22,,,Siemens Healthineers,MAGNETOM Vida,R,FFS,1.2.840.10008.1.2.1,768,768,28,,-0.00018944;0.999993;0.00383791;-0.0306549;0.0038303;-0.999523,-111.119;-96.4269;27.4179,0.2214;0.2214,2.5,3.0,1,16,12,11,0,1.0,0.0
train_series\1.2.826.0.1.3680043.8.498.72137122913943091996840828871969421711\1.2.826.0.1.3680043.8.498.94532037395750390478293235839015873255.dcm,1.2.826.0.1.3680043.8.498.10004945927472656027199792075652399585,1.2.826.0.1.3680043.8.498.72137122913943091996840828871969421711,1.2.826.0.1.3680043.8.498.94532037395750390478293235839015873255,int_tse_sag_fs_p3_s2_2.5mm_drb_384,8,MR,KNEE,,*tseR2d1_9,MONOCHROME2,ee084a79-b22,,,Siemens Healthineers,MAGNETOM Vida,R,FFS,1.2.840.10008.1.2.1,768,768,7,,-0.00018944;0.999993;0.00383791;-0.0306549;0.0038303;-0.999523,-48.1491;-96.4075;25.4867,0.2214;0.2214,2.5,3.0,1,16,12,11,0,1.0,0.0
train_series\1.2.826.0.1.3680043.8.498.74504704425600751221038968098633701528\1.2.826.0.1.3680043.8.498.10288511080606944747934942388986882421.dcm,1.2.826.0.1.3680043.8.498.10009639203170750274174707434356622764,1.2.826.0.1.3680043.8.498.74504704425600751221038968098633701528,1.2.826.0.1.3680043.8.498.10288511080606944747934942388986882421,t1_vibe_we_tra_cartilage,12,MR,KNEE,,*fl3d1,MONOCHROME2,fd7379f0-da7,,,SIEMENS,Aera,L,FFS,1.2.840.10008.1.2.1,256,256,63,,0.9685478;0.24861874;0.010192042;-0.24868076;0.96575727;0.073964668,26.618015;-106.99754;-15.239796,0.625;0.625,0.60000002384186,,1,16,12,11,0,,
train_series\1.2.826.0.1.3680043.8.498.74504704425600751221038968098633701528\1.2.826.0.1.3680043.8.498.10297522888699187751528640129045706401.dcm,1.2.826.0.1.3680043.8.498.10009639203170750274174707434356622764,1.2.826.0.1.3680043.8.498.74504704425600751221038968098633701528,1.2.826.0.1.3680043.8.498.10297522888699187751528640129045706401,t1_vibe_we_tra_cartilage,12,MR,KNEE,,*fl3d1,MONOCHROME2,fd7379f0-da7,,,SIEMENS,Aera,L,FFS,1.2.840.10008.1.2.1,256,256,121,,0.9685478;0.24861874;0.010192042;-0.24868076;0.96575727;0.073964668,26.320615;-104.41632;-49.942661,0.625;0.625,0.60000002384186,,1,16,12,11,0,,
train_series\1.2.826.0.1.3680043.8.498.74504704425600751221038968098633701528\1.2.826.0.1.3680043.8.498.10415214637395752554361158609421183033.dcm,1.2.826.0.1.3680043.8.498.10009639203170750274174707434356622764,1.2.826.0.1.3680043.8.498.74504704425600751221038968098633701528,1.2.826.0.1.3680043.8.498.10415214637395752554361158609421183033,t1_vibe_we_tra_cartilage,12,MR,KNEE,,*fl3d1,MONOCHROME2,fd7379f0-da7,,,SIEMENS,Aera,L,FFS,1.2.840.10008.1.2.1,256,256,33,,0.9685478;0.24861874;0.010192042;-0.24868076;0.96575727;0.073964668,26.771842;-108.33265;2.7099624,0.625;0.625,0.60000002384186,,1,16,12,11,0,,
train_series\1.2.826.0.1.3680043.8.498.74504704425600751221038968098633701528\1.2.826.0.1.3680043.8.498.10498683520794159921557495598087343667.dcm,1.2.826.0.1.3680043.8.498.10009639203170750274174707434356622764,1.2.826.0.1.3680043.8.498.74504704425600751221038968098633701528,1.2.826.0.1.3680043.8.498.10498683520794159921557495598087343667,t1_vibe_we_tra_cartilage,12,MR,KNEE,,*fl3d1,MONOCHROME2,fd7379f0-da7,,,SIEMENS,Aera,L,FFS,1.2.840.10008.1.2.1,256,256,43,,0.9685478;0.24861874;0.010192042;-0.24868076;0.96575727;0.073964668,26.720566;-107.88761;-3.2732903,0.625;0.625,0.60000002384186,,1,16,12,11,0,,
train_series\1.2.826.0.1.3680043.8.498.74504704425600751221038968098633701528\1.2.826.0.1.3680043.8.498.10666021155994747123220567540510938997.dcm,1.2.826.0.1.3680043.8.498.10009639203170750274174707434356622764,1.2.826.0.1.3680043.8.498.74504704425600751221038968098633701528,1.2.826.0.1.3680043.8.498.10666021155994747123220567540510938997,t1_vibe_we_tra_cartilage,12,MR,KNEE,,*fl3d1,MONOCHROME2,fd7379f0-da7,,,SIEMENS,Aera,L,FFS,1.2.840.10008.1.2.1,256,256,32,,0.9685478;0.24861874;0.010192042;-0.24868076;0.96575727;0.073964668,26.77697;-108.37715;3.3082876,0.625;0.625,0.60000002384186,,1,16,12,11,0,,
train_series\1.2.826.0.1.3680043.8.498.74504704425600751221038968098633701528\1.2.826.0.1.3680043.8.498.10706044611349564608091390044225540125.dcm,1.2.826.0.1.3680043.8.498.10009639203170750274174707434356622764,1.2.826.0.1.3680043.8.498.74504704425600751221038968098633701528,1.2.826.0.1.3680043.8.498.10706044611349564608091390044225540125,t1_vibe_we_tra_cartilage,12,MR,KNEE,,*fl3d1,MONOCHROME2,fd7379f0-da7,,,SIEMENS,Aera,L,FFS,1.2.840.10008.1.2.1,256,256,101,,0.9685478;0.24861874;0.010192042;-0.24868076;0.96575727;0.073964668,26.423167;-105.30639;-37.976156,0.625;0.625,0.60000002384186,,1,16,12,11,0,,
train_series\1.2.826.0.1.3680043.8.498.74504704425600751221038968098633701528\1.2.826.0.1.3680043.8.498.10725556514197128142748957035102901553.dcm,1.2.826.0.1.3680043.8.498.10009639203170750274174707434356622764,1.2.826.0.1.3680043.8.498.74504704425600751221038968098633701528,1.2.826.0.1.3680043.8.498.10725556514197128142748957035102901553,t1_vibe_we_tra_cartilage,12,MR,KNEE,,*fl3d1,MONOCHROME2,fd7379f0-da7,,,SIEMENS,Aera,L,FFS,1.2.840.10008.1.2.1,256,256,62,,0.9685478;0.24861874;0.010192042;-0.24868076;0.96575727;0.073964668,26.623142;-107.04204;-14.64147,0.625;0.625,0.60000002384186,,1,16,12,11,0,,
train_series\1.2.826.0.1.3680043.8.498.74504704425600751221038968098633701528\1.2.826.0.1.3680043.8.498.10783675145172996396154692710346164608.dcm,1.2.826.0.1.3680043.8.498.10009639203170750274174707434356622764,1.2.826.0.1.3680043.8.498.74504704425600751221038968098633701528,1.2.826.0.1.3680043.8.498.10783675145172996396154692710346164608,t1_vibe_we_tra_cartilage,12,MR,KNEE,,*fl3d1,MONOCHROME2,fd7379f0-da7,,,SIEMENS,Aera,L,FFS,1.2.840.10008.1.2.1,256,256,155,,0.9685478;0.24861874;0.010192042;-0.24868076;0.96575727;0.073964668,26.146278;-102.90319;-70.28572,0.625;0.625,0.60000002384186,,1,16,12,11,0,,
train_series\1.2.826.0.1.3680043.8.498.74504704425600751221038968098633701528\1.2.826.0.1.3680043.8.498.10803667530501225725945122131032063514.dcm,1.2.826.0.1.3680043.8.498.10009639203170750274174707434356622764,1.2.826.0.1.3680043.8.498.74504704425600751221038968098633701528,1.2.826.0.1.3680043.8.498.10803667530501225725945122131032063514,t1_vibe_we_tra_cartilage,12,MR,KNEE,,*fl3d1,MONOCHROME2,fd7379f0-da7,,,SIEMENS,Aera,L,FFS,1.2.840.10008.1.2.1,256,256,100,,0.9685478;0.24861874;0.010192042;-0.24868076;0.96575727;0.073964668,26.428294;-105.3509;-37.377831,0.625;0.625,0.60000002384186,,1,16,12,11,0,,
train_series\1.2.826.0.1.3680043.8.498.74504704425600751221038968098633701528\1.2.826.0.1.3680043.8.498.10874803843205559263675470638139071116.dcm,1.2.826.0.1.3680043.8.498.10009639203170750274174707434356622764,1.2.826.0.1.3680043.8.498.74504704425600751221038968098633701528,1.2.826.0.1.3680043.8.498.10874803843205559263675470638139071116,t1_vibe_we_tra_cartilage,12,MR,KNEE,,*fl3d1,MONOCHROME2,fd7379f0-da7,,,SIEMENS,Aera,L,FFS,1.2.840.10008.1.2.1,256,256,153,,0.9685478;0.24861874;0.010192042;-0.24868076;0.96575727;0.073964668,26.156533;-102.9922;-69.08907,0.625;0.625,0.60000002384186,,1,16,12,11,0,,
train_series\1.2.826.0.1.3680043.8.498.74504704425600751221038968098633701528\1.2.826.0.1.3680043.8.498.10901753156168320989876653418946826587.dcm,1.2.826.0.1.3680043.8.498.10009639203170750274174707434356622764,1.2.826.0.1.3680043.8.498.74504704425600751221038968098633701528,1.2.826.0.1.3680043.8.498.10901753156168320989876653418946826587,t1_vibe_we_tra_cartilage,12,MR,KNEE,,*fl3d1,MONOCHROME2,fd7379f0-da7,,,SIEMENS,Aera,L,FFS,1.2.840.10008.1.2.1,256,256,58,,0.9685478;0.24861874;0.010192042;-0.24868076;0.96575727;0.073964668,26.643653;-107.22005;-12.248169,0.625;0.625,0.60000002384186,,1,16,12,11,0,,
train_series\1.2.826.0.1.3680043.8.498.74504704425600751221038968098633701528\1.2.826.0.1.3680043.8.498.10946700802233397985439435952848050511.dcm,1.2.826.0.1.3680043.8.498.10009639203170750274174707434356622764,1.2.826.0.1.3680043.8.498.74504704425600751221038968098633701528,1.2.826.0.1.3680043.8.498.10946700802233397985439435952848050511,t1_vibe_we_tra_cartilage,12,MR,KNEE,,*fl3d1,MONOCHROME2,fd7379f0-da7,,,SIEMENS,Aera,L,FFS,1.2.840.10008.1.2.1,256,256,112,,0.9685478;0.24861874;0.010192042;-0.24868076;0.96575727;0.073964668,26.366764;-104.81685;-44.557734,0.625;0.625,0.60000002384186,,1,16,12,11,0,,
train_series\1.2.826.0.1.3680043.8.498.74504704425600751221038968098633701528\1.2.826.0.1.3680043.8.498.10954973402825668033442635299083402862.dcm,1.2.826.0.1.3680043.8.498.10009639203170750274174707434356622764,1.2.826.0.1.3680043.8.498.74504704425600751221038968098633701528,1.2.826.0.1.3680043.8.498.10954973402825668033442635299083402862,t1_vibe_we_tra_cartilage,12,MR,KNEE,,*fl3d1,MONOCHROME2,fd7379f0-da7,,,SIEMENS,Aera,L,FFS,1.2.840.10008.1.2.1,256,256,115,,0.9685478;0.24861874;0.010192042;-0.24868076;0.96575727;0.073964668,26.351381;-104.68334;-46.35271,0.625;0.625,0.60000002384186,,1,16,12,11,0,,
train_series\1.2.826.0.1.3680043.8.498.74504704425600751221038968098633701528\1.2.826.0.1.3680043.8.498.11013865473976977091957841772025259738.dcm,1.2.826.0.1.3680043.8.498.10009639203170750274174707434356622764,1.2.826.0.1.3680043.8.498.74504704425600751221038968098633701528,1.2.826.0.1.3680043.8.498.11013865473976977091957841772025259738,t1_vibe_we_tra_cartilage,12,MR,KNEE,,*fl3d1,MONOCHROME2,fd7379f0-da7,,,SIEMENS,Aera,L,FFS,1.2.840.10008.1.2.1,256,256,107,,0.9685478;0.24861874;0.010192042;-0.24868076;0.96575727;0.073964668,26.392401;-105.03937;-41.566107,0.625;0.625,0.60000002384186,,1,16,12,11,0,,
train_series\1.2.826.0.1.3680043.8.498.74504704425600751221038968098633701528\1.2.826.0.1.3680043.8.498.11102229698660997777374840723623537338.dcm,1.2.826.0.1.3680043.8.498.10009639203170750274174707434356622764,1.2.826.0.1.3680043.8.498.74504704425600751221038968098633701528,1.2.826.0.1.3680043.8.498.11102229698660997777374840723623537338,t1_vibe_we_tra_cartilage,12,MR,KNEE,,*fl3d1,MONOCHROME2,fd7379f0-da7,,,SIEMENS,Aera,L,FFS,1.2.840.10008.1.2.1,256,256,64,,0.9685478;0.24861874;0.010192042;-0.24868076;0.96575727;0.073964668,26.612887;-106.95303;-15.838121,0.625;0.625,0.60000002384186,,1,16,12,11,0,,
train_series\1.2.826.0.1.3680043.8.498.74504704425600751221038968098633701528\1.2.826.0.1.3680043.8.498.11111650126896330487277638805237479332.dcm,1.2.826.0.1.3680043.8.498.10009639203170750274174707434356622764,1.2.826.0.1.3680043.8.498.74504704425600751221038968098633701528,1.2.826.0.1.3680043.8.498.11111650126896330487277638805237479332,t1_vibe_we_tra_cartilage,12,MR,KNEE,,*fl3d1,MONOCHROME2,fd7379f0-da7,,,SIEMENS,Aera,L,FFS,1.2.840.10008.1.2.1,256,256,145,,0.9685478;0.24861874;0.010192042;-0.24868076;0.96575727;0.073964668,26.197553;-103.34823;-64.302468,0.625;0.625,0.60000002384186,,1,16,12,11,0,,
train_series\1.2.826.0.1.3680043.8.498.74504704425600751221038968098633701528\1.2.826.0.1.3680043.8.498.11202757584601538098006364692304430219.dcm,1.2.826.0.1.3680043.8.498.10009639203170750274174707434356622764,1.2.826.0.1.3680043.8.498.74504704425600751221038968098633701528,1.2.826.0.1.3680043.8.498.11202757584601538098006364692304430219,t1_vibe_we_tra_cartilage,12,MR,KNEE,,*fl3d1,MONOCHROME2,fd7379f0-da7,,,SIEMENS,Aera,L,FFS,1.2.840.10008.1.2.1,256,256,148,,0.9685478;0.24861874;0.010192042;-0.24868076;0.96575727;0.073964668,26.182171;-103.21472;-66.097443,0.625;0.625,0.60000002384186,,1,16,12,11,0,,
train_series\1.2.826.0.1.3680043.8.498.74504704425600751221038968098633701528\1.2.826.0.1.3680043.8.498.11273814927190933505635309459080127164.dcm,1.2.826.0.1.3680043.8.498.10009639203170750274174707434356622764,1.2.826.0.1.3680043.8.498.74504704425600751221038968098633701528,1.2.826.0.1.3680043.8.498.11273814927190933505635309459080127164,t1_vibe_we_tra_cartilage,12,MR,KNEE,,*fl3d1,MONOCHROME2,fd7379f0-da7,,,SIEMENS,Aera,L,FFS,1.2.840.10008.1.2.1,256,256,25,,0.9685478;0.24861874;0.010192042;-0.24868076;0.96575727;0.073964668,26.812863;-108.68868;7.4965645,0.625;0.625,0.60000002384186,,1,16,12,11,0,,
train_series\1.2.826.0.1.3680043.8.498.74504704425600751221038968098633701528\1.2.826.0.1.3680043.8.498.11318367143539853745052519417460069759.dcm,1.2.826.0.1.3680043.8.498.10009639203170750274174707434356622764,1.2.826.0.1.3680043.8.498.74504704425600751221038968098633701528,1.2.826.0.1.3680043.8.498.11318367143539853745052519417460069759,t1_vibe_we_tra_cartilage,12,MR,KNEE,,*fl3d1,MONOCHROME2,fd7379f0-da7,,,SIEMENS,Aera,L,FFS,1.2.840.10008.1.2.1,256,256,84,,0.9685478;0.24861874;0.010192042;-0.24868076;0.96575727;0.073964668,26.510336;-106.06296;-27.804626,0.625;0.625,0.60000002384186,,1,16,12,11,0,,
train_series\1.2.826.0.1.3680043.8.498.74504704425600751221038968098633701528\1.2.826.0.1.3680043.8.498.11393600654334609533756102997158496922.dcm,1.2.826.0.1.3680043.8.498.10009639203170750274174707434356622764,1.2.826.0.1.3680043.8.498.74504704425600751221038968098633701528,1.2.826.0.1.3680043.8.498.11393600654334609533756102997158496922,t1_vibe_we_tra_cartilage,12,MR,KNEE,,*fl3d1,MONOCHROME2,fd7379f0-da7,,,SIEMENS,Aera,L,FFS,1.2.840.10008.1.2.1,256,256,38,,0.9685478;0.24861874;0.010192042;-0.24868076;0.96575727;0.073964668,26.746204;-108.11013;-0.28166398,0.625;0.625,0.60000002384186,,1,16,12,11,0,,
train_series\1.2.826.0.1.3680043.8.498.74504704425600751221038968098633701528\1.2.826.0.1.3680043.8.498.11555821166681034289960586683557103341.dcm,1.2.826.0.1.3680043.8.498.10009639203170750274174707434356622764,1.2.826.0.1.3680043.8.498.74504704425600751221038968098633701528,1.2.826.0.1.3680043.8.498.11555821166681034289960586683557103341,t1_vibe_we_tra_cartilage,12,MR,KNEE,,*fl3d1,MONOCHROME2,fd7379f0-da7,,,SIEMENS,Aera,L,FFS,1.2.840.10008.1.2.1,256,256,27,,0.9685478;0.24861874;0.010192042;-0.24868076;0.96575727;0.073964668,26.802608;-108.59967;6.299914,0.625;0.625,0.60000002384186,,1,16,12,11,0,,
train_series\1.2.826.0.1.3680043.8.498.74504704425600751221038968098633701528\1.2.826.0.1.3680043.8.498.11663976490357014631347029198812182838.dcm,1.2.826.0.1.3680043.8.498.10009639203170750274174707434356622764,1.2.826.0.1.3680043.8.498.74504704425600751221038968098633701528,1.2.826.0.1.3680043.8.498.11663976490357014631347029198812182838,t1_vibe_we_tra_cartilage,12,MR,KNEE,,*fl3d1,MONOCHROME2,fd7379f0-da7,,,SIEMENS,Aera,L,FFS,1.2.840.10008.1.2.1,256,256,13,,0.9685478;0.24861874;0.010192042;-0.24868076;0.96575727;0.073964668,26.874394;-109.22272;14.676468,0.625;0.625,0.60000002384186,,1,16,12,11,0,,
train_series\1.2.826.0.1.3680043.8.498.74504704425600751221038968098633701528\1.2.826.0.1.3680043.8.498.11798492172105176661617963356875515994.dcm,1.2.826.0.1.3680043.8.498.10009639203170750274174707434356622764,1.2.826.0.1.3680043.8.498.74504704425600751221038968098633701528,1.2.826.0.1.3680043.8.498.11798492172105176661617963356875515994,t1_vibe_we_tra_cartilage,12,MR,KNEE,,*fl3d1,MONOCHROME2,fd7379f0-da7,,,SIEMENS,Aera,L,FFS,1.2.840.10008.1.2.1,256,256,151,,0.9685478;0.24861874;0.010192042;-0.24868076;0.96575727;0.073964668,26.166788;-103.08121;-67.892419,0.625;0.625,0.60000002384186,,1,16,12,11,0,,
train_series\1.2.826.0.1.3680043.8.498.74504704425600751221038968098633701528\1.2.826.0.1.3680043.8.498.11902315599466560417307676428166438338.dcm,1.2.826.0.1.3680043.8.498.10009639203170750274174707434356622764,1.2.826.0.1.3680043.8.498.74504704425600751221038968098633701528,1.2.826.0.1.3680043.8.498.11902315599466560417307676428166438338,t1_vibe_we_tra_cartilage,12,MR,KNEE,,*fl3d1,MONOCHROME2,fd7379f0-da7,,,SIEMENS,Aera,L,FFS,1.2.840.10008.1.2.1,256,256,34,,0.9685478;0.24861874;0.010192042;-0.24868076;0.96575727;0.073964668,26.766715;-108.28814;2.1116371,0.625;0.625,0.60000002384186,,1,16,12,11,0,,
train_series\1.2.826.0.1.3680043.8.498.74504704425600751221038968098633701528\1.2.826.0.1.3680043.8.498.11922589147506183054823833068618130734.dcm,1.2.826.0.1.3680043.8.498.10009639203170750274174707434356622764,1.2.826.0.1.3680043.8.498.74504704425600751221038968098633701528,1.2.826.0.1.3680043.8.498.11922589147506183054823833068618130734,t1_vibe_we_tra_cartilage,12,MR,KNEE,,*fl3d1,MONOCHROME2,fd7379f0-da7,,,SIEMENS,Aera,L,FFS,1.2.840.10008.1.2.1,256,256,116,,0.9685478;0.24861874;0.010192042;-0.24868076;0.96575727;0.073964668,26.346253;-104.63884;-46.951035,0.625;0.625,0.60000002384186,,1,16,12,11,0,,
train_series\1.2.826.0.1.3680043.8.498.74504704425600751221038968098633701528\1.2.826.0.1.3680043.8.498.12033648531215626318751040806654192940.dcm,1.2.826.0.1.3680043.8.498.10009639203170750274174707434356622764,1.2.826.0.1.3680043.8.498.74504704425600751221038968098633701528,1.2.826.0.1.3680043.8.498.12033648531215626318751040806654192940,t1_vibe_we_tra_cartilage,12,MR,KNEE,,*fl3d1,MONOCHROME2,fd7379f0-da7,,,SIEMENS,Aera,L,FFS,1.2.840.10008.1.2.1,256,256,136,,0.9685478;0.24861874;0.010192042;-0.24868076;0.96575727;0.073964668,26.243702;-103.74876;-58.91754,0.625;0.625,0.60000002384186,,1,16,12,11,0,,
train_series\1.2.826.0.1.3680043.8.498.74504704425600751221038968098633701528\1.2.826.0.1.3680043.8.498.12040230988625687240682880463579912355.dcm,1.2.826.0.1.3680043.8.498.10009639203170750274174707434356622764,1.2.826.0.1.3680043.8.498.74504704425600751221038968098633701528,1.2.826.0.1.3680043.8.498.12040230988625687240682880463579912355,t1_vibe_we_tra_cartilage,12,MR,KNEE,,*fl3d1,MONOCHROME2,fd7379f0-da7,,,SIEMENS,Aera,L,FFS,1.2.840.10008.1.2.1,256,256,5,,0.9685478;0.24861874;0.010192042;-0.24868076;0.96575727;0.073964668,26.915414;-109.57875;19.46307,0.625;0.625,0.60000002384186,,1,16,12,11,0,,
train_series\1.2.826.0.1.3680043.8.498.74504704425600751221038968098633701528\1.2.826.0.1.3680043.8.498.12082261336821347594458307744439204650.dcm,1.2.826.0.1.3680043.8.498.10009639203170750274174707434356622764,1.2.826.0.1.3680043.8.498.74504704425600751221038968098633701528,1.2.826.0.1.3680043.8.498.12082261336821347594458307744439204650,t1_vibe_we_tra_cartilage,12,MR,KNEE,,*fl3d1,MONOCHROME2,fd7379f0-da7,,,SIEMENS,Aera,L,FFS,1.2.840.10008.1.2.1,256,256,80,,0.9685478;0.24861874;0.010192042;-0.24868076;0.96575727;0.073964668,26.530846;-106.24097;-25.411325,0.625;0.625,0.60000002384186,,1,16,12,11,0,,
train_series\1.2.826.0.1.3680043.8.498.74504704425600751221038968098633701528\1.2.826.0.1.3680043.8.498.12200950938647856295780539349157009776.dcm,1.2.826.0.1.3680043.8.498.10009639203170750274174707434356622764,1.2.826.0.1.3680043.8.498.74504704425600751221038968098633701528,1.2.826.0.1.3680043.8.498.12200950938647856295780539349157009776,t1_vibe_we_tra_cartilage,12,MR,KNEE,,*fl3d1,MONOCHROME2,fd7379f0-da7,,,SIEMENS,Aera,L,FFS,1.2.840.10008.1.2.1,256,256,143,,0.9685478;0.24861874;0.010192042;-0.24868076;0.96575727;0.073964668,26.207809;-103.43724;-63.105817,0.625;0.625,0.60000002384186,,1,16,12,11,0,,
train_series\1.2.826.0.1.3680043.8.498.74504704425600751221038968098633701528\1.2.826.0.1.3680043.8.498.12229825465541790383315233647936723751.dcm,1.2.826.0.1.3680043.8.498.10009639203170750274174707434356622764,1.2.826.0.1.3680043.8.498.74504704425600751221038968098633701528,1.2.826.0.1.3680043.8.498.12229825465541790383315233647936723751,t1_vibe_we_tra_cartilage,12,MR,KNEE,,*fl3d1,MONOCHROME2,fd7379f0-da7,,,SIEMENS,Aera,L,FFS,1.2.840.10008.1.2.1,256,256,53,,0.9685478;0.24861874;0.010192042;-0.24868076;0.96575727;0.073964668,26.669291;-107.44257;-9.256543,0.625;0.625,0.60000002384186,,1,16,12,11,0,,
train_series\1.2.826.0.1.3680043.8.498.74504704425600751221038968098633701528\1.2.826.0.1.3680043.8.498.12311838489087504258672535754759086381.dcm,1.2.826.0.1.3680043.8.498.10009639203170750274174707434356622764,1.2.826.0.1.3680043.8.498.74504704425600751221038968098633701528,1.2.826.0.1.3680043.8.498.12311838489087504258672535754759086381,t1_vibe_we_tra_cartilage,12,MR,KNEE,,*fl3d1,MONOCHROME2,fd7379f0-da7,,,SIEMENS,Aera,L,FFS,1.2.840.10008.1.2.1,256,256,83,,0.9685478;0.24861874;0.010192042;-0.24868076;0.96575727;0.073964668,26.515463;-106.10746;-27.206301,0.625;0.625,0.60000002384186,,1,16,12,11,0,,
train_series\1.2.826.0.1.3680043.8.498.74504704425600751221038968098633701528\1.2.826.0.1.3680043.8.498.12312415788426288816909667897443431906.dcm,1.2.826.0.1.3680043.8.498.10009639203170750274174707434356622764,1.2.826.0.1.3680043.8.498.74504704425600751221038968098633701528,1.2.826.0.1.3680043.8.498.12312415788426288816909667897443431906,t1_vibe_we_tra_cartilage,12,MR,KNEE,,*fl3d1,MONOCHROME2,fd7379f0-da7,,,SIEMENS,Aera,L,FFS,1.2.840.10008.1.2.1,256,256,149,,0.9685478;0.24861874;0.010192042;-0.24868076;0.96575727;0.073964668,26.177043;-103.17022;-66.695769,0.625;0.625,0.60000002384186,,1,16,12,11,0,,
train_series\1.2.826.0.1.3680043.8.498.74504704425600751221038968098633701528\1.2.826.0.1.3680043.8.498.12314405205174275444507327774806459649.dcm,1.2.826.0.1.3680043.8.498.10009639203170750274174707434356622764,1.2.826.0.1.3680043.8.498.74504704425600751221038968098633701528,1.2.826.0.1.3680043.8.498.12314405205174275444507327774806459649,t1_vibe_we_tra_cartilage,12,MR,KNEE,,*fl3d1,MONOCHROME2,fd7379f0-da7,,,SIEMENS,Aera,L,FFS,1.2.840.10008.1.2.1,256,256,159,,0.9685478;0.24861874;0.010192042;-0.24868076;0.96575727;0.073964668,26.125767;-102.72518;-72.679021,0.625;0.625,0.60000002384186,,1,16,12,11,0,,
train_series\1.2.826.0.1.3680043.8.498.74504704425600751221038968098633701528\1.2.826.0.1.3680043.8.498.12321386679209017341164857352982234294.dcm,1.2.826.0.1.3680043.8.498.10009639203170750274174707434356622764,1.2.826.0.1.3680043.8.498.74504704425600751221038968098633701528,1.2.826.0.1.3680043.8.498.12321386679209017341164857352982234294,t1_vibe_we_tra_cartilage,12,MR,KNEE,,*fl3d1,MONOCHROME2,fd7379f0-da7,,,SIEMENS,Aera,L,FFS,1.2.840.10008.1.2.1,256,256,67,,0.9685478;0.24861874;0.010192042;-0.24868076;0.96575727;0.073964668,26.597505;-106.81952;-17.633097,0.625;0.625,0.60000002384186,,1,16,12,11,0,,
train_series\1.2.826.0.1.3680043.8.498.74504704425600751221038968098633701528\1.2.826.0.1.3680043.8.498.12388902089123461779888653738935335777.dcm,1.2.826.0.1.3680043.8.498.10009639203170750274174707434356622764,1.2.826.0.1.3680043.8.498.74504704425600751221038968098633701528,1.2.826.0.1.3680043.8.498.12388902089123461779888653738935335777,t1_vibe_we_tra_cartilage,12,MR,KNEE,,*fl3d1,MONOCHROME2,fd7379f0-da7,,,SIEMENS,Aera,L,FFS,1.2.840.10008.1.2.1,256,256,66,,0.9685478;0.24861874;0.010192042;-0.24868076;0.96575727;0.073964668,26.602632;-106.86402;-17.034771,0.625;0.625,0.60000002384186,,1,16,12,11,0,,
train_series\1.2.826.0.1.3680043.8.498.74504704425600751221038968098633701528\1.2.826.0.1.3680043.8.498.12405661532802478862657582347183036179.dcm,1.2.826.0.1.3680043.8.498.10009639203170750274174707434356622764,1.2.826.0.1.3680043.8.498.74504704425600751221038968098633701528,1.2.826.0.1.3680043.8.498.12405661532802478862657582347183036179,t1_vibe_we_tra_cartilage,12,MR,KNEE,,*fl3d1,MONOCHROME2,fd7379f0-da7,,,SIEMENS,Aera,L,FFS,1.2.840.10008.1.2.1,256,256,122,,0.9685478;0.24861874;0.010192042;-0.24868076;0.96575727;0.073964668,26.315488;-104.37182;-50.540986,0.625;0.625,0.60000002384186,,1,16,12,11,0,,
train_series\1.2.826.0.1.3680043.8.498.74504704425600751221038968098633701528\1.2.826.0.1.3680043.8.498.12421028984920602860402630825241982130.dcm,1.2.826.0.1.3680043.8.498.10009639203170750274174707434356622764,1.2.826.0.1.3680043.8.498.74504704425600751221038968098633701528,1.2.826.0.1.3680043.8.498.12421028984920602860402630825241982130,t1_vibe_we_tra_cartilage,12,MR,KNEE,,*fl3d1,MONOCHROME2,fd7379f0-da7,,,SIEMENS,Aera,L,FFS,1.2.840.10008.1.2.1,256,256,75,,0.9685478;0.24861874;0.010192042;-0.24868076;0.96575727;0.073964668,26.556484;-106.46349;-22.419699,0.625;0.625,0.60000002384186,,1,16,12,11,0,,
train_series\1.2.826.0.1.3680043.8.498.74504704425600751221038968098633701528\1.2.826.0.1.3680043.8.498.12462050938377514676463053731684821352.dcm,1.2.826.0.1.3680043.8.498.10009639203170750274174707434356622764,1.2.826.0.1.3680043.8.498.74504704425600751221038968098633701528,1.2.826.0.1.3680043.8.498.12462050938377514676463053731684821352,t1_vibe_we_tra_cartilage,12,MR,KNEE,,*fl3d1,MONOCHROME2,fd7379f0-da7,,,SIEMENS,Aera,L,FFS,1.2.840.10008.1.2.1,256,256,24,,0.9685478;0.24861874;0.010192042;-0.24868076;0.96575727;0.073964668,26.81799;-108.73318;8.0948898,0.625;0.625,0.60000002384186,,1,16,12,11,0,,
train_series\1.2.826.0.1.3680043.8.498.74504704425600751221038968098633701528\1.2.826.0.1.3680043.8.498.12540987003183035367965768912938797342.dcm,1.2.826.0.1.3680043.8.498.10009639203170750274174707434356622764,1.2.826.0.1.3680043.8.498.74504704425600751221038968098633701528,1.2.826.0.1.3680043.8.498.12540987003183035367965768912938797342,t1_vibe_we_tra_cartilage,12,MR,KNEE,,*fl3d1,MONOCHROME2,fd7379f0-da7,,,SIEMENS,Aera,L,FFS,1.2.840.10008.1.2.1,256,256,37,,0.9685478;0.24861874;0.010192042;-0.24868076;0.96575727;0.073964668,26.751332;-108.15463;0.31666129,0.625;0.625,0.60000002384186,,1,16,12,11,0,,
train_series\1.2.826.0.1.3680043.8.498.74504704425600751221038968098633701528\1.2.826.0.1.3680043.8.498.12617808617517694067929156982249534395.dcm,1.2.826.0.1.3680043.8.498.10009639203170750274174707434356622764,1.2.826.0.1.3680043.8.498.74504704425600751221038968098633701528,1.2.826.0.1.3680043.8.498.12617808617517694067929156982249534395,t1_vibe_we_tra_cartilage,12,MR,KNEE,,*fl3d1,MONOCHROME2,fd7379f0-da7,,,SIEMENS,Aera,L,FFS,1.2.840.10008.1.2.1,256,256,74,,0.9685478;0.24861874;0.010192042;-0.24868076;0.96575727;0.073964668,26.561612;-106.50799;-21.821374,0.625;0.625,0.60000002384186,,1,16,12,11,0,,
train_series\1.2.826.0.1.3680043.8.498.74504704425600751221038968098633701528\1.2.826.0.1.3680043.8.498.12849230845938560144495323730502135718.dcm,1.2.826.0.1.3680043.8.498.10009639203170750274174707434356622764,1.2.826.0.1.3680043.8.498.74504704425600751221038968098633701528,1.2.826.0.1.3680043.8.498.12849230845938560144495323730502135718,t1_vibe_we_tra_cartilage,12,MR,KNEE,,*fl3d1,MONOCHROME2,fd7379f0-da7,,,SIEMENS,Aera,L,FFS,1.2.840.10008.1.2.1,256,256,139,,0.9685478;0.24861874;0.010192042;-0.24868076;0.96575727;0.073964668,26.228319;-103.61525;-60.712516,0.625;0.625,0.60000002384186,,1,16,12,11,0,,
train_series\1.2.826.0.1.3680043.8.498.74504704425600751221038968098633701528\1.2.826.0.1.3680043.8.498.12975180626797967726433778659731805777.dcm,1.2.826.0.1.3680043.8.498.10009639203170750274174707434356622764,1.2.826.0.1.3680043.8.498.74504704425600751221038968098633701528,1.2.826.0.1.3680043.8.498.12975180626797967726433778659731805777,t1_vibe_we_tra_cartilage,12,MR,KNEE,,*fl3d1,MONOCHROME2,fd7379f0-da7,,,SIEMENS,Aera,L,FFS,1.2.840.10008.1.2.1,256,256,157,,0.9685478;0.24861874;0.010192042;-0.24868076;0.96575727;0.073964668,26.136023;-102.81419;-71.482371,0.625;0.625,0.60000002384186,,1,16,12,11,0,,
train_series\1.2.826.0.1.3680043.8.498.74504704425600751221038968098633701528\1.2.826.0.1.3680043.8.498.13061855308668045077533992314452192196.dcm,1.2.826.0.1.3680043.8.498.10009639203170750274174707434356622764,1.2.826.0.1.3680043.8.498.74504704425600751221038968098633701528,1.2.826.0.1.3680043.8.498.13061855308668045077533992314452192196,t1_vibe_we_tra_cartilage,12,MR,KNEE,,*fl3d1,MONOCHROME2,fd7379f0-da7,,,SIEMENS,Aera,L,FFS,1.2.840.10008.1.2.1,256,256,89,,0.9685478;0.24861874;0.010192042;-0.24868076;0.96575727;0.073964668,26.484698;-105.84044;-30.796253,0.625;0.625,0.60000002384186,,1,16,12,11,0,,
train_series\1.2.826.0.1.3680043.8.498.74504704425600751221038968098633701528\1.2.826.0.1.3680043.8.498.13109116444290835281004247717233211730.dcm,1.2.826.0.1.3680043.8.498.10009639203170750274174707434356622764,1.2.826.0.1.3680043.8.498.74504704425600751221038968098633701528,1.2.826.0.1.3680043.8.498.13109116444290835281004247717233211730,t1_vibe_we_tra_cartilage,12,MR,KNEE,,*fl3d1,MONOCHROME2,fd7379f0-da7,,,SIEMENS,Aera,L,FFS,1.2.840.10008.1.2.1,256,256,59,,0.9685478;0.24861874;0.010192042;-0.24868076;0.96575727;0.073964668,26.638525;-107.17555;-12.846495,0.625;0.625,0.60000002384186,,1,16,12,11,0,,
train_series\1.2.826.0.1.3680043.8.498.74504704425600751221038968098633701528\1.2.826.0.1.3680043.8.498.13191529678338721485022553145295130529.dcm,1.2.826.0.1.3680043.8.498.10009639203170750274174707434356622764,1.2.826.0.1.3680043.8.498.74504704425600751221038968098633701528,1.2.826.0.1.3680043.8.498.13191529678338721485022553145295130529,t1_vibe_we_tra_cartilage,12,MR,KNEE,,*fl3d1,MONOCHROME2,fd7379f0-da7,,,SIEMENS,Aera,L,FFS,1.2.840.10008.1.2.1,256,256,47,,0.9685478;0.24861874;0.010192042;-0.24868076;0.96575727;0.073964668,26.700056;-107.7096;-5.6665914,0.625;0.625,0.60000002384186,,1,16,12,11,0,,
train_series\1.2.826.0.1.3680043.8.498.74504704425600751221038968098633701528\1.2.826.0.1.3680043.8.498.13211747383372720318483037271343107860.dcm,1.2.826.0.1.3680043.8.498.10009639203170750274174707434356622764,1.2.826.0.1.3680043.8.498.74504704425600751221038968098633701528,1.2.826.0.1.3680043.8.498.13211747383372720318483037271343107860,t1_vibe_we_tra_cartilage,12,MR,KNEE,,*fl3d1,MONOCHROME2,fd7379f0-da7,,,SIEMENS,Aera,L,FFS,1.2.840.10008.1.2.1,256,256,123,,0.9685478;0.24861874;0.010192042;-0.24868076;0.96575727;0.073964668,26.31036;-104.32731;-51.139312,0.625;0.625,0.60000002384186,,1,16,12,11,0,,
train_series\1.2.826.0.1.3680043.8.498.74504704425600751221038968098633701528\1.2.826.0.1.3680043.8.498.14443547417527772076093744074590133147.dcm,1.2.826.0.1.3680043.8.498.10009639203170750274174707434356622764,1.2.826.0.1.3680043.8.498.74504704425600751221038968098633701528,1.2.826.0.1.3680043.8.498.14443547417527772076093744074590133147,t1_vibe_we_tra_cartilage,12,MR,KNEE,,*fl3d1,MONOCHROME2,fd7379f0-da7,,,SIEMENS,Aera,L,FFS,1.2.840.10008.1.2.1,256,256,141,,0.9685478;0.24861874;0.010192042;-0.24868076;0.96575727;0.073964668,26.218064;-103.52625;-61.909167,0.625;0.625,0.60000002384186,,1,16,12,11,0,,
train_series\1.2.826.0.1.3680043.8.498.74504704425600751221038968098633701528\1.2.826.0.1.3680043.8.498.15153612961200932775219897261938530594.dcm,1.2.826.0.1.3680043.8.498.10009639203170750274174707434356622764,1.2.826.0.1.3680043.8.498.74504704425600751221038968098633701528,1.2.826.0.1.3680043.8.498.15153612961200932775219897261938530594,t1_vibe_we_tra_cartilage,12,MR,KNEE,,*fl3d1,MONOCHROME2,fd7379f0-da7,,,SIEMENS,Aera,L,FFS,1.2.840.10008.1.2.1,256,256,3,,0.9685478;0.24861874;0.010192042;-0.24868076;0.96575727;0.073964668,26.92567;-109.66776;20.65972,0.625;0.625,0.60000002384186,,1,16,12,11,0,,
train_series\1.2.826.0.1.3680043.8.498.74504704425600751221038968098633701528\1.2.826.0.1.3680043.8.498.15351005860842352475119478654655485893.dcm,1.2.826.0.1.3680043.8.498.10009639203170750274174707434356622764,1.2.826.0.1.3680043.8.498.74504704425600751221038968098633701528,1.2.826.0.1.3680043.8.498.15351005860842352475119478654655485893,t1_vibe_we_tra_cartilage,12,MR,KNEE,,*fl3d1,MONOCHROME2,fd7379f0-da7,,,SIEMENS,Aera,L,FFS,1.2.840.10008.1.2.1,256,256,102,,0.9685478;0.24861874;0.010192042;-0.24868076;0.96575727;0.073964668,26.418039;-105.26189;-38.574481,0.625;0.625,0.60000002384186,,1,16,12,11,0,,
train_series\1.2.826.0.1.3680043.8.498.74504704425600751221038968098633701528\1.2.826.0.1.3680043.8.498.15924415330832908911540218644487558747.dcm,1.2.826.0.1.3680043.8.498.10009639203170750274174707434356622764,1.2.826.0.1.3680043.8.498.74504704425600751221038968098633701528,1.2.826.0.1.3680043.8.498.15924415330832908911540218644487558747,t1_vibe_we_tra_cartilage,12,MR,KNEE,,*fl3d1,MONOCHROME2,fd7379f0-da7,,,SIEMENS,Aera,L,FFS,1.2.840.10008.1.2.1,256,256,146,,0.9685478;0.24861874;0.010192042;-0.24868076;0.96575727;0.073964668,26.192426;-103.30373;-64.900793,0.625;0.625,0.60000002384186,,1,16,12,11,0,,
train_series\1.2.826.0.1.3680043.8.498.74504704425600751221038968098633701528\1.2.826.0.1.3680043.8.498.16363688371863661749070876570313513291.dcm,1.2.826.0.1.3680043.8.498.10009639203170750274174707434356622764,1.2.826.0.1.3680043.8.498.74504704425600751221038968098633701528,1.2.826.0.1.3680043.8.498.16363688371863661749070876570313513291,t1_vibe_we_tra_cartilage,12,MR,KNEE,,*fl3d1,MONOCHROME2,fd7379f0-da7,,,SIEMENS,Aera,L,FFS,1.2.840.10008.1.2.1,256,256,114,,0.9685478;0.24861874;0.010192042;-0.24868076;0.96575727;0.073964668,26.356508;-104.72785;-45.754384,0.625;0.625,0.60000002384186,,1,16,12,11,0,,
train_series\1.2.826.0.1.3680043.8.498.74504704425600751221038968098633701528\1.2.826.0.1.3680043.8.498.17290107942654789041251272035384424077.dcm,1.2.826.0.1.3680043.8.498.10009639203170750274174707434356622764,1.2.826.0.1.3680043.8.498.74504704425600751221038968098633701528,1.2.826.0.1.3680043.8.498.17290107942654789041251272035384424077,t1_vibe_we_tra_cartilage,12,MR,KNEE,,*fl3d1,MONOCHROME2,fd7379f0-da7,,,SIEMENS,Aera,L,FFS,1.2.840.10008.1.2.1,256,256,30,,0.9685478;0.24861874;0.010192042;-0.24868076;0.96575727;0.073964668,26.787225;-108.46616;4.5049382,0.625;0.625,0.60000002384186,,1,16,12,11,0,,
train_series\1.2.826.0.1.3680043.8.498.74504704425600751221038968098633701528\1.2.826.0.1.3680043.8.498.17470089195592980906008566868435354590.dcm,1.2.826.0.1.3680043.8.498.10009639203170750274174707434356622764,1.2.826.0.1.3680043.8.498.74504704425600751221038968098633701528,1.2.826.0.1.3680043.8.498.17470089195592980906008566868435354590,t1_vibe_we_tra_cartilage,12,MR,KNEE,,*fl3d1,MONOCHROME2,fd7379f0-da7,,,SIEMENS,Aera,L,FFS,1.2.840.10008.1.2.1,256,256,12,,0.9685478;0.24861874;0.010192042;-0.24868076;0.96575727;0.073964668,26.879521;-109.26723;15.274793,0.625;0.625,0.60000002384186,,1,16,12,11,0,,
train_series\1.2.826.0.1.3680043.8.498.74504704425600751221038968098633701528\1.2.826.0.1.3680043.8.498.17595389462878971544289998009587669102.dcm,1.2.826.0.1.3680043.8.498.10009639203170750274174707434356622764,1.2.826.0.1.3680043.8.498.74504704425600751221038968098633701528,1.2.826.0.1.3680043.8.498.17595389462878971544289998009587669102,t1_vibe_we_tra_cartilage,12,MR,KNEE,,*fl3d1,MONOCHROME2,fd7379f0-da7,,,SIEMENS,Aera,L,FFS,1.2.840.10008.1.2.1,256,256,134,,0.9685478;0.24861874;0.010192042;-0.24868076;0.96575727;0.073964668,26.253957;-103.83777;-57.72089,0.625;0.625,0.60000002384186,,1,16,12,11,0,,
train_series\1.2.826.0.1.3680043.8.498.74504704425600751221038968098633701528\1.2.826.0.1.3680043.8.498.19744282701609854954353149544417492006.dcm,1.2.826.0.1.3680043.8.498.10009639203170750274174707434356622764,1.2.826.0.1.3680043.8.498.74504704425600751221038968098633701528,1.2.826.0.1.3680043.8.498.19744282701609854954353149544417492006,t1_vibe_we_tra_cartilage,12,MR,KNEE,,*fl3d1,MONOCHROME2,fd7379f0-da7,,,SIEMENS,Aera,L,FFS,1.2.840.10008.1.2.1,256,256,125,,0.9685478;0.24861874;0.010192042;-0.24868076;0.96575727;0.073964668,26.300105;-104.2383;-52.335962,0.625;0.625,0.60000002384186,,1,16,12,11,0,,
train_series\1.2.826.0.1.3680043.8.498.74504704425600751221038968098633701528\1.2.826.0.1.3680043.8.498.20316213547567970596764898515640273404.dcm,1.2.826.0.1.3680043.8.498.10009639203170750274174707434356622764,1.2.826.0.1.3680043.8.498.74504704425600751221038968098633701528,1.2.826.0.1.3680043.8.498.20316213547567970596764898515640273404,t1_vibe_we_tra_cartilage,12,MR,KNEE,,*fl3d1,MONOCHROME2,fd7379f0-da7,,,SIEMENS,Aera,L,FFS,1.2.840.10008.1.2.1,256,256,158,,0.9685478;0.24861874;0.010192042;-0.24868076;0.96575727;0.073964668,26.130895;-102.76968;-72.080696,0.625;0.625,0.60000002384186,,1,16,12,11,0,,
train_series\1.2.826.0.1.3680043.8.498.74504704425600751221038968098633701528\1.2.826.0.1.3680043.8.498.20847427170592882387573981863455841019.dcm,1.2.826.0.1.3680043.8.498.10009639203170750274174707434356622764,1.2.826.0.1.3680043.8.498.74504704425600751221038968098633701528,1.2.826.0.1.3680043.8.498.20847427170592882387573981863455841019,t1_vibe_we_tra_cartilage,12,MR,KNEE,,*fl3d1,MONOCHROME2,fd7379f0-da7,,,SIEMENS,Aera,L,FFS,1.2.840.10008.1.2.1,256,256,120,,0.9685478;0.24861874;0.010192042;-0.24868076;0.96575727;0.073964668,26.325743;-104.46082;-49.344336,0.625;0.625,0.60000002384186,,1,16,12,11,0,,
train_series\1.2.826.0.1.3680043.8.498.74504704425600751221038968098633701528\1.2.826.0.1.3680043.8.498.22184088893823655748571326693932421376.dcm,1.2.826.0.1.3680043.8.498.10009639203170750274174707434356622764,1.2.826.0.1.3680043.8.498.74504704425600751221038968098633701528,1.2.826.0.1.3680043.8.498.22184088893823655748571326693932421376,t1_vibe_we_tra_cartilage,12,MR,KNEE,,*fl3d1,MONOCHROME2,fd7379f0-da7,,,SIEMENS,Aera,L,FFS,1.2.840.10008.1.2.1,256,256,76,,0.9685478;0.24861874;0.010192042;-0.24868076;0.96575727;0.073964668,26.551356;-106.41899;-23.018024,0.625;0.625,0.60000002384186,,1,16,12,11,0,,
train_series\1.2.826.0.1.3680043.8.498.74504704425600751221038968098633701528\1.2.826.0.1.3680043.8.498.22584150272592643631307251025746095464.dcm,1.2.826.0.1.3680043.8.498.10009639203170750274174707434356622764,1.2.826.0.1.3680043.8.498.74504704425600751221038968098633701528,1.2.826.0.1.3680043.8.498.22584150272592643631307251025746095464,t1_vibe_we_tra_cartilage,12,MR,KNEE,,*fl3d1,MONOCHROME2,fd7379f0-da7,,,SIEMENS,Aera,L,FFS,1.2.840.10008.1.2.1,256,256,132,,0.9685478;0.24861874;0.010192042;-0.24868076;0.96575727;0.073964668,26.264212;-103.92678;-56.524239,0.625;0.625,0.60000002384186,,1,16,12,11,0,,
train_series\1.2.826.0.1.3680043.8.498.74504704425600751221038968098633701528\1.2.826.0.1.3680043.8.498.22686447090391365309931284796440070534.dcm,1.2.826.0.1.3680043.8.498.10009639203170750274174707434356622764,1.2.826.0.1.3680043.8.498.74504704425600751221038968098633701528,1.2.826.0.1.3680043.8.498.22686447090391365309931284796440070534,t1_vibe_we_tra_cartilage,12,MR,KNEE,,*fl3d1,MONOCHROME2,fd7379f0-da7,,,SIEMENS,Aera,L,FFS,1.2.840.10008.1.2.1,256,256,72,,0.9685478;0.24861874;0.010192042;-0.24868076;0.96575727;0.073964668,26.571867;-106.597;-20.624723,0.625;0.625,0.60000002384186,,1,16,12,11,0,,
train_series\1.2.826.0.1.3680043.8.498.74504704425600751221038968098633701528\1.2.826.0.1.3680043.8.498.23850718755087556707829479824822575446.dcm,1.2.826.0.1.3680043.8.498.10009639203170750274174707434356622764,1.2.826.0.1.3680043.8.498.74504704425600751221038968098633701528,1.2.826.0.1.3680043.8.498.23850718755087556707829479824822575446,t1_vibe_we_tra_cartilage,12,MR,KNEE,,*fl3d1,MONOCHROME2,fd7379f0-da7,,,SIEMENS,Aera,L,FFS,1.2.840.10008.1.2.1,256,256,14,,0.9685478;0.24861874;0.010192042;-0.24868076;0.96575727;0.073964668,26.869266;-109.17822;14.078142,0.625;0.625,0.60000002384186,,1,16,12,11,0,,
train_series\1.2.826.0.1.3680043.8.498.74504704425600751221038968098633701528\1.2.826.0.1.3680043.8.498.24300403409380559825835047241058170289.dcm,1.2.826.0.1.3680043.8.498.10009639203170750274174707434356622764,1.2.826.0.1.3680043.8.498.74504704425600751221038968098633701528,1.2.826.0.1.3680043.8.498.24300403409380559825835047241058170289,t1_vibe_we_tra_cartilage,12,MR,KNEE,,*fl3d1,MONOCHROME2,fd7379f0-da7,,,SIEMENS,Aera,L,FFS,1.2.840.10008.1.2.1,256,256,87,,0.9685478;0.24861874;0.010192042;-0.24868076;0.96575727;0.073964668,26.494953;-105.92945;-29.599602,0.625;0.625,0.60000002384186,,1,16,12,11,0,,
train_series\1.2.826.0.1.3680043.8.498.74504704425600751221038968098633701528\1.2.826.0.1.3680043.8.498.24337907859121139503629315681024614293.dcm,1.2.826.0.1.3680043.8.498.10009639203170750274174707434356622764,1.2.826.0.1.3680043.8.498.74504704425600751221038968098633701528,1.2.826.0.1.3680043.8.498.24337907859121139503629315681024614293,t1_vibe_we_tra_cartilage,12,MR,KNEE,,*fl3d1,MONOCHROME2,fd7379f0-da7,,,SIEMENS,Aera,L,FFS,1.2.840.10008.1.2.1,256,256,68,,0.9685478;0.24861874;0.010192042;-0.24868076;0.96575727;0.073964668,26.592377;-106.77502;-18.231422,0.625;0.625,0.60000002384186,,1,16,12,11,0,,
train_series\1.2.826.0.1.3680043.8.498.74504704425600751221038968098633701528\1.2.826.0.1.3680043.8.498.24750921468558886698393049840085525188.dcm,1.2.826.0.1.3680043.8.498.10009639203170750274174707434356622764,1.2.826.0.1.3680043.8.498.74504704425600751221038968098633701528,1.2.826.0.1.3680043.8.498.24750921468558886698393049840085525188,t1_vibe_we_tra_cartilage,12,MR,KNEE,,*fl3d1,MONOCHROME2,fd7379f0-da7,,,SIEMENS,Aera,L,FFS,1.2.840.10008.1.2.1,256,256,31,,0.9685478;0.24861874;0.010192042;-0.24868076;0.96575727;0.073964668,26.782097;-108.42166;3.9066129,0.625;0.625,0.60000002384186,,1,16,12,11,0,,
train_series\1.2.826.0.1.3680043.8.498.74504704425600751221038968098633701528\1.2.826.0.1.3680043.8.498.26242571407887822698267747952390073425.dcm,1.2.826.0.1.3680043.8.498.10009639203170750274174707434356622764,1.2.826.0.1.3680043.8.498.74504704425600751221038968098633701528,1.2.826.0.1.3680043.8.498.26242571407887822698267747952390073425,t1_vibe_we_tra_cartilage,12,MR,KNEE,,*fl3d1,MONOCHROME2,fd7379f0-da7,,,SIEMENS,Aera,L,FFS,1.2.840.10008.1.2.1,256,256,8,,0.9685478;0.24861874;0.010192042;-0.24868076;0.96575727;0.073964668,26.900032;-109.44524;17.668094,0.625;0.625,0.60000002384186,,1,16,12,11,0,,
train_series\1.2.826.0.1.3680043.8.498.74504704425600751221038968098633701528\1.2.826.0.1.3680043.8.498.26741067567995816609583693096450984422.dcm,1.2.826.0.1.3680043.8.498.10009639203170750274174707434356622764,1.2.826.0.1.3680043.8.498.74504704425600751221038968098633701528,1.2.826.0.1.3680043.8.498.26741067567995816609583693096450984422,t1_vibe_we_tra_cartilage,12,MR,KNEE,,*fl3d1,MONOCHROME2,fd7379f0-da7,,,SIEMENS,Aera,L,FFS,1.2.840.10008.1.2.1,256,256,152,,0.9685478;0.24861874;0.010192042;-0.24868076;0.96575727;0.073964668,26.16166;-103.0367;-68.490745,0.625;0.625,0.60000002384186,,1,16,12,11,0,,
train_series\1.2.826.0.1.3680043.8.498.74504704425600751221038968098633701528\1.2.826.0.1.3680043.8.498.26890731681689402944056218903793733200.dcm,1.2.826.0.1.3680043.8.498.10009639203170750274174707434356622764,1.2.826.0.1.3680043.8.498.74504704425600751221038968098633701528,1.2.826.0.1.3680043.8.498.26890731681689402944056218903793733200,t1_vibe_we_tra_cartilage,12,MR,KNEE,,*fl3d1,MONOCHROME2,fd7379f0-da7,,,SIEMENS,Aera,L,FFS,1.2.840.10008.1.2.1,256,256,128,,0.9685478;0.24861874;0.010192042;-0.24868076;0.96575727;0.073964668,26.284722;-104.10479;-54.130938,0.625;0.625,0.60000002384186,,1,16,12,11,0,,
train_series\1.2.826.0.1.3680043.8.498.74504704425600751221038968098633701528\1.2.826.0.1.3680043.8.498.27697145323203990997744585095373161498.dcm,1.2.826.0.1.3680043.8.498.10009639203170750274174707434356622764,1.2.826.0.1.3680043.8.498.74504704425600751221038968098633701528,1.2.826.0.1.3680043.8.498.27697145323203990997744585095373161498,t1_vibe_we_tra_cartilage,12,MR,KNEE,,*fl3d1,MONOCHROME2,fd7379f0-da7,,,SIEMENS,Aera,L,FFS,1.2.840.10008.1.2.1,256,256,57,,0.9685478;0.24861874;0.010192042;-0.24868076;0.96575727;0.073964668,26.64878;-107.26456;-11.649844,0.625;0.625,0.60000002384186,,1,16,12,11,0,,
train_series\1.2.826.0.1.3680043.8.498.74504704425600751221038968098633701528\1.2.826.0.1.3680043.8.498.28488126343558935676346286815992522983.dcm,1.2.826.0.1.3680043.8.498.10009639203170750274174707434356622764,1.2.826.0.1.3680043.8.498.74504704425600751221038968098633701528,1.2.826.0.1.3680043.8.498.28488126343558935676346286815992522983,t1_vibe_we_tra_cartilage,12,MR,KNEE,,*fl3d1,MONOCHROME2,fd7379f0-da7,,,SIEMENS,Aera,L,FFS,1.2.840.10008.1.2.1,256,256,131,,0.9685478;0.24861874;0.010192042;-0.24868076;0.96575727;0.073964668,26.26934;-103.97128;-55.925914,0.625;0.625,0.60000002384186,,1,16,12,11,0,,
train_series\1.2.826.0.1.3680043.8.498.74504704425600751221038968098633701528\1.2.826.0.1.3680043.8.498.28602665707152328307068128053852372270.dcm,1.2.826.0.1.3680043.8.498.10009639203170750274174707434356622764,1.2.826.0.1.3680043.8.498.74504704425600751221038968098633701528,1.2.826.0.1.3680043.8.498.28602665707152328307068128053852372270,t1_vibe_we_tra_cartilage,12,MR,KNEE,,*fl3d1,MONOCHROME2,fd7379f0-da7,,,SIEMENS,Aera,L,FFS,1.2.840.10008.1.2.1,256,256,20,,0.9685478;0.24861874;0.010192042;-0.24868076;0.96575727;0.073964668,26.838501;-108.9112;10.488191,0.625;0.625,0.60000002384186,,1,16,12,11,0,,
train_series\1.2.826.0.1.3680043.8.498.74504704425600751221038968098633701528\1.2.826.0.1.3680043.8.498.29468204396077658835655151476796283681.dcm,1.2.826.0.1.3680043.8.498.10009639203170750274174707434356622764,1.2.826.0.1.3680043.8.498.74504704425600751221038968098633701528,1.2.826.0.1.3680043.8.498.29468204396077658835655151476796283681,t1_vibe_we_tra_cartilage,12,MR,KNEE,,*fl3d1,MONOCHROME2,fd7379f0-da7,,,SIEMENS,Aera,L,FFS,1.2.840.10008.1.2.1,256,256,85,,0.9685478;0.24861874;0.010192042;-0.24868076;0.96575727;0.073964668,26.505208;-106.01845;-28.402952,0.625;0.625,0.60000002384186,,1,16,12,11,0,,
train_series\1.2.826.0.1.3680043.8.498.74504704425600751221038968098633701528\1.2.826.0.1.3680043.8.498.29823529359707005794106584609100742488.dcm,1.2.826.0.1.3680043.8.498.10009639203170750274174707434356622764,1.2.826.0.1.3680043.8.498.74504704425600751221038968098633701528,1.2.826.0.1.3680043.8.498.29823529359707005794106584609100742488,t1_vibe_we_tra_cartilage,12,MR,KNEE,,*fl3d1,MONOCHROME2,fd7379f0-da7,,,SIEMENS,Aera,L,FFS,1.2.840.10008.1.2.1,256,256,1,,0.9685478;0.24861874;0.010192042;-0.24868076;0.96575727;0.073964668,26.935925;-109.75677;21.856371,0.625;0.625,0.60000002384186,,1,16,12,11,0,,
train_series\1.2.826.0.1.3680043.8.498.74504704425600751221038968098633701528\1.2.826.0.1.3680043.8.498.30083842184446714491877201696898192321.dcm,1.2.826.0.1.3680043.8.498.10009639203170750274174707434356622764,1.2.826.0.1.3680043.8.498.74504704425600751221038968098633701528,1.2.826.0.1.3680043.8.498.30083842184446714491877201696898192321,t1_vibe_we_tra_cartilage,12,MR,KNEE,,*fl3d1,MONOCHROME2,fd7379f0-da7,,,SIEMENS,Aera,L,FFS,1.2.840.10008.1.2.1,256,256,69,,0.9685478;0.24861874;0.010192042;-0.24868076;0.96575727;0.073964668,26.587249;-106.73051;-18.829747,0.625;0.625,0.60000002384186,,1,16,12,11,0,,
train_series\1.2.826.0.1.3680043.8.498.74504704425600751221038968098633701528\1.2.826.0.1.3680043.8.498.30129592328251992728995015501290533670.dcm,1.2.826.0.1.3680043.8.498.10009639203170750274174707434356622764,1.2.826.0.1.3680043.8.498.74504704425600751221038968098633701528,1.2.826.0.1.3680043.8.498.30129592328251992728995015501290533670,t1_vibe_we_tra_cartilage,12,MR,KNEE,,*fl3d1,MONOCHROME2,fd7379f0-da7,,,SIEMENS,Aera,L,FFS,1.2.840.10008.1.2.1,256,256,144,,0.9685478;0.24861874;0.010192042;-0.24868076;0.96575727;0.073964668,26.202681;-103.39273;-63.704142,0.625;0.625,0.60000002384186,,1,16,12,11,0,,
train_series\1.2.826.0.1.3680043.8.498.74504704425600751221038968098633701528\1.2.826.0.1.3680043.8.498.30694312066276320547516058391033694880.dcm,1.2.826.0.1.3680043.8.498.10009639203170750274174707434356622764,1.2.826.0.1.3680043.8.498.74504704425600751221038968098633701528,1.2.826.0.1.3680043.8.498.30694312066276320547516058391033694880,t1_vibe_we_tra_cartilage,12,MR,KNEE,,*fl3d1,MONOCHROME2,fd7379f0-da7,,,SIEMENS,Aera,L,FFS,1.2.840.10008.1.2.1,256,256,108,,0.9685478;0.24861874;0.010192042;-0.24868076;0.96575727;0.073964668,26.387274;-104.99487;-42.164433,0.625;0.625,0.60000002384186,,1,16,12,11,0,,
train_series\1.2.826.0.1.3680043.8.498.74504704425600751221038968098633701528\1.2.826.0.1.3680043.8.498.31558104767282876287931096730011581758.dcm,1.2.826.0.1.3680043.8.498.10009639203170750274174707434356622764,1.2.826.0.1.3680043.8.498.74504704425600751221038968098633701528,1.2.826.0.1.3680043.8.498.31558104767282876287931096730011581758,t1_vibe_we_tra_cartilage,12,MR,KNEE,,*fl3d1,MONOCHROME2,fd7379f0-da7,,,SIEMENS,Aera,L,FFS,1.2.840.10008.1.2.1,256,256,133,,0.9685478;0.24861874;0.010192042;-0.24868076;0.96575727;0.073964668,26.259084;-103.88227;-57.122564,0.625;0.625,0.60000002384186,,1,16,12,11,0,,
train_series\1.2.826.0.1.3680043.8.498.74504704425600751221038968098633701528\1.2.826.0.1.3680043.8.498.31739151197695363306925983327136586645.dcm,1.2.826.0.1.3680043.8.498.10009639203170750274174707434356622764,1.2.826.0.1.3680043.8.498.74504704425600751221038968098633701528,1.2.826.0.1.3680043.8.498.31739151197695363306925983327136586645,t1_vibe_we_tra_cartilage,12,MR,KNEE,,*fl3d1,MONOCHROME2,fd7379f0-da7,,,SIEMENS,Aera,L,FFS,1.2.840.10008.1.2.1,256,256,105,,0.9685478;0.24861874;0.010192042;-0.24868076;0.96575727;0.073964668,26.402657;-105.12838;-40.369457,0.625;0.625,0.60000002384186,,1,16,12,11,0,,
train_series\1.2.826.0.1.3680043.8.498.74504704425600751221038968098633701528\1.2.826.0.1.3680043.8.498.32251563800133880912794961093651042016.dcm,1.2.826.0.1.3680043.8.498.10009639203170750274174707434356622764,1.2.826.0.1.3680043.8.498.74504704425600751221038968098633701528,1.2.826.0.1.3680043.8.498.32251563800133880912794961093651042016,t1_vibe_we_tra_cartilage,12,MR,KNEE,,*fl3d1,MONOCHROME2,fd7379f0-da7,,,SIEMENS,Aera,L,FFS,1.2.840.10008.1.2.1,256,256,11,,0.9685478;0.24861874;0.010192042;-0.24868076;0.96575727;0.073964668,26.884649;-109.31173;15.873118,0.625;0.625,0.60000002384186,,1,16,12,11,0,,
train_series\1.2.826.0.1.3680043.8.498.74504704425600751221038968098633701528\1.2.826.0.1.3680043.8.498.33089860879665790641614253196146555414.dcm,1.2.826.0.1.3680043.8.498.10009639203170750274174707434356622764,1.2.826.0.1.3680043.8.498.74504704425600751221038968098633701528,1.2.826.0.1.3680043.8.498.33089860879665790641614253196146555414,t1_vibe_we_tra_cartilage,12,MR,KNEE,,*fl3d1,MONOCHROME2,fd7379f0-da7,,,SIEMENS,Aera,L,FFS,1.2.840.10008.1.2.1,256,256,46,,0.9685478;0.24861874;0.010192042;-0.24868076;0.96575727;0.073964668,26.705184;-107.7541;-5.0682661,0.625;0.625,0.60000002384186,,1,16,12,11,0,,
train_series\1.2.826.0.1.3680043.8.498.74504704425600751221038968098633701528\1.2.826.0.1.3680043.8.498.35443666278373749373634162747349122456.dcm,1.2.826.0.1.3680043.8.498.10009639203170750274174707434356622764,1.2.826.0.1.3680043.8.498.74504704425600751221038968098633701528,1.2.826.0.1.3680043.8.498.35443666278373749373634162747349122456,t1_vibe_we_tra_cartilage,12,MR,KNEE,,*fl3d1,MONOCHROME2,fd7379f0-da7,,,SIEMENS,Aera,L,FFS,1.2.840.10008.1.2.1,256,256,140,,0.9685478;0.24861874;0.010192042;-0.24868076;0.96575727;0.073964668,26.223191;-103.57075;-61.310841,0.625;0.625,0.60000002384186,,1,16,12,11,0,,
train_series\1.2.826.0.1.3680043.8.498.74504704425600751221038968098633701528\1.2.826.0.1.3680043.8.498.35701156316122982403510982926532115035.dcm,1.2.826.0.1.3680043.8.498.10009639203170750274174707434356622764,1.2.826.0.1.3680043.8.498.74504704425600751221038968098633701528,1.2.826.0.1.3680043.8.498.35701156316122982403510982926532115035,t1_vibe_we_tra_cartilage,12,MR,KNEE,,*fl3d1,MONOCHROME2,fd7379f0-da7,,,SIEMENS,Aera,L,FFS,1.2.840.10008.1.2.1,256,256,73,,0.9685478;0.24861874;0.010192042;-0.24868076;0.96575727;0.073964668,26.566739;-106.5525;-21.223048,0.625;0.625,0.60000002384186,,1,16,12,11,0,,
train_series\1.2.826.0.1.3680043.8.498.74504704425600751221038968098633701528\1.2.826.0.1.3680043.8.498.36450359138143663475112032521406645502.dcm,1.2.826.0.1.3680043.8.498.10009639203170750274174707434356622764,1.2.826.0.1.3680043.8.498.74504704425600751221038968098633701528,1.2.826.0.1.3680043.8.498.36450359138143663475112032521406645502,t1_vibe_we_tra_cartilage,12,MR,KNEE,,*fl3d1,MONOCHROME2,fd7379f0-da7,,,SIEMENS,Aera,L,FFS,1.2.840.10008.1.2.1,256,256,119,,0.9685478;0.24861874;0.010192042;-0.24868076;0.96575727;0.073964668,26.330871;-104.50533;-48.746011,0.625;0.625,0.60000002384186,,1,16,12,11,0,,
train_series\1.2.826.0.1.3680043.8.498.74504704425600751221038968098633701528\1.2.826.0.1.3680043.8.498.38845095913267974743387596728921303802.dcm,1.2.826.0.1.3680043.8.498.10009639203170750274174707434356622764,1.2.826.0.1.3680043.8.498.74504704425600751221038968098633701528,1.2.826.0.1.3680043.8.498.38845095913267974743387596728921303802,t1_vibe_we_tra_cartilage,12,MR,KNEE,,*fl3d1,MONOCHROME2,fd7379f0-da7,,,SIEMENS,Aera,L,FFS,1.2.840.10008.1.2.1,256,256,15,,0.9685478;0.24861874;0.010192042;-0.24868076;0.96575727;0.073964668,26.864139;-109.13371;13.479817,0.625;0.625,0.60000002384186,,1,16,12,11,0,,
train_series\1.2.826.0.1.3680043.8.498.74504704425600751221038968098633701528\1.2.826.0.1.3680043.8.498.39446227511980447816997291546981708314.dcm,1.2.826.0.1.3680043.8.498.10009639203170750274174707434356622764,1.2.826.0.1.3680043.8.498.74504704425600751221038968098633701528,1.2.826.0.1.3680043.8.498.39446227511980447816997291546981708314,t1_vibe_we_tra_cartilage,12,MR,KNEE,,*fl3d1,MONOCHROME2,fd7379f0-da7,,,SIEMENS,Aera,L,FFS,1.2.840.10008.1.2.1,256,256,113,,0.9685478;0.24861874;0.010192042;-0.24868076;0.96575727;0.073964668,26.361636;-104.77235;-45.156059,0.625;0.625,0.60000002384186,,1,16,12,11,0,,
train_series\1.2.826.0.1.3680043.8.498.74504704425600751221038968098633701528\1.2.826.0.1.3680043.8.498.39962394771366758372041075945614647253.dcm,1.2.826.0.1.3680043.8.498.10009639203170750274174707434356622764,1.2.826.0.1.3680043.8.498.74504704425600751221038968098633701528,1.2.826.0.1.3680043.8.498.39962394771366758372041075945614647253,t1_vibe_we_tra_cartilage,12,MR,KNEE,,*fl3d1,MONOCHROME2,fd7379f0-da7,,,SIEMENS,Aera,L,FFS,1.2.840.10008.1.2.1,256,256,40,,0.9685478;0.24861874;0.010192042;-0.24868076;0.96575727;0.073964668,26.735949;-108.02112;-1.4783145,0.625;0.625,0.60000002384186,,1,16,12,11,0,,
train_series\1.2.826.0.1.3680043.8.498.74504704425600751221038968098633701528\1.2.826.0.1.3680043.8.498.40597799987937903022592436067402972995.dcm,1.2.826.0.1.3680043.8.498.10009639203170750274174707434356622764,1.2.826.0.1.3680043.8.498.74504704425600751221038968098633701528,1.2.826.0.1.3680043.8.498.40597799987937903022592436067402972995,t1_vibe_we_tra_cartilage,12,MR,KNEE,,*fl3d1,MONOCHROME2,fd7379f0-da7,,,SIEMENS,Aera,L,FFS,1.2.840.10008.1.2.1,256,256,35,,0.9685478;0.24861874;0.010192042;-0.24868076;0.96575727;0.073964668,26.761587;-108.24364;1.5133118,0.625;0.625,0.60000002384186,,1,16,12,11,0,,
train_series\1.2.826.0.1.3680043.8.498.74504704425600751221038968098633701528\1.2.826.0.1.3680043.8.498.40871077464125729623299095370707890751.dcm,1.2.826.0.1.3680043.8.498.10009639203170750274174707434356622764,1.2.826.0.1.3680043.8.498.74504704425600751221038968098633701528,1.2.826.0.1.3680043.8.498.40871077464125729623299095370707890751,t1_vibe_we_tra_cartilage,12,MR,KNEE,,*fl3d1,MONOCHROME2,fd7379f0-da7,,,SIEMENS,Aera,L,FFS,1.2.840.10008.1.2.1,256,256,91,,0.9685478;0.24861874;0.010192042;-0.24868076;0.96575727;0.073964668,26.474443;-105.75143;-31.992903,0.625;0.625,0.60000002384186,,1,16,12,11,0,,
train_series\1.2.826.0.1.3680043.8.498.74504704425600751221038968098633701528\1.2.826.0.1.3680043.8.498.41855542020875886745826894411018968859.dcm,1.2.826.0.1.3680043.8.498.10009639203170750274174707434356622764,1.2.826.0.1.3680043.8.498.74504704425600751221038968098633701528,1.2.826.0.1.3680043.8.498.41855542020875886745826894411018968859,t1_vibe_we_tra_cartilage,12,MR,KNEE,,*fl3d1,MONOCHROME2,fd7379f0-da7,,,SIEMENS,Aera,L,FFS,1.2.840.10008.1.2.1,256,256,135,,0.9685478;0.24861874;0.010192042;-0.24868076;0.96575727;0.073964668,26.248829;-103.79327;-58.319215,0.625;0.625,0.60000002384186,,1,16,12,11,0,,
train_series\1.2.826.0.1.3680043.8.498.74504704425600751221038968098633701528\1.2.826.0.1.3680043.8.498.43635489198854592900359075258511225191.dcm,1.2.826.0.1.3680043.8.498.10009639203170750274174707434356622764,1.2.826.0.1.3680043.8.498.74504704425600751221038968098633701528,1.2.826.0.1.3680043.8.498.43635489198854592900359075258511225191,t1_vibe_we_tra_cartilage,12,MR,KNEE,,*fl3d1,MONOCHROME2,fd7379f0-da7,,,SIEMENS,Aera,L,FFS,1.2.840.10008.1.2.1,256,256,142,,0.9685478;0.24861874;0.010192042;-0.24868076;0.96575727;0.073964668,26.212936;-103.48174;-62.507492,0.625;0.625,0.60000002384186,,1,16,12,11,0,,
train_series\1.2.826.0.1.3680043.8.498.74504704425600751221038968098633701528\1.2.826.0.1.3680043.8.498.43695177127455076113390266993730044555.dcm,1.2.826.0.1.3680043.8.498.10009639203170750274174707434356622764,1.2.826.0.1.3680043.8.498.74504704425600751221038968098633701528,1.2.826.0.1.3680043.8.498.43695177127455076113390266993730044555,t1_vibe_we_tra_cartilage,12,MR,KNEE,,*fl3d1,MONOCHROME2,fd7379f0-da7,,,SIEMENS,Aera,L,FFS,1.2.840.10008.1.2.1,256,256,6,,0.9685478;0.24861874;0.010192042;-0.24868076;0.96575727;0.073964668,26.910287;-109.53425;18.864745,0.625;0.625,0.60000002384186,,1,16,12,11,0,,
train_series\1.2.826.0.1.3680043.8.498.74504704425600751221038968098633701528\1.2.826.0.1.3680043.8.498.44079047974111538130917044737720527005.dcm,1.2.826.0.1.3680043.8.498.10009639203170750274174707434356622764,1.2.826.0.1.3680043.8.498.74504704425600751221038968098633701528,1.2.826.0.1.3680043.8.498.44079047974111538130917044737720527005,t1_vibe_we_tra_cartilage,12,MR,KNEE,,*fl3d1,MONOCHROME2,fd7379f0-da7,,,SIEMENS,Aera,L,FFS,1.2.840.10008.1.2.1,256,256,81,,0.9685478;0.24861874;0.010192042;-0.24868076;0.96575727;0.073964668,26.525718;-106.19647;-26.00965,0.625;0.625,0.60000002384186,,1,16,12,11,0,,
train_series\1.2.826.0.1.3680043.8.498.74504704425600751221038968098633701528\1.2.826.0.1.3680043.8.498.44854951742272928131627012188236320140.dcm,1.2.826.0.1.3680043.8.498.10009639203170750274174707434356622764,1.2.826.0.1.3680043.8.498.74504704425600751221038968098633701528,1.2.826.0.1.3680043.8.498.44854951742272928131627012188236320140,t1_vibe_we_tra_cartilage,12,MR,KNEE,,*fl3d1,MONOCHROME2,fd7379f0-da7,,,SIEMENS,Aera,L,FFS,1.2.840.10008.1.2.1,256,256,22,,0.9685478;0.24861874;0.010192042;-0.24868076;0.96575727;0.073964668,26.828246;-108.82219;9.2915403,0.625;0.625,0.60000002384186,,1,16,12,11,0,,
train_series\1.2.826.0.1.3680043.8.498.74504704425600751221038968098633701528\1.2.826.0.1.3680043.8.498.45309623397218803982464148305809024730.dcm,1.2.826.0.1.3680043.8.498.10009639203170750274174707434356622764,1.2.826.0.1.3680043.8.498.74504704425600751221038968098633701528,1.2.826.0.1.3680043.8.498.45309623397218803982464148305809024730,t1_vibe_we_tra_cartilage,12,MR,KNEE,,*fl3d1,MONOCHROME2,fd7379f0-da7,,,SIEMENS,Aera,L,FFS,1.2.840.10008.1.2.1,256,256,21,,0.9685478;0.24861874;0.010192042;-0.24868076;0.96575727;0.073964668,26.833373;-108.86669;9.8898656,0.625;0.625,0.60000002384186,,1,16,12,11,0,,
train_series\1.2.826.0.1.3680043.8.498.74504704425600751221038968098633701528\1.2.826.0.1.3680043.8.498.45504695259331877311698489087291074335.dcm,1.2.826.0.1.3680043.8.498.10009639203170750274174707434356622764,1.2.826.0.1.3680043.8.498.74504704425600751221038968098633701528,1.2.826.0.1.3680043.8.498.45504695259331877311698489087291074335,t1_vibe_we_tra_cartilage,12,MR,KNEE,,*fl3d1,MONOCHROME2,fd7379f0-da7,,,SIEMENS,Aera,L,FFS,1.2.840.10008.1.2.1,256,256,90,,0.9685478;0.24861874;0.010192042;-0.24868076;0.96575727;0.073964668,26.47957;-105.79594;-31.394578,0.625;0.625,0.60000002384186,,1,16,12,11,0,,
train_series\1.2.826.0.1.3680043.8.498.74504704425600751221038968098633701528\1.2.826.0.1.3680043.8.498.46624799501420479265521156864969734632.dcm,1.2.826.0.1.3680043.8.498.10009639203170750274174707434356622764,1.2.826.0.1.3680043.8.498.74504704425600751221038968098633701528,1.2.826.0.1.3680043.8.498.46624799501420479265521156864969734632,t1_vibe_we_tra_cartilage,12,MR,KNEE,,*fl3d1,MONOCHROME2,fd7379f0-da7,,,SIEMENS,Aera,L,FFS,1.2.840.10008.1.2.1,256,256,44,,0.9685478;0.24861874;0.010192042;-0.24868076;0.96575727;0.073964668,26.715439;-107.84311;-3.8716156,0.625;0.625,0.60000002384186,,1,16,12,11,0,,
train_series\1.2.826.0.1.3680043.8.498.74504704425600751221038968098633701528\1.2.826.0.1.3680043.8.498.46666887568597302581406219106283456989.dcm,1.2.826.0.1.3680043.8.498.10009639203170750274174707434356622764,1.2.826.0.1.3680043.8.498.74504704425600751221038968098633701528,1.2.826.0.1.3680043.8.498.46666887568597302581406219106283456989,t1_vibe_we_tra_cartilage,12,MR,KNEE,,*fl3d1,MONOCHROME2,fd7379f0-da7,,,SIEMENS,Aera,L,FFS,1.2.840.10008.1.2.1,256,256,71,,0.9685478;0.24861874;0.010192042;-0.24868076;0.96575727;0.073964668,26.576994;-106.64151;-20.026398,0.625;0.625,0.60000002384186,,1,16,12,11,0,,
train_series\1.2.826.0.1.3680043.8.498.74504704425600751221038968098633701528\1.2.826.0.1.3680043.8.498.47243358504362763341581359687657205201.dcm,1.2.826.0.1.3680043.8.498.10009639203170750274174707434356622764,1.2.826.0.1.3680043.8.498.74504704425600751221038968098633701528,1.2.826.0.1.3680043.8.498.47243358504362763341581359687657205201,t1_vibe_we_tra_cartilage,12,MR,KNEE,,*fl3d1,MONOCHROME2,fd7379f0-da7,,,SIEMENS,Aera,L,FFS,1.2.840.10008.1.2.1,256,256,106,,0.9685478;0.24861874;0.010192042;-0.24868076;0.96575727;0.073964668,26.397529;-105.08388;-40.967782,0.625;0.625,0.60000002384186,,1,16,12,11,0,,
train_series\1.2.826.0.1.3680043.8.498.74504704425600751221038968098633701528\1.2.826.0.1.3680043.8.498.50617683673655761221461652677063696181.dcm,1.2.826.0.1.3680043.8.498.10009639203170750274174707434356622764,1.2.826.0.1.3680043.8.498.74504704425600751221038968098633701528,1.2.826.0.1.3680043.8.498.50617683673655761221461652677063696181,t1_vibe_we_tra_cartilage,12,MR,KNEE,,*fl3d1,MONOCHROME2,fd7379f0-da7,,,SIEMENS,Aera,L,FFS,1.2.840.10008.1.2.1,256,256,50,,0.9685478;0.24861874;0.010192042;-0.24868076;0.96575727;0.073964668,26.684673;-107.57608;-7.4615672,0.625;0.625,0.60000002384186,,1,16,12,11,0,,
train_series\1.2.826.0.1.3680043.8.498.74504704425600751221038968098633701528\1.2.826.0.1.3680043.8.498.51325290733272420177470484211647398663.dcm,1.2.826.0.1.3680043.8.498.10009639203170750274174707434356622764,1.2.826.0.1.3680043.8.498.74504704425600751221038968098633701528,1.2.826.0.1.3680043.8.498.51325290733272420177470484211647398663,t1_vibe_we_tra_cartilage,12,MR,KNEE,,*fl3d1,MONOCHROME2,fd7379f0-da7,,,SIEMENS,Aera,L,FFS,1.2.840.10008.1.2.1,256,256,23,,0.9685478;0.24861874;0.010192042;-0.24868076;0.96575727;0.073964668,26.823118;-108.77769;8.693215,0.625;0.625,0.60000002384186,,1,16,12,11,0,,
train_series\1.2.826.0.1.3680043.8.498.74504704425600751221038968098633701528\1.2.826.0.1.3680043.8.498.51433236140038522101738051180909173741.dcm,1.2.826.0.1.3680043.8.498.10009639203170750274174707434356622764,1.2.826.0.1.3680043.8.498.74504704425600751221038968098633701528,1.2.826.0.1.3680043.8.498.51433236140038522101738051180909173741,t1_vibe_we_tra_cartilage,12,MR,KNEE,,*fl3d1,MONOCHROME2,fd7379f0-da7,,,SIEMENS,Aera,L,FFS,1.2.840.10008.1.2.1,256,256,160,,0.9685478;0.24861874;0.010192042;-0.24868076;0.96575727;0.073964668,26.12064;-102.68067;-73.277347,0.625;0.625,0.60000002384186,,1,16,12,11,0,,
train_series\1.2.826.0.1.3680043.8.498.74504704425600751221038968098633701528\1.2.826.0.1.3680043.8.498.52798122297111247181422820705974009805.dcm,1.2.826.0.1.3680043.8.498.10009639203170750274174707434356622764,1.2.826.0.1.3680043.8.498.74504704425600751221038968098633701528,1.2.826.0.1.3680043.8.498.52798122297111247181422820705974009805,t1_vibe_we_tra_cartilage,12,MR,KNEE,,*fl3d1,MONOCHROME2,fd7379f0-da7,,,SIEMENS,Aera,L,FFS,1.2.840.10008.1.2.1,256,256,19,,0.9685478;0.24861874;0.010192042;-0.24868076;0.96575727;0.073964668,26.843628;-108.9557;11.086516,0.625;0.625,0.60000002384186,,1,16,12,11,0,,
train_series\1.2.826.0.1.3680043.8.498.74504704425600751221038968098633701528\1.2.826.0.1.3680043.8.498.55130983913550828281790085966835501048.dcm,1.2.826.0.1.3680043.8.498.10009639203170750274174707434356622764,1.2.826.0.1.3680043.8.498.74504704425600751221038968098633701528,1.2.826.0.1.3680043.8.498.55130983913550828281790085966835501048,t1_vibe_we_tra_cartilage,12,MR,KNEE,,*fl3d1,MONOCHROME2,fd7379f0-da7,,,SIEMENS,Aera,L,FFS,1.2.840.10008.1.2.1,256,256,70,,0.9685478;0.24861874;0.010192042;-0.24868076;0.96575727;0.073964668,26.582122;-106.68601;-19.428073,0.625;0.625,0.60000002384186,,1,16,12,11,0,,
train_series\1.2.826.0.1.3680043.8.498.74504704425600751221038968098633701528\1.2.826.0.1.3680043.8.498.55612512528847231207915102872902509414.dcm,1.2.826.0.1.3680043.8.498.10009639203170750274174707434356622764,1.2.826.0.1.3680043.8.498.74504704425600751221038968098633701528,1.2.826.0.1.3680043.8.498.55612512528847231207915102872902509414,t1_vibe_we_tra_cartilage,12,MR,KNEE,,*fl3d1,MONOCHROME2,fd7379f0-da7,,,SIEMENS,Aera,L,FFS,1.2.840.10008.1.2.1,256,256,156,,0.9685478;0.24861874;0.010192042;-0.24868076;0.96575727;0.073964668,26.14115;-102.85869;-70.884046,0.625;0.625,0.60000002384186,,1,16,12,11,0,,
train_series\1.2.826.0.1.3680043.8.498.74504704425600751221038968098633701528\1.2.826.0.1.3680043.8.498.56056189983508025718885208095691158105.dcm,1.2.826.0.1.3680043.8.498.10009639203170750274174707434356622764,1.2.826.0.1.3680043.8.498.74504704425600751221038968098633701528,1.2.826.0.1.3680043.8.498.56056189983508025718885208095691158105,t1_vibe_we_tra_cartilage,12,MR,KNEE,,*fl3d1,MONOCHROME2,fd7379f0-da7,,,SIEMENS,Aera,L,FFS,1.2.840.10008.1.2.1,256,256,99,,0.9685478;0.24861874;0.010192042;-0.24868076;0.96575727;0.073964668,26.433422;-105.3954;-36.779505,0.625;0.625,0.60000002384186,,1,16,12,11,0,,
train_series\1.2.826.0.1.3680043.8.498.74504704425600751221038968098633701528\1.2.826.0.1.3680043.8.498.57263910830975095145048677144373696500.dcm,1.2.826.0.1.3680043.8.498.10009639203170750274174707434356622764,1.2.826.0.1.3680043.8.498.74504704425600751221038968098633701528,1.2.826.0.1.3680043.8.498.57263910830975095145048677144373696500,t1_vibe_we_tra_cartilage,12,MR,KNEE,,*fl3d1,MONOCHROME2,fd7379f0-da7,,,SIEMENS,Aera,L,FFS,1.2.840.10008.1.2.1,256,256,117,,0.9685478;0.24861874;0.010192042;-0.24868076;0.96575727;0.073964668,26.341126;-104.59433;-47.54936,0.625;0.625,0.60000002384186,,1,16,12,11,0,,
train_series\1.2.826.0.1.3680043.8.498.74504704425600751221038968098633701528\1.2.826.0.1.3680043.8.498.57403245314656769679561496445543418522.dcm,1.2.826.0.1.3680043.8.498.10009639203170750274174707434356622764,1.2.826.0.1.3680043.8.498.74504704425600751221038968098633701528,1.2.826.0.1.3680043.8.498.57403245314656769679561496445543418522,t1_vibe_we_tra_cartilage,12,MR,KNEE,,*fl3d1,MONOCHROME2,fd7379f0-da7,,,SIEMENS,Aera,L,FFS,1.2.840.10008.1.2.1,256,256,26,,0.9685478;0.24861874;0.010192042;-0.24868076;0.96575727;0.073964668,26.807735;-108.64417;6.8982392,0.625;0.625,0.60000002384186,,1,16,12,11,0,,
train_series\1.2.826.0.1.3680043.8.498.74504704425600751221038968098633701528\1.2.826.0.1.3680043.8.498.57656591471972125312369427676754962278.dcm,1.2.826.0.1.3680043.8.498.10009639203170750274174707434356622764,1.2.826.0.1.3680043.8.498.74504704425600751221038968098633701528,1.2.826.0.1.3680043.8.498.57656591471972125312369427676754962278,t1_vibe_we_tra_cartilage,12,MR,KNEE,,*fl3d1,MONOCHROME2,fd7379f0-da7,,,SIEMENS,Aera,L,FFS,1.2.840.10008.1.2.1,256,256,16,,0.9685478;0.24861874;0.010192042;-0.24868076;0.96575727;0.073964668,26.859011;-109.08921;12.881492,0.625;0.625,0.60000002384186,,1,16,12,11,0,,
train_series\1.2.826.0.1.3680043.8.498.74504704425600751221038968098633701528\1.2.826.0.1.3680043.8.498.58162044976228616820142074602781938497.dcm,1.2.826.0.1.3680043.8.498.10009639203170750274174707434356622764,1.2.826.0.1.3680043.8.498.74504704425600751221038968098633701528,1.2.826.0.1.3680043.8.498.58162044976228616820142074602781938497,t1_vibe_we_tra_cartilage,12,MR,KNEE,,*fl3d1,MONOCHROME2,fd7379f0-da7,,,SIEMENS,Aera,L,FFS,1.2.840.10008.1.2.1,256,256,110,,0.9685478;0.24861874;0.010192042;-0.24868076;0.96575727;0.073964668,26.377019;-104.90586;-43.361083,0.625;0.625,0.60000002384186,,1,16,12,11,0,,
train_series\1.2.826.0.1.3680043.8.498.74504704425600751221038968098633701528\1.2.826.0.1.3680043.8.498.59977541867295982143527719996188467678.dcm,1.2.826.0.1.3680043.8.498.10009639203170750274174707434356622764,1.2.826.0.1.3680043.8.498.74504704425600751221038968098633701528,1.2.826.0.1.3680043.8.498.59977541867295982143527719996188467678,t1_vibe_we_tra_cartilage,12,MR,KNEE,,*fl3d1,MONOCHROME2,fd7379f0-da7,,,SIEMENS,Aera,L,FFS,1.2.840.10008.1.2.1,256,256,147,,0.9685478;0.24861874;0.010192042;-0.24868076;0.96575727;0.073964668,26.187298;-103.25922;-65.499118,0.625;0.625,0.60000002384186,,1,16,12,11,0,,
train_series\1.2.826.0.1.3680043.8.498.74504704425600751221038968098633701528\1.2.826.0.1.3680043.8.498.60939304328015698164482641903930275829.dcm,1.2.826.0.1.3680043.8.498.10009639203170750274174707434356622764,1.2.826.0.1.3680043.8.498.74504704425600751221038968098633701528,1.2.826.0.1.3680043.8.498.60939304328015698164482641903930275829,t1_vibe_we_tra_cartilage,12,MR,KNEE,,*fl3d1,MONOCHROME2,fd7379f0-da7,,,SIEMENS,Aera,L,FFS,1.2.840.10008.1.2.1,256,256,137,,0.9685478;0.24861874;0.010192042;-0.24868076;0.96575727;0.073964668,26.238574;-103.70426;-59.515865,0.625;0.625,0.60000002384186,,1,16,12,11,0,,
train_series\1.2.826.0.1.3680043.8.498.74504704425600751221038968098633701528\1.2.826.0.1.3680043.8.498.61013267885102502256503304446274193485.dcm,1.2.826.0.1.3680043.8.498.10009639203170750274174707434356622764,1.2.826.0.1.3680043.8.498.74504704425600751221038968098633701528,1.2.826.0.1.3680043.8.498.61013267885102502256503304446274193485,t1_vibe_we_tra_cartilage,12,MR,KNEE,,*fl3d1,MONOCHROME2,fd7379f0-da7,,,SIEMENS,Aera,L,FFS,1.2.840.10008.1.2.1,256,256,36,,0.9685478;0.24861874;0.010192042;-0.24868076;0.96575727;0.073964668,26.756459;-108.19914;0.91498656,0.625;0.625,0.60000002384186,,1,16,12,11,0,,
train_series\1.2.826.0.1.3680043.8.498.74504704425600751221038968098633701528\1.2.826.0.1.3680043.8.498.62365932789734584697717918661234583827.dcm,1.2.826.0.1.3680043.8.498.10009639203170750274174707434356622764,1.2.826.0.1.3680043.8.498.74504704425600751221038968098633701528,1.2.826.0.1.3680043.8.498.62365932789734584697717918661234583827,t1_vibe_we_tra_cartilage,12,MR,KNEE,,*fl3d1,MONOCHROME2,fd7379f0-da7,,,SIEMENS,Aera,L,FFS,1.2.840.10008.1.2.1,256,256,93,,0.9685478;0.24861874;0.010192042;-0.24868076;0.96575727;0.073964668,26.464188;-105.66242;-33.189554,0.625;0.625,0.60000002384186,,1,16,12,11,0,,
train_series\1.2.826.0.1.3680043.8.498.74504704425600751221038968098633701528\1.2.826.0.1.3680043.8.498.62847707747468665890938915682154174532.dcm,1.2.826.0.1.3680043.8.498.10009639203170750274174707434356622764,1.2.826.0.1.3680043.8.498.74504704425600751221038968098633701528,1.2.826.0.1.3680043.8.498.62847707747468665890938915682154174532,t1_vibe_we_tra_cartilage,12,MR,KNEE,,*fl3d1,MONOCHROME2,fd7379f0-da7,,,SIEMENS,Aera,L,FFS,1.2.840.10008.1.2.1,256,256,109,,0.9685478;0.24861874;0.010192042;-0.24868076;0.96575727;0.073964668,26.382146;-104.95036;-42.762758,0.625;0.625,0.60000002384186,,1,16,12,11,0,,
train_series\1.2.826.0.1.3680043.8.498.74504704425600751221038968098633701528\1.2.826.0.1.3680043.8.498.63358606673792028974748067139662584591.dcm,1.2.826.0.1.3680043.8.498.10009639203170750274174707434356622764,1.2.826.0.1.3680043.8.498.74504704425600751221038968098633701528,1.2.826.0.1.3680043.8.498.63358606673792028974748067139662584591,t1_vibe_we_tra_cartilage,12,MR,KNEE,,*fl3d1,MONOCHROME2,fd7379f0-da7,,,SIEMENS,Aera,L,FFS,1.2.840.10008.1.2.1,256,256,52,,0.9685478;0.24861874;0.010192042;-0.24868076;0.96575727;0.073964668,26.674418;-107.48708;-8.6582177,0.625;0.625,0.60000002384186,,1,16,12,11,0,,
train_series\1.2.826.0.1.3680043.8.498.74504704425600751221038968098633701528\1.2.826.0.1.3680043.8.498.63718041924149259284173750983927277412.dcm,1.2.826.0.1.3680043.8.498.10009639203170750274174707434356622764,1.2.826.0.1.3680043.8.498.74504704425600751221038968098633701528,1.2.826.0.1.3680043.8.498.63718041924149259284173750983927277412,t1_vibe_we_tra_cartilage,12,MR,KNEE,,*fl3d1,MONOCHROME2,fd7379f0-da7,,,SIEMENS,Aera,L,FFS,1.2.840.10008.1.2.1,256,256,126,,0.9685478;0.24861874;0.010192042;-0.24868076;0.96575727;0.073964668,26.294977;-104.1938;-52.934288,0.625;0.625,0.60000002384186,,1,16,12,11,0,,
train_series\1.2.826.0.1.3680043.8.498.74504704425600751221038968098633701528\1.2.826.0.1.3680043.8.498.64301812786603944231782005400868807855.dcm,1.2.826.0.1.3680043.8.498.10009639203170750274174707434356622764,1.2.826.0.1.3680043.8.498.74504704425600751221038968098633701528,1.2.826.0.1.3680043.8.498.64301812786603944231782005400868807855,t1_vibe_we_tra_cartilage,12,MR,KNEE,,*fl3d1,MONOCHROME2,fd7379f0-da7,,,SIEMENS,Aera,L,FFS,1.2.840.10008.1.2.1,256,256,2,,0.9685478;0.24861874;0.010192042;-0.24868076;0.96575727;0.073964668,26.930797;-109.71226;21.258046,0.625;0.625,0.60000002384186,,1,16,12,11,0,,
train_series\1.2.826.0.1.3680043.8.498.74504704425600751221038968098633701528\1.2.826.0.1.3680043.8.498.65978397832168517587513022000150667938.dcm,1.2.826.0.1.3680043.8.498.10009639203170750274174707434356622764,1.2.826.0.1.3680043.8.498.74504704425600751221038968098633701528,1.2.826.0.1.3680043.8.498.65978397832168517587513022000150667938,t1_vibe_we_tra_cartilage,12,MR,KNEE,,*fl3d1,MONOCHROME2,fd7379f0-da7,,,SIEMENS,Aera,L,FFS,1.2.840.10008.1.2.1,256,256,98,,0.9685478;0.24861874;0.010192042;-0.24868076;0.96575727;0.073964668,26.43855;-105.43991;-36.18118,0.625;0.625,0.60000002384186,,1,16,12,11,0,,
train_series\1.2.826.0.1.3680043.8.498.74504704425600751221038968098633701528\1.2.826.0.1.3680043.8.498.66365776507797737188064349845758764950.dcm,1.2.826.0.1.3680043.8.498.10009639203170750274174707434356622764,1.2.826.0.1.3680043.8.498.74504704425600751221038968098633701528,1.2.826.0.1.3680043.8.498.66365776507797737188064349845758764950,t1_vibe_we_tra_cartilage,12,MR,KNEE,,*fl3d1,MONOCHROME2,fd7379f0-da7,,,SIEMENS,Aera,L,FFS,1.2.840.10008.1.2.1,256,256,154,,0.9685478;0.24861874;0.010192042;-0.24868076;0.96575727;0.073964668,26.151405;-102.9477;-69.687395,0.625;0.625,0.60000002384186,,1,16,12,11,0,,
train_series\1.2.826.0.1.3680043.8.498.74504704425600751221038968098633701528\1.2.826.0.1.3680043.8.498.66868244428556127099143918276013768625.dcm,1.2.826.0.1.3680043.8.498.10009639203170750274174707434356622764,1.2.826.0.1.3680043.8.498.74504704425600751221038968098633701528,1.2.826.0.1.3680043.8.498.66868244428556127099143918276013768625,t1_vibe_we_tra_cartilage,12,MR,KNEE,,*fl3d1,MONOCHROME2,fd7379f0-da7,,,SIEMENS,Aera,L,FFS,1.2.840.10008.1.2.1,256,256,39,,0.9685478;0.24861874;0.010192042;-0.24868076;0.96575727;0.073964668,26.741077;-108.06563;-0.87998924,0.625;0.625,0.60000002384186,,1,16,12,11,0,,
train_series\1.2.826.0.1.3680043.8.498.74504704425600751221038968098633701528\1.2.826.0.1.3680043.8.498.67391425663580510467622707781186759493.dcm,1.2.826.0.1.3680043.8.498.10009639203170750274174707434356622764,1.2.826.0.1.3680043.8.498.74504704425600751221038968098633701528,1.2.826.0.1.3680043.8.498.67391425663580510467622707781186759493,t1_vibe_we_tra_cartilage,12,MR,KNEE,,*fl3d1,MONOCHROME2,fd7379f0-da7,,,SIEMENS,Aera,L,FFS,1.2.840.10008.1.2.1,256,256,96,,0.9685478;0.24861874;0.010192042;-0.24868076;0.96575727;0.073964668,26.448805;-105.52891;-34.98453,0.625;0.625,0.60000002384186,,1,16,12,11,0,,
train_series\1.2.826.0.1.3680043.8.498.74504704425600751221038968098633701528\1.2.826.0.1.3680043.8.498.71037451961461081921520507850400993319.dcm,1.2.826.0.1.3680043.8.498.10009639203170750274174707434356622764,1.2.826.0.1.3680043.8.498.74504704425600751221038968098633701528,1.2.826.0.1.3680043.8.498.71037451961461081921520507850400993319,t1_vibe_we_tra_cartilage,12,MR,KNEE,,*fl3d1,MONOCHROME2,fd7379f0-da7,,,SIEMENS,Aera,L,FFS,1.2.840.10008.1.2.1,256,256,130,,0.9685478;0.24861874;0.010192042;-0.24868076;0.96575727;0.073964668,26.274467;-104.01579;-55.327589,0.625;0.625,0.60000002384186,,1,16,12,11,0,,
train_series\1.2.826.0.1.3680043.8.498.74504704425600751221038968098633701528\1.2.826.0.1.3680043.8.498.71611972406278613628512027528599342393.dcm,1.2.826.0.1.3680043.8.498.10009639203170750274174707434356622764,1.2.826.0.1.3680043.8.498.74504704425600751221038968098633701528,1.2.826.0.1.3680043.8.498.71611972406278613628512027528599342393,t1_vibe_we_tra_cartilage,12,MR,KNEE,,*fl3d1,MONOCHROME2,fd7379f0-da7,,,SIEMENS,Aera,L,FFS,1.2.840.10008.1.2.1,256,256,60,,0.9685478;0.24861874;0.010192042;-0.24868076;0.96575727;0.073964668,26.633398;-107.13105;-13.44482,0.625;0.625,0.60000002384186,,1,16,12,11,0,,
train_series\1.2.826.0.1.3680043.8.498.74504704425600751221038968098633701528\1.2.826.0.1.3680043.8.498.71831342052766034699243487776740473447.dcm,1.2.826.0.1.3680043.8.498.10009639203170750274174707434356622764,1.2.826.0.1.3680043.8.498.74504704425600751221038968098633701528,1.2.826.0.1.3680043.8.498.71831342052766034699243487776740473447,t1_vibe_we_tra_cartilage,12,MR,KNEE,,*fl3d1,MONOCHROME2,fd7379f0-da7,,,SIEMENS,Aera,L,FFS,1.2.840.10008.1.2.1,256,256,56,,0.9685478;0.24861874;0.010192042;-0.24868076;0.96575727;0.073964668,26.653908;-107.30906;-11.051519,0.625;0.625,0.60000002384186,,1,16,12,11,0,,
train_series\1.2.826.0.1.3680043.8.498.74504704425600751221038968098633701528\1.2.826.0.1.3680043.8.498.72169732146916909206296782397055316797.dcm,1.2.826.0.1.3680043.8.498.10009639203170750274174707434356622764,1.2.826.0.1.3680043.8.498.74504704425600751221038968098633701528,1.2.826.0.1.3680043.8.498.72169732146916909206296782397055316797,t1_vibe_we_tra_cartilage,12,MR,KNEE,,*fl3d1,MONOCHROME2,fd7379f0-da7,,,SIEMENS,Aera,L,FFS,1.2.840.10008.1.2.1,256,256,54,,0.9685478;0.24861874;0.010192042;-0.24868076;0.96575727;0.073964668,26.664163;-107.39807;-9.8548683,0.625;0.625,0.60000002384186,,1,16,12,11,0,,
train_series\1.2.826.0.1.3680043.8.498.74504704425600751221038968098633701528\1.2.826.0.1.3680043.8.498.72264395403093656454821138870363755267.dcm,1.2.826.0.1.3680043.8.498.10009639203170750274174707434356622764,1.2.826.0.1.3680043.8.498.74504704425600751221038968098633701528,1.2.826.0.1.3680043.8.498.72264395403093656454821138870363755267,t1_vibe_we_tra_cartilage,12,MR,KNEE,,*fl3d1,MONOCHROME2,fd7379f0-da7,,,SIEMENS,Aera,L,FFS,1.2.840.10008.1.2.1,256,256,49,,0.9685478;0.24861874;0.010192042;-0.24868076;0.96575727;0.073964668,26.689801;-107.62059;-6.8632419,0.625;0.625,0.60000002384186,,1,16,12,11,0,,
train_series\1.2.826.0.1.3680043.8.498.74504704425600751221038968098633701528\1.2.826.0.1.3680043.8.498.72618457158160941479150208403526709546.dcm,1.2.826.0.1.3680043.8.498.10009639203170750274174707434356622764,1.2.826.0.1.3680043.8.498.74504704425600751221038968098633701528,1.2.826.0.1.3680043.8.498.72618457158160941479150208403526709546,t1_vibe_we_tra_cartilage,12,MR,KNEE,,*fl3d1,MONOCHROME2,fd7379f0-da7,,,SIEMENS,Aera,L,FFS,1.2.840.10008.1.2.1,256,256,138,,0.9685478;0.24861874;0.010192042;-0.24868076;0.96575727;0.073964668,26.233447;-103.65976;-60.114191,0.625;0.625,0.60000002384186,,1,16,12,11,0,,
train_series\1.2.826.0.1.3680043.8.498.74504704425600751221038968098633701528\1.2.826.0.1.3680043.8.498.72915830613866983242596902472101537083.dcm,1.2.826.0.1.3680043.8.498.10009639203170750274174707434356622764,1.2.826.0.1.3680043.8.498.74504704425600751221038968098633701528,1.2.826.0.1.3680043.8.498.72915830613866983242596902472101537083,t1_vibe_we_tra_cartilage,12,MR,KNEE,,*fl3d1,MONOCHROME2,fd7379f0-da7,,,SIEMENS,Aera,L,FFS,1.2.840.10008.1.2.1,256,256,86,,0.9685478;0.24861874;0.010192042;-0.24868076;0.96575727;0.073964668,26.500081;-105.97395;-29.001277,0.625;0.625,0.60000002384186,,1,16,12,11,0,,
train_series\1.2.826.0.1.3680043.8.498.74504704425600751221038968098633701528\1.2.826.0.1.3680043.8.498.73452606134104380755401357345479800681.dcm,1.2.826.0.1.3680043.8.498.10009639203170750274174707434356622764,1.2.826.0.1.3680043.8.498.74504704425600751221038968098633701528,1.2.826.0.1.3680043.8.498.73452606134104380755401357345479800681,t1_vibe_we_tra_cartilage,12,MR,KNEE,,*fl3d1,MONOCHROME2,fd7379f0-da7,,,SIEMENS,Aera,L,FFS,1.2.840.10008.1.2.1,256,256,45,,0.9685478;0.24861874;0.010192042;-0.24868076;0.96575727;0.073964668,26.710311;-107.7986;-4.4699409,0.625;0.625,0.60000002384186,,1,16,12,11,0,,
train_series\1.2.826.0.1.3680043.8.498.74504704425600751221038968098633701528\1.2.826.0.1.3680043.8.498.74099188166139809674036384322827116924.dcm,1.2.826.0.1.3680043.8.498.10009639203170750274174707434356622764,1.2.826.0.1.3680043.8.498.74504704425600751221038968098633701528,1.2.826.0.1.3680043.8.498.74099188166139809674036384322827116924,t1_vibe_we_tra_cartilage,12,MR,KNEE,,*fl3d1,MONOCHROME2,fd7379f0-da7,,,SIEMENS,Aera,L,FFS,1.2.840.10008.1.2.1,256,256,77,,0.9685478;0.24861874;0.010192042;-0.24868076;0.96575727;0.073964668,26.546229;-106.37448;-23.616349,0.625;0.625,0.60000002384186,,1,16,12,11,0,,
train_series\1.2.826.0.1.3680043.8.498.74504704425600751221038968098633701528\1.2.826.0.1.3680043.8.498.74831914019988668221289634806941594862.dcm,1.2.826.0.1.3680043.8.498.10009639203170750274174707434356622764,1.2.826.0.1.3680043.8.498.74504704425600751221038968098633701528,1.2.826.0.1.3680043.8.498.74831914019988668221289634806941594862,t1_vibe_we_tra_cartilage,12,MR,KNEE,,*fl3d1,MONOCHROME2,fd7379f0-da7,,,SIEMENS,Aera,L,FFS,1.2.840.10008.1.2.1,256,256,61,,0.9685478;0.24861874;0.010192042;-0.24868076;0.96575727;0.073964668,26.62827;-107.08654;-14.043145,0.625;0.625,0.60000002384186,,1,16,12,11,0,,
train_series\1.2.826.0.1.3680043.8.498.74504704425600751221038968098633701528\1.2.826.0.1.3680043.8.498.74902293810884491008339386089555434136.dcm,1.2.826.0.1.3680043.8.498.10009639203170750274174707434356622764,1.2.826.0.1.3680043.8.498.74504704425600751221038968098633701528,1.2.826.0.1.3680043.8.498.74902293810884491008339386089555434136,t1_vibe_we_tra_cartilage,12,MR,KNEE,,*fl3d1,MONOCHROME2,fd7379f0-da7,,,SIEMENS,Aera,L,FFS,1.2.840.10008.1.2.1,256,256,41,,0.9685478;0.24861874;0.010192042;-0.24868076;0.96575727;0.073964668,26.730822;-107.97662;-2.0766398,0.625;0.625,0.60000002384186,,1,16,12,11,0,,
train_series\1.2.826.0.1.3680043.8.498.74504704425600751221038968098633701528\1.2.826.0.1.3680043.8.498.76779227583341988690946298403395775362.dcm,1.2.826.0.1.3680043.8.498.10009639203170750274174707434356622764,1.2.826.0.1.3680043.8.498.74504704425600751221038968098633701528,1.2.826.0.1.3680043.8.498.76779227583341988690946298403395775362,t1_vibe_we_tra_cartilage,12,MR,KNEE,,*fl3d1,MONOCHROME2,fd7379f0-da7,,,SIEMENS,Aera,L,FFS,1.2.840.10008.1.2.1,256,256,9,,0.9685478;0.24861874;0.010192042;-0.24868076;0.96575727;0.073964668,26.894904;-109.40074;17.069769,0.625;0.625,0.60000002384186,,1,16,12,11,0,,
train_series\1.2.826.0.1.3680043.8.498.74504704425600751221038968098633701528\1.2.826.0.1.3680043.8.498.78434381934958522301238713013410755124.dcm,1.2.826.0.1.3680043.8.498.10009639203170750274174707434356622764,1.2.826.0.1.3680043.8.498.74504704425600751221038968098633701528,1.2.826.0.1.3680043.8.498.78434381934958522301238713013410755124,t1_vibe_we_tra_cartilage,12,MR,KNEE,,*fl3d1,MONOCHROME2,fd7379f0-da7,,,SIEMENS,Aera,L,FFS,1.2.840.10008.1.2.1,256,256,94,,0.9685478;0.24861874;0.010192042;-0.24868076;0.96575727;0.073964668,26.45906;-105.61792;-33.787879,0.625;0.625,0.60000002384186,,1,16,12,11,0,,
train_series\1.2.826.0.1.3680043.8.498.74504704425600751221038968098633701528\1.2.826.0.1.3680043.8.498.78463768392382456813451860911987521045.dcm,1.2.826.0.1.3680043.8.498.10009639203170750274174707434356622764,1.2.826.0.1.3680043.8.498.74504704425600751221038968098633701528,1.2.826.0.1.3680043.8.498.78463768392382456813451860911987521045,t1_vibe_we_tra_cartilage,12,MR,KNEE,,*fl3d1,MONOCHROME2,fd7379f0-da7,,,SIEMENS,Aera,L,FFS,1.2.840.10008.1.2.1,256,256,88,,0.9685478;0.24861874;0.010192042;-0.24868076;0.96575727;0.073964668,26.489825;-105.88494;-30.197927,0.625;0.625,0.60000002384186,,1,16,12,11,0,,
train_series\1.2.826.0.1.3680043.8.498.74504704425600751221038968098633701528\1.2.826.0.1.3680043.8.498.78854244445222759991376579491601128693.dcm,1.2.826.0.1.3680043.8.498.10009639203170750274174707434356622764,1.2.826.0.1.3680043.8.498.74504704425600751221038968098633701528,1.2.826.0.1.3680043.8.498.78854244445222759991376579491601128693,t1_vibe_we_tra_cartilage,12,MR,KNEE,,*fl3d1,MONOCHROME2,fd7379f0-da7,,,SIEMENS,Aera,L,FFS,1.2.840.10008.1.2.1,256,256,55,,0.9685478;0.24861874;0.010192042;-0.24868076;0.96575727;0.073964668,26.659036;-107.35357;-10.453194,0.625;0.625,0.60000002384186,,1,16,12,11,0,,
train_series\1.2.826.0.1.3680043.8.498.74504704425600751221038968098633701528\1.2.826.0.1.3680043.8.498.78958670674818518473900251546394546266.dcm,1.2.826.0.1.3680043.8.498.10009639203170750274174707434356622764,1.2.826.0.1.3680043.8.498.74504704425600751221038968098633701528,1.2.826.0.1.3680043.8.498.78958670674818518473900251546394546266,t1_vibe_we_tra_cartilage,12,MR,KNEE,,*fl3d1,MONOCHROME2,fd7379f0-da7,,,SIEMENS,Aera,L,FFS,1.2.840.10008.1.2.1,256,256,118,,0.9685478;0.24861874;0.010192042;-0.24868076;0.96575727;0.073964668,26.335998;-104.54983;-48.147685,0.625;0.625,0.60000002384186,,1,16,12,11,0,,
train_series\1.2.826.0.1.3680043.8.498.74504704425600751221038968098633701528\1.2.826.0.1.3680043.8.498.80822546035679239298785668087574931028.dcm,1.2.826.0.1.3680043.8.498.10009639203170750274174707434356622764,1.2.826.0.1.3680043.8.498.74504704425600751221038968098633701528,1.2.826.0.1.3680043.8.498.80822546035679239298785668087574931028,t1_vibe_we_tra_cartilage,12,MR,KNEE,,*fl3d1,MONOCHROME2,fd7379f0-da7,,,SIEMENS,Aera,L,FFS,1.2.840.10008.1.2.1,256,256,92,,0.9685478;0.24861874;0.010192042;-0.24868076;0.96575727;0.073964668,26.469315;-105.70693;-32.591228,0.625;0.625,0.60000002384186,,1,16,12,11,0,,
train_series\1.2.826.0.1.3680043.8.498.74504704425600751221038968098633701528\1.2.826.0.1.3680043.8.498.81219607558109860735082919455186009047.dcm,1.2.826.0.1.3680043.8.498.10009639203170750274174707434356622764,1.2.826.0.1.3680043.8.498.74504704425600751221038968098633701528,1.2.826.0.1.3680043.8.498.81219607558109860735082919455186009047,t1_vibe_we_tra_cartilage,12,MR,KNEE,,*fl3d1,MONOCHROME2,fd7379f0-da7,,,SIEMENS,Aera,L,FFS,1.2.840.10008.1.2.1,256,256,79,,0.9685478;0.24861874;0.010192042;-0.24868076;0.96575727;0.073964668,26.535974;-106.28548;-24.813,0.625;0.625,0.60000002384186,,1,16,12,11,0,,
train_series\1.2.826.0.1.3680043.8.498.74504704425600751221038968098633701528\1.2.826.0.1.3680043.8.498.81769601645418872805256007455519323881.dcm,1.2.826.0.1.3680043.8.498.10009639203170750274174707434356622764,1.2.826.0.1.3680043.8.498.74504704425600751221038968098633701528,1.2.826.0.1.3680043.8.498.81769601645418872805256007455519323881,t1_vibe_we_tra_cartilage,12,MR,KNEE,,*fl3d1,MONOCHROME2,fd7379f0-da7,,,SIEMENS,Aera,L,FFS,1.2.840.10008.1.2.1,256,256,127,,0.9685478;0.24861874;0.010192042;-0.24868076;0.96575727;0.073964668,26.28985;-104.1493;-53.532613,0.625;0.625,0.60000002384186,,1,16,12,11,0,,
train_series\1.2.826.0.1.3680043.8.498.74504704425600751221038968098633701528\1.2.826.0.1.3680043.8.498.81966290007031923283409291938354122745.dcm,1.2.826.0.1.3680043.8.498.10009639203170750274174707434356622764,1.2.826.0.1.3680043.8.498.74504704425600751221038968098633701528,1.2.826.0.1.3680043.8.498.81966290007031923283409291938354122745,t1_vibe_we_tra_cartilage,12,MR,KNEE,,*fl3d1,MONOCHROME2,fd7379f0-da7,,,SIEMENS,Aera,L,FFS,1.2.840.10008.1.2.1,256,256,42,,0.9685478;0.24861874;0.010192042;-0.24868076;0.96575727;0.073964668,26.725694;-107.93211;-2.674965,0.625;0.625,0.60000002384186,,1,16,12,11,0,,
train_series\1.2.826.0.1.3680043.8.498.74504704425600751221038968098633701528\1.2.826.0.1.3680043.8.498.82082791064322169491327877759171525281.dcm,1.2.826.0.1.3680043.8.498.10009639203170750274174707434356622764,1.2.826.0.1.3680043.8.498.74504704425600751221038968098633701528,1.2.826.0.1.3680043.8.498.82082791064322169491327877759171525281,t1_vibe_we_tra_cartilage,12,MR,KNEE,,*fl3d1,MONOCHROME2,fd7379f0-da7,,,SIEMENS,Aera,L,FFS,1.2.840.10008.1.2.1,256,256,103,,0.9685478;0.24861874;0.010192042;-0.24868076;0.96575727;0.073964668,26.412912;-105.21739;-39.172806,0.625;0.625,0.60000002384186,,1,16,12,11,0,,
train_series\1.2.826.0.1.3680043.8.498.74504704425600751221038968098633701528\1.2.826.0.1.3680043.8.498.82132895811762009890328663034449431075.dcm,1.2.826.0.1.3680043.8.498.10009639203170750274174707434356622764,1.2.826.0.1.3680043.8.498.74504704425600751221038968098633701528,1.2.826.0.1.3680043.8.498.82132895811762009890328663034449431075,t1_vibe_we_tra_cartilage,12,MR,KNEE,,*fl3d1,MONOCHROME2,fd7379f0-da7,,,SIEMENS,Aera,L,FFS,1.2.840.10008.1.2.1,256,256,51,,0.9685478;0.24861874;0.010192042;-0.24868076;0.96575727;0.073964668,26.679546;-107.53158;-8.0598925,0.625;0.625,0.60000002384186,,1,16,12,11,0,,
train_series\1.2.826.0.1.3680043.8.498.74504704425600751221038968098633701528\1.2.826.0.1.3680043.8.498.82513837750009795883875558240185819235.dcm,1.2.826.0.1.3680043.8.498.10009639203170750274174707434356622764,1.2.826.0.1.3680043.8.498.74504704425600751221038968098633701528,1.2.826.0.1.3680043.8.498.82513837750009795883875558240185819235,t1_vibe_we_tra_cartilage,12,MR,KNEE,,*fl3d1,MONOCHROME2,fd7379f0-da7,,,SIEMENS,Aera,L,FFS,1.2.840.10008.1.2.1,256,256,65,,0.9685478;0.24861874;0.010192042;-0.24868076;0.96575727;0.073964668,26.60776;-106.90853;-16.436446,0.625;0.625,0.60000002384186,,1,16,12,11,0,,
train_series\1.2.826.0.1.3680043.8.498.74504704425600751221038968098633701528\1.2.826.0.1.3680043.8.498.83619117643766858203845237720752099290.dcm,1.2.826.0.1.3680043.8.498.10009639203170750274174707434356622764,1.2.826.0.1.3680043.8.498.74504704425600751221038968098633701528,1.2.826.0.1.3680043.8.498.83619117643766858203845237720752099290,t1_vibe_we_tra_cartilage,12,MR,KNEE,,*fl3d1,MONOCHROME2,fd7379f0-da7,,,SIEMENS,Aera,L,FFS,1.2.840.10008.1.2.1,256,256,18,,0.9685478;0.24861874;0.010192042;-0.24868076;0.96575727;0.073964668,26.848756;-109.0002;11.684841,0.625;0.625,0.60000002384186,,1,16,12,11,0,,
train_series\1.2.826.0.1.3680043.8.498.74504704425600751221038968098633701528\1.2.826.0.1.3680043.8.498.86124824667623439034326997624260032270.dcm,1.2.826.0.1.3680043.8.498.10009639203170750274174707434356622764,1.2.826.0.1.3680043.8.498.74504704425600751221038968098633701528,1.2.826.0.1.3680043.8.498.86124824667623439034326997624260032270,t1_vibe_we_tra_cartilage,12,MR,KNEE,,*fl3d1,MONOCHROME2,fd7379f0-da7,,,SIEMENS,Aera,L,FFS,1.2.840.10008.1.2.1,256,256,78,,0.9685478;0.24861874;0.010192042;-0.24868076;0.96575727;0.073964668,26.541101;-106.32998;-24.214675,0.625;0.625,0.60000002384186,,1,16,12,11,0,,
train_series\1.2.826.0.1.3680043.8.498.74504704425600751221038968098633701528\1.2.826.0.1.3680043.8.498.86260553635613631236590498173917170110.dcm,1.2.826.0.1.3680043.8.498.10009639203170750274174707434356622764,1.2.826.0.1.3680043.8.498.74504704425600751221038968098633701528,1.2.826.0.1.3680043.8.498.86260553635613631236590498173917170110,t1_vibe_we_tra_cartilage,12,MR,KNEE,,*fl3d1,MONOCHROME2,fd7379f0-da7,,,SIEMENS,Aera,L,FFS,1.2.840.10008.1.2.1,256,256,124,,0.9685478;0.24861874;0.010192042;-0.24868076;0.96575727;0.073964668,26.305233;-104.28281;-51.737637,0.625;0.625,0.60000002384186,,1,16,12,11,0,,
train_series\1.2.826.0.1.3680043.8.498.74504704425600751221038968098633701528\1.2.826.0.1.3680043.8.498.86511171146272125303764418731761769181.dcm,1.2.826.0.1.3680043.8.498.10009639203170750274174707434356622764,1.2.826.0.1.3680043.8.498.74504704425600751221038968098633701528,1.2.826.0.1.3680043.8.498.86511171146272125303764418731761769181,t1_vibe_we_tra_cartilage,12,MR,KNEE,,*fl3d1,MONOCHROME2,fd7379f0-da7,,,SIEMENS,Aera,L,FFS,1.2.840.10008.1.2.1,256,256,129,,0.9685478;0.24861874;0.010192042;-0.24868076;0.96575727;0.073964668,26.279595;-104.06029;-54.729263,0.625;0.625,0.60000002384186,,1,16,12,11,0,,
train_series\1.2.826.0.1.3680043.8.498.74504704425600751221038968098633701528\1.2.826.0.1.3680043.8.498.86599647381528583860201514506843140057.dcm,1.2.826.0.1.3680043.8.498.10009639203170750274174707434356622764,1.2.826.0.1.3680043.8.498.74504704425600751221038968098633701528,1.2.826.0.1.3680043.8.498.86599647381528583860201514506843140057,t1_vibe_we_tra_cartilage,12,MR,KNEE,,*fl3d1,MONOCHROME2,fd7379f0-da7,,,SIEMENS,Aera,L,FFS,1.2.840.10008.1.2.1,256,256,4,,0.9685478;0.24861874;0.010192042;-0.24868076;0.96575727;0.073964668,26.920542;-109.62326;20.061395,0.625;0.625,0.60000002384186,,1,16,12,11,0,,
train_series\1.2.826.0.1.3680043.8.498.74504704425600751221038968098633701528\1.2.826.0.1.3680043.8.498.86619623791508013020428113129078312679.dcm,1.2.826.0.1.3680043.8.498.10009639203170750274174707434356622764,1.2.826.0.1.3680043.8.498.74504704425600751221038968098633701528,1.2.826.0.1.3680043.8.498.86619623791508013020428113129078312679,t1_vibe_we_tra_cartilage,12,MR,KNEE,,*fl3d1,MONOCHROME2,fd7379f0-da7,,,SIEMENS,Aera,L,FFS,1.2.840.10008.1.2.1,256,256,29,,0.9685478;0.24861874;0.010192042;-0.24868076;0.96575727;0.073964668,26.792353;-108.51066;5.1032634,0.625;0.625,0.60000002384186,,1,16,12,11,0,,
train_series\1.2.826.0.1.3680043.8.498.74504704425600751221038968098633701528\1.2.826.0.1.3680043.8.498.86877431345872465082392417923645706935.dcm,1.2.826.0.1.3680043.8.498.10009639203170750274174707434356622764,1.2.826.0.1.3680043.8.498.74504704425600751221038968098633701528,1.2.826.0.1.3680043.8.498.86877431345872465082392417923645706935,t1_vibe_we_tra_cartilage,12,MR,KNEE,,*fl3d1,MONOCHROME2,fd7379f0-da7,,,SIEMENS,Aera,L,FFS,1.2.840.10008.1.2.1,256,256,28,,0.9685478;0.24861874;0.010192042;-0.24868076;0.96575727;0.073964668,26.79748;-108.55517;5.7015887,0.625;0.625,0.60000002384186,,1,16,12,11,0,,
train_series\1.2.826.0.1.3680043.8.498.74504704425600751221038968098633701528\1.2.826.0.1.3680043.8.498.88598964953026076807990972388887076298.dcm,1.2.826.0.1.3680043.8.498.10009639203170750274174707434356622764,1.2.826.0.1.3680043.8.498.74504704425600751221038968098633701528,1.2.826.0.1.3680043.8.498.88598964953026076807990972388887076298,t1_vibe_we_tra_cartilage,12,MR,KNEE,,*fl3d1,MONOCHROME2,fd7379f0-da7,,,SIEMENS,Aera,L,FFS,1.2.840.10008.1.2.1,256,256,7,,0.9685478;0.24861874;0.010192042;-0.24868076;0.96575727;0.073964668,26.905159;-109.48974;18.266419,0.625;0.625,0.60000002384186,,1,16,12,11,0,,
train_series\1.2.826.0.1.3680043.8.498.74504704425600751221038968098633701528\1.2.826.0.1.3680043.8.498.89871144898259536620383098563177816293.dcm,1.2.826.0.1.3680043.8.498.10009639203170750274174707434356622764,1.2.826.0.1.3680043.8.498.74504704425600751221038968098633701528,1.2.826.0.1.3680043.8.498.89871144898259536620383098563177816293,t1_vibe_we_tra_cartilage,12,MR,KNEE,,*fl3d1,MONOCHROME2,fd7379f0-da7,,,SIEMENS,Aera,L,FFS,1.2.840.10008.1.2.1,256,256,150,,0.9685478;0.24861874;0.010192042;-0.24868076;0.96575727;0.073964668,26.171916;-103.12571;-67.294094,0.625;0.625,0.60000002384186,,1,16,12,11,0,,
train_series\1.2.826.0.1.3680043.8.498.74504704425600751221038968098633701528\1.2.826.0.1.3680043.8.498.92301298519600411010922086685525927010.dcm,1.2.826.0.1.3680043.8.498.10009639203170750274174707434356622764,1.2.826.0.1.3680043.8.498.74504704425600751221038968098633701528,1.2.826.0.1.3680043.8.498.92301298519600411010922086685525927010,t1_vibe_we_tra_cartilage,12,MR,KNEE,,*fl3d1,MONOCHROME2,fd7379f0-da7,,,SIEMENS,Aera,L,FFS,1.2.840.10008.1.2.1,256,256,17,,0.9685478;0.24861874;0.010192042;-0.24868076;0.96575727;0.073964668,26.853883;-109.04471;12.283167,0.625;0.625,0.60000002384186,,1,16,12,11,0,,
train_series\1.2.826.0.1.3680043.8.498.74504704425600751221038968098633701528\1.2.826.0.1.3680043.8.498.92673862387238421372689846859191063743.dcm,1.2.826.0.1.3680043.8.498.10009639203170750274174707434356622764,1.2.826.0.1.3680043.8.498.74504704425600751221038968098633701528,1.2.826.0.1.3680043.8.498.92673862387238421372689846859191063743,t1_vibe_we_tra_cartilage,12,MR,KNEE,,*fl3d1,MONOCHROME2,fd7379f0-da7,,,SIEMENS,Aera,L,FFS,1.2.840.10008.1.2.1,256,256,48,,0.9685478;0.24861874;0.010192042;-0.24868076;0.96575727;0.073964668,26.694929;-107.66509;-6.2649167,0.625;0.625,0.60000002384186,,1,16,12,11,0,,
train_series\1.2.826.0.1.3680043.8.498.74504704425600751221038968098633701528\1.2.826.0.1.3680043.8.498.92809519270080754669052414200114082125.dcm,1.2.826.0.1.3680043.8.498.10009639203170750274174707434356622764,1.2.826.0.1.3680043.8.498.74504704425600751221038968098633701528,1.2.826.0.1.3680043.8.498.92809519270080754669052414200114082125,t1_vibe_we_tra_cartilage,12,MR,KNEE,,*fl3d1,MONOCHROME2,fd7379f0-da7,,,SIEMENS,Aera,L,FFS,1.2.840.10008.1.2.1,256,256,104,,0.9685478;0.24861874;0.010192042;-0.24868076;0.96575727;0.073964668,26.407784;-105.17288;-39.771132,0.625;0.625,0.60000002384186,,1,16,12,11,0,,
train_series\1.2.826.0.1.3680043.8.498.74504704425600751221038968098633701528\1.2.826.0.1.3680043.8.498.94125474731530950530619920299325276516.dcm,1.2.826.0.1.3680043.8.498.10009639203170750274174707434356622764,1.2.826.0.1.3680043.8.498.74504704425600751221038968098633701528,1.2.826.0.1.3680043.8.498.94125474731530950530619920299325276516,t1_vibe_we_tra_cartilage,12,MR,KNEE,,*fl3d1,MONOCHROME2,fd7379f0-da7,,,SIEMENS,Aera,L,FFS,1.2.840.10008.1.2.1,256,256,111,,0.9685478;0.24861874;0.010192042;-0.24868076;0.96575727;0.073964668,26.371891;-104.86136;-43.959409,0.625;0.625,0.60000002384186,,1,16,12,11,0,,
train_series\1.2.826.0.1.3680043.8.498.74504704425600751221038968098633701528\1.2.826.0.1.3680043.8.498.94396237628450792235936611978430144245.dcm,1.2.826.0.1.3680043.8.498.10009639203170750274174707434356622764,1.2.826.0.1.3680043.8.498.74504704425600751221038968098633701528,1.2.826.0.1.3680043.8.498.94396237628450792235936611978430144245,t1_vibe_we_tra_cartilage,12,MR,KNEE,,*fl3d1,MONOCHROME2,fd7379f0-da7,,,SIEMENS,Aera,L,FFS,1.2.840.10008.1.2.1,256,256,95,,0.9685478;0.24861874;0.010192042;-0.24868076;0.96575727;0.073964668,26.453932;-105.57342;-34.386204,0.625;0.625,0.60000002384186,,1,16,12,11,0,,
train_series\1.2.826.0.1.3680043.8.498.74504704425600751221038968098633701528\1.2.826.0.1.3680043.8.498.94941112265839071344653698250781234795.dcm,1.2.826.0.1.3680043.8.498.10009639203170750274174707434356622764,1.2.826.0.1.3680043.8.498.74504704425600751221038968098633701528,1.2.826.0.1.3680043.8.498.94941112265839071344653698250781234795,t1_vibe_we_tra_cartilage,12,MR,KNEE,,*fl3d1,MONOCHROME2,fd7379f0-da7,,,SIEMENS,Aera,L,FFS,1.2.840.10008.1.2.1,256,256,97,,0.9685478;0.24861874;0.010192042;-0.24868076;0.96575727;0.073964668,26.443677;-105.48441;-35.582855,0.625;0.625,0.60000002384186,,1,16,12,11,0,,
train_series\1.2.826.0.1.3680043.8.498.74504704425600751221038968098633701528\1.2.826.0.1.3680043.8.498.97688542134749826856651268360784430969.dcm,1.2.826.0.1.3680043.8.498.10009639203170750274174707434356622764,1.2.826.0.1.3680043.8.498.74504704425600751221038968098633701528,1.2.826.0.1.3680043.8.498.97688542134749826856651268360784430969,t1_vibe_we_tra_cartilage,12,MR,KNEE,,*fl3d1,MONOCHROME2,fd7379f0-da7,,,SIEMENS,Aera,L,FFS,1.2.840.10008.1.2.1,256,256,10,,0.9685478;0.24861874;0.010192042;-0.24868076;0.96575727;0.073964668,26.889777;-109.35623;16.471444,0.625;0.625,0.60000002384186,,1,16,12,11,0,,
train_series\1.2.826.0.1.3680043.8.498.74504704425600751221038968098633701528\1.2.826.0.1.3680043.8.498.99317295599933050351279925438502601337.dcm,1.2.826.0.1.3680043.8.498.10009639203170750274174707434356622764,1.2.826.0.1.3680043.8.498.74504704425600751221038968098633701528,1.2.826.0.1.3680043.8.498.99317295599933050351279925438502601337,t1_vibe_we_tra_cartilage,12,MR,KNEE,,*fl3d1,MONOCHROME2,fd7379f0-da7,,,SIEMENS,Aera,L,FFS,1.2.840.10008.1.2.1,256,256,82,,0.9685478;0.24861874;0.010192042;-0.24868076;0.96575727;0.073964668,26.520591;-106.15197;-26.607976,0.625;0.625,0.60000002384186,,1,16,12,11,0,,
train_series\1.2.826.0.1.3680043.8.498.75714899997203615784077798038670363546\1.2.826.0.1.3680043.8.498.11609150945850159338537978910374015838.dcm,1.2.826.0.1.3680043.8.498.10004873229099053869093324292195817260,1.2.826.0.1.3680043.8.498.75714899997203615784077798038670363546,1.2.826.0.1.3680043.8.498.11609150945850159338537978910374015838,DP CS_SAG,301,MR,KNEE,,,MONOCHROME2,b9d20b75-edf,,,Philips Healthcare,Ingenia,,FFS,1.2.840.10008.1.2.1,640,640,2,1.0,-0.03349328;0.99921125;0.021332152;0.058019578;0.023252046;-0.99804461,-67.093633;-142.70562;99.395855,0.26406249;0.26406249,3.0,4.635,1,16,12,11,0,2.6464,0.0
train_series\1.2.826.0.1.3680043.8.498.75714899997203615784077798038670363546\1.2.826.0.1.3680043.8.498.12204261365108154636687621250685857611.dcm,1.2.826.0.1.3680043.8.498.10004873229099053869093324292195817260,1.2.826.0.1.3680043.8.498.75714899997203615784077798038670363546,1.2.826.0.1.3680043.8.498.12204261365108154636687621250685857611,DP CS_SAG,301,MR,KNEE,,,MONOCHROME2,b9d20b75-edf,,,Philips Healthcare,Ingenia,,FFS,1.2.840.10008.1.2.1,640,640,8,1.0,-0.03349328;0.99921125;0.021332152;0.058019578;0.023252046;-0.99804461,-94.838483;-143.60074;97.762102,0.26406249;0.26406249,3.0,4.635,1,16,12,11,0,2.6464,0.0
train_series\1.2.826.0.1.3680043.8.498.75714899997203615784077798038670363546\1.2.826.0.1.3680043.8.498.12585834049165155580048330472839153798.dcm,1.2.826.0.1.3680043.8.498.10004873229099053869093324292195817260,1.2.826.0.1.3680043.8.498.75714899997203615784077798038670363546,1.2.826.0.1.3680043.8.498.12585834049165155580048330472839153798,DP CS_SAG,301,MR,KNEE,,,MONOCHROME2,b9d20b75-edf,,,Philips Healthcare,Ingenia,,FFS,1.2.840.10008.1.2.1,640,640,17,1.0,-0.03349328;0.99921125;0.021332152;0.058019578;0.023252046;-0.99804461,-136.45575;-144.94342;95.311474,0.26406249;0.26406249,3.0,4.635,1,16,12,11,0,2.6464,0.0
train_series\1.2.826.0.1.3680043.8.498.75714899997203615784077798038670363546\1.2.826.0.1.3680043.8.498.12590431126490426062288293410302630675.dcm,1.2.826.0.1.3680043.8.498.10004873229099053869093324292195817260,1.2.826.0.1.3680043.8.498.75714899997203615784077798038670363546,1.2.826.0.1.3680043.8.498.12590431126490426062288293410302630675,DP CS_SAG,301,MR,KNEE,,,MONOCHROME2,b9d20b75-edf,,,Philips Healthcare,Ingenia,,FFS,1.2.840.10008.1.2.1,640,640,1,1.0,-0.03349328;0.99921125;0.021332152;0.058019578;0.023252046;-0.99804461,-62.469495;-142.55643;99.668146,0.26406249;0.26406249,3.0,4.635,1,16,12,11,0,2.6464,0.0
train_series\1.2.826.0.1.3680043.8.498.75714899997203615784077798038670363546\1.2.826.0.1.3680043.8.498.12683235390774189796765914932598652149.dcm,1.2.826.0.1.3680043.8.498.10004873229099053869093324292195817260,1.2.826.0.1.3680043.8.498.75714899997203615784077798038670363546,1.2.826.0.1.3680043.8.498.12683235390774189796765914932598652149,DP CS_SAG,301,MR,KNEE,,,MONOCHROME2,b9d20b75-edf,,,Philips Healthcare,Ingenia,,FFS,1.2.840.10008.1.2.1,640,640,10,1.0,-0.03349328;0.99921125;0.021332152;0.058019578;0.023252046;-0.99804461,-104.08677;-143.89911;97.217518,0.26406249;0.26406249,3.0,4.635,1,16,12,11,0,2.6464,0.0
train_series\1.2.826.0.1.3680043.8.498.75714899997203615784077798038670363546\1.2.826.0.1.3680043.8.498.13317638308468061843979205291948030926.dcm,1.2.826.0.1.3680043.8.498.10004873229099053869093324292195817260,1.2.826.0.1.3680043.8.498.75714899997203615784077798038670363546,1.2.826.0.1.3680043.8.498.13317638308468061843979205291948030926,DP CS_SAG,301,MR,KNEE,,,MONOCHROME2,b9d20b75-edf,,,Philips Healthcare,Ingenia,,FFS,1.2.840.10008.1.2.1,640,640,16,1.0,-0.03349328;0.99921125;0.021332152;0.058019578;0.023252046;-0.99804461,-131.83161;-144.79423;95.583766,0.26406249;0.26406249,3.0,4.635,1,16,12,11,0,2.6464,0.0
train_series\1.2.826.0.1.3680043.8.498.75714899997203615784077798038670363546\1.2.826.0.1.3680043.8.498.13364072421794167946930741728335249319.dcm,1.2.826.0.1.3680043.8.498.10004873229099053869093324292195817260,1.2.826.0.1.3680043.8.498.75714899997203615784077798038670363546,1.2.826.0.1.3680043.8.498.13364072421794167946930741728335249319,DP CS_SAG,301,MR,KNEE,,,MONOCHROME2,b9d20b75-edf,,,Philips Healthcare,Ingenia,,FFS,1.2.840.10008.1.2.1,640,640,21,1.0,-0.03349328;0.99921125;0.021332152;0.058019578;0.023252046;-0.99804461,-154.95232;-145.54017;94.222306,0.26406249;0.26406249,3.0,4.635,1,16,12,11,0,2.6464,0.0
train_series\1.2.826.0.1.3680043.8.498.75714899997203615784077798038670363546\1.2.826.0.1.3680043.8.498.26530793686543895140120781699584017838.dcm,1.2.826.0.1.3680043.8.498.10004873229099053869093324292195817260,1.2.826.0.1.3680043.8.498.75714899997203615784077798038670363546,1.2.826.0.1.3680043.8.498.26530793686543895140120781699584017838,DP CS_SAG,301,MR,KNEE,,,MONOCHROME2,b9d20b75-edf,,,Philips Healthcare,Ingenia,,FFS,1.2.840.10008.1.2.1,640,640,18,1.0,-0.03349328;0.99921125;0.021332152;0.058019578;0.023252046;-0.99804461,-141.0799;-145.09261;95.039182,0.26406249;0.26406249,3.0,4.635,1,16,12,11,0,2.6464,0.0
train_series\1.2.826.0.1.3680043.8.498.75714899997203615784077798038670363546\1.2.826.0.1.3680043.8.498.35762652432592893273066333294212317005.dcm,1.2.826.0.1.3680043.8.498.10004873229099053869093324292195817260,1.2.826.0.1.3680043.8.498.75714899997203615784077798038670363546,1.2.826.0.1.3680043.8.498.35762652432592893273066333294212317005,DP CS_SAG,301,MR,KNEE,,,MONOCHROME2,b9d20b75-edf,,,Philips Healthcare,Ingenia,,FFS,1.2.840.10008.1.2.1,640,640,9,1.0,-0.03349328;0.99921125;0.021332152;0.058019578;0.023252046;-0.99804461,-99.462621;-143.74992;97.48981,0.26406249;0.26406249,3.0,4.635,1,16,12,11,0,2.6464,0.0
train_series\1.2.826.0.1.3680043.8.498.75714899997203615784077798038670363546\1.2.826.0.1.3680043.8.498.38688175470722741588272562429611183119.dcm,1.2.826.0.1.3680043.8.498.10004873229099053869093324292195817260,1.2.826.0.1.3680043.8.498.75714899997203615784077798038670363546,1.2.826.0.1.3680043.8.498.38688175470722741588272562429611183119,DP CS_SAG,301,MR,KNEE,,,MONOCHROME2,b9d20b75-edf,,,Philips Healthcare,Ingenia,,FFS,1.2.840.10008.1.2.1,640,640,5,1.0,-0.03349328;0.99921125;0.021332152;0.058019578;0.023252046;-0.99804461,-80.966062;-143.15318;98.578978,0.26406249;0.26406249,3.0,4.635,1,16,12,11,0,2.6464,0.0
train_series\1.2.826.0.1.3680043.8.498.75714899997203615784077798038670363546\1.2.826.0.1.3680043.8.498.39561070338793988533091874317667505814.dcm,1.2.826.0.1.3680043.8.498.10004873229099053869093324292195817260,1.2.826.0.1.3680043.8.498.75714899997203615784077798038670363546,1.2.826.0.1.3680043.8.498.39561070338793988533091874317667505814,DP CS_SAG,301,MR,KNEE,,,MONOCHROME2,b9d20b75-edf,,,Philips Healthcare,Ingenia,,FFS,1.2.840.10008.1.2.1,640,640,6,1.0,-0.03349328;0.99921125;0.021332152;0.058019578;0.023252046;-0.99804461,-85.590199;-143.30236;98.306687,0.26406249;0.26406249,3.0,4.635,1,16,12,11,0,2.6464,0.0
train_series\1.2.826.0.1.3680043.8.498.75714899997203615784077798038670363546\1.2.826.0.1.3680043.8.498.53964635163213563030012140682622381931.dcm,1.2.826.0.1.3680043.8.498.10004873229099053869093324292195817260,1.2.826.0.1.3680043.8.498.75714899997203615784077798038670363546,1.2.826.0.1.3680043.8.498.53964635163213563030012140682622381931,DP CS_SAG,301,MR,KNEE,,,MONOCHROME2,b9d20b75-edf,,,Philips Healthcare,Ingenia,,FFS,1.2.840.10008.1.2.1,640,640,20,1.0,-0.03349328;0.99921125;0.021332152;0.058019578;0.023252046;-0.99804461,-150.32818;-145.39098;94.494598,0.26406249;0.26406249,3.0,4.635,1,16,12,11,0,2.6464,0.0
train_series\1.2.826.0.1.3680043.8.498.75714899997203615784077798038670363546\1.2.826.0.1.3680043.8.498.63350125167206077868244987247362558123.dcm,1.2.826.0.1.3680043.8.498.10004873229099053869093324292195817260,1.2.826.0.1.3680043.8.498.75714899997203615784077798038670363546,1.2.826.0.1.3680043.8.498.63350125167206077868244987247362558123,DP CS_SAG,301,MR,KNEE,,,MONOCHROME2,b9d20b75-edf,,,Philips Healthcare,Ingenia,,FFS,1.2.840.10008.1.2.1,640,640,14,1.0,-0.03349328;0.99921125;0.021332152;0.058019578;0.023252046;-0.99804461,-122.58333;-144.49586;96.12835,0.26406249;0.26406249,3.0,4.635,1,16,12,11,0,2.6464,0.0
train_series\1.2.826.0.1.3680043.8.498.75714899997203615784077798038670363546\1.2.826.0.1.3680043.8.498.65747637995353395689736058066055122774.dcm,1.2.826.0.1.3680043.8.498.10004873229099053869093324292195817260,1.2.826.0.1.3680043.8.498.75714899997203615784077798038670363546,1.2.826.0.1.3680043.8.498.65747637995353395689736058066055122774,DP CS_SAG,301,MR,KNEE,,,MONOCHROME2,b9d20b75-edf,,,Philips Healthcare,Ingenia,,FFS,1.2.840.10008.1.2.1,640,640,19,1.0,-0.03349328;0.99921125;0.021332152;0.058019578;0.023252046;-0.99804461,-145.70403;-145.24179;94.76689,0.26406249;0.26406249,3.0,4.635,1,16,12,11,0,2.6464,0.0
train_series\1.2.826.0.1.3680043.8.498.75714899997203615784077798038670363546\1.2.826.0.1.3680043.8.498.80771320912561593500846833541716910554.dcm,1.2.826.0.1.3680043.8.498.10004873229099053869093324292195817260,1.2.826.0.1.3680043.8.498.75714899997203615784077798038670363546,1.2.826.0.1.3680043.8.498.80771320912561593500846833541716910554,DP CS_SAG,301,MR,KNEE,,,MONOCHROME2,b9d20b75-edf,,,Philips Healthcare,Ingenia,,FFS,1.2.840.10008.1.2.1,640,640,22,1.0,-0.03349328;0.99921125;0.021332152;0.058019578;0.023252046;-0.99804461,-159.57647;-145.68935;93.950013,0.26406249;0.26406249,3.0,4.635,1,16,12,11,0,2.6464,0.0
train_series\1.2.826.0.1.3680043.8.498.75714899997203615784077798038670363546\1.2.826.0.1.3680043.8.498.84518774649491094308056483994526664016.dcm,1.2.826.0.1.3680043.8.498.10004873229099053869093324292195817260,1.2.826.0.1.3680043.8.498.75714899997203615784077798038670363546,1.2.826.0.1.3680043.8.498.84518774649491094308056483994526664016,DP CS_SAG,301,MR,KNEE,,,MONOCHROME2,b9d20b75-edf,,,Philips Healthcare,Ingenia,,FFS,1.2.840.10008.1.2.1,640,640,11,1.0,-0.03349328;0.99921125;0.021332152;0.058019578;0.023252046;-0.99804461,-108.7109;-144.0483;96.945226,0.26406249;0.26406249,3.0,4.635,1,16,12,11,0,2.6464,0.0
train_series\1.2.826.0.1.3680043.8.498.75714899997203615784077798038670363546\1.2.826.0.1.3680043.8.498.85603707552765075639655777306991751056.dcm,1.2.826.0.1.3680043.8.498.10004873229099053869093324292195817260,1.2.826.0.1.3680043.8.498.75714899997203615784077798038670363546,1.2.826.0.1.3680043.8.498.85603707552765075639655777306991751056,DP CS_SAG,301,MR,KNEE,,,MONOCHROME2,b9d20b75-edf,,,Philips Healthcare,Ingenia,,FFS,1.2.840.10008.1.2.1,640,640,7,1.0,-0.03349328;0.99921125;0.021332152;0.058019578;0.023252046;-0.99804461,-90.214345;-143.45155;98.034395,0.26406249;0.26406249,3.0,4.635,1,16,12,11,0,2.6464,0.0
train_series\1.2.826.0.1.3680043.8.498.75714899997203615784077798038670363546\1.2.826.0.1.3680043.8.498.87593947701150780693777417205561920902.dcm,1.2.826.0.1.3680043.8.498.10004873229099053869093324292195817260,1.2.826.0.1.3680043.8.498.75714899997203615784077798038670363546,1.2.826.0.1.3680043.8.498.87593947701150780693777417205561920902,DP CS_SAG,301,MR,KNEE,,,MONOCHROME2,b9d20b75-edf,,,Philips Healthcare,Ingenia,,FFS,1.2.840.10008.1.2.1,640,640,15,1.0,-0.03349328;0.99921125;0.021332152;0.058019578;0.023252046;-0.99804461,-127.20747;-144.64504;95.856058,0.26406249;0.26406249,3.0,4.635,1,16,12,11,0,2.6464,0.0
train_series\1.2.826.0.1.3680043.8.498.75714899997203615784077798038670363546\1.2.826.0.1.3680043.8.498.89213578998894660249037012747362374505.dcm,1.2.826.0.1.3680043.8.498.10004873229099053869093324292195817260,1.2.826.0.1.3680043.8.498.75714899997203615784077798038670363546,1.2.826.0.1.3680043.8.498.89213578998894660249037012747362374505,DP CS_SAG,301,MR,KNEE,,,MONOCHROME2,b9d20b75-edf,,,Philips Healthcare,Ingenia,,FFS,1.2.840.10008.1.2.1,640,640,4,1.0,-0.03349328;0.99921125;0.021332152;0.058019578;0.023252046;-0.99804461,-76.341916;-143.00399;98.851271,0.26406249;0.26406249,3.0,4.635,1,16,12,11,0,2.6464,0.0
train_series\1.2.826.0.1.3680043.8.498.75714899997203615784077798038670363546\1.2.826.0.1.3680043.8.498.89274574546542356011805963677863845215.dcm,1.2.826.0.1.3680043.8.498.10004873229099053869093324292195817260,1.2.826.0.1.3680043.8.498.75714899997203615784077798038670363546,1.2.826.0.1.3680043.8.498.89274574546542356011805963677863845215,DP CS_SAG,301,MR,KNEE,,,MONOCHROME2,b9d20b75-edf,,,Philips Healthcare,Ingenia,,FFS,1.2.840.10008.1.2.1,640,640,13,1.0,-0.03349328;0.99921125;0.021332152;0.058019578;0.023252046;-0.99804461,-117.95919;-144.34667;96.400643,0.26406249;0.26406249,3.0,4.635,1,16,12,11,0,2.6464,0.0
train_series\1.2.826.0.1.3680043.8.498.75714899997203615784077798038670363546\1.2.826.0.1.3680043.8.498.92941237376678421417972258424436645923.dcm,1.2.826.0.1.3680043.8.498.10004873229099053869093324292195817260,1.2.826.0.1.3680043.8.498.75714899997203615784077798038670363546,1.2.826.0.1.3680043.8.498.92941237376678421417972258424436645923,DP CS_SAG,301,MR,KNEE,,,MONOCHROME2,b9d20b75-edf,,,Philips Healthcare,Ingenia,,FFS,1.2.840.10008.1.2.1,640,640,3,1.0,-0.03349328;0.99921125;0.021332152;0.058019578;0.023252046;-0.99804461,-71.717778;-142.85481;99.123562,0.26406249;0.26406249,3.0,4.635,1,16,12,11,0,2.6464,0.0
train_series\1.2.826.0.1.3680043.8.498.75714899997203615784077798038670363546\1.2.826.0.1.3680043.8.498.93854001174489428321379491457658840661.dcm,1.2.826.0.1.3680043.8.498.10004873229099053869093324292195817260,1.2.826.0.1.3680043.8.498.75714899997203615784077798038670363546,1.2.826.0.1.3680043.8.498.93854001174489428321379491457658840661,DP CS_SAG,301,MR,KNEE,,,MONOCHROME2,b9d20b75-edf,,,Philips Healthcare,Ingenia,,FFS,1.2.840.10008.1.2.1,640,640,12,1.0,-0.03349328;0.99921125;0.021332152;0.058019578;0.023252046;-0.99804461,-113.33505;-144.19748;96.672935,0.26406249;0.26406249,3.0,4.635,1,16,12,11,0,2.6464,0.0
train_series\1.2.826.0.1.3680043.8.498.76947689399889739752390906772011627242\1.2.826.0.1.3680043.8.498.10962799071710945571181592342576557490.dcm,1.2.826.0.1.3680043.8.498.10009639203170750274174707434356622764,1.2.826.0.1.3680043.8.498.76947689399889739752390906772011627242,1.2.826.0.1.3680043.8.498.10962799071710945571181592342576557490,LT_t2_tse_cor,10,MR,KNEE,,*tse2d1rr18,MONOCHROME2,fd7379f0-da7,,,SIEMENS,Aera,L,FFS,1.2.840.10008.1.2.1,384,384,12,,0.98397626;0.17829952;5.990103e-09;-0.020777726;0.11466545;-0.99318685,12.476788;-61.965926;65.567857,0.41666666;0.41666666,3.0,3.6,1,16,12,11,0,,
train_series\1.2.826.0.1.3680043.8.498.76947689399889739752390906772011627242\1.2.826.0.1.3680043.8.498.10989217485489194248231339658943755466.dcm,1.2.826.0.1.3680043.8.498.10009639203170750274174707434356622764,1.2.826.0.1.3680043.8.498.76947689399889739752390906772011627242,1.2.826.0.1.3680043.8.498.10989217485489194248231339658943755466,LT_t2_tse_cor,10,MR,KNEE,,*tse2d1rr18,MONOCHROME2,fd7379f0-da7,,,SIEMENS,Aera,L,FFS,1.2.840.10008.1.2.1,384,384,17,,0.98397626;0.17829952;5.990103e-09;-0.020777726;0.11466545;-0.99318685,9.2892577;-44.375023;67.665445,0.41666666;0.41666666,3.0,3.6,1,16,12,11,0,,
train_series\1.2.826.0.1.3680043.8.498.76947689399889739752390906772011627242\1.2.826.0.1.3680043.8.498.11174370458786845629919183455130144930.dcm,1.2.826.0.1.3680043.8.498.10009639203170750274174707434356622764,1.2.826.0.1.3680043.8.498.76947689399889739752390906772011627242,1.2.826.0.1.3680043.8.498.11174370458786845629919183455130144930,LT_t2_tse_cor,10,MR,KNEE,,*tse2d1rr18,MONOCHROME2,fd7379f0-da7,,,SIEMENS,Aera,L,FFS,1.2.840.10008.1.2.1,384,384,1,,0.98397626;0.17829952;5.990103e-09;-0.020777726;0.11466545;-0.99318685,19.489339;-100.66591;60.953162,0.41666666;0.41666666,3.0,3.6,1,16,12,11,0,,
train_series\1.2.826.0.1.3680043.8.498.76947689399889739752390906772011627242\1.2.826.0.1.3680043.8.498.11323700056227533849833184679285974480.dcm,1.2.826.0.1.3680043.8.498.10009639203170750274174707434356622764,1.2.826.0.1.3680043.8.498.76947689399889739752390906772011627242,1.2.826.0.1.3680043.8.498.11323700056227533849833184679285974480,LT_t2_tse_cor,10,MR,KNEE,,*tse2d1rr18,MONOCHROME2,fd7379f0-da7,,,SIEMENS,Aera,L,FFS,1.2.840.10008.1.2.1,384,384,30,,0.98397626;0.17829952;5.990103e-09;-0.020777726;0.11466545;-0.99318685,1.0016905;1.36132;73.119174,0.41666666;0.41666666,3.0,3.6,1,16,12,11,0,,
train_series\1.2.826.0.1.3680043.8.498.76947689399889739752390906772011627242\1.2.826.0.1.3680043.8.498.11629196470411084794447540216312310332.dcm,1.2.826.0.1.3680043.8.498.10009639203170750274174707434356622764,1.2.826.0.1.3680043.8.498.76947689399889739752390906772011627242,1.2.826.0.1.3680043.8.498.11629196470411084794447540216312310332,LT_t2_tse_cor,10,MR,KNEE,,*tse2d1rr18,MONOCHROME2,fd7379f0-da7,,,SIEMENS,Aera,L,FFS,1.2.840.10008.1.2.1,384,384,18,,0.98397626;0.17829952;5.990103e-09;-0.020777726;0.11466545;-0.99318685,8.6517531;-40.856844;68.084962,0.41666666;0.41666666,3.0,3.6,1,16,12,11,0,,
train_series\1.2.826.0.1.3680043.8.498.76947689399889739752390906772011627242\1.2.826.0.1.3680043.8.498.12247444960206186909796810289977367349.dcm,1.2.826.0.1.3680043.8.498.10009639203170750274174707434356622764,1.2.826.0.1.3680043.8.498.76947689399889739752390906772011627242,1.2.826.0.1.3680043.8.498.12247444960206186909796810289977367349,LT_t2_tse_cor,10,MR,KNEE,,*tse2d1rr18,MONOCHROME2,fd7379f0-da7,,,SIEMENS,Aera,L,FFS,1.2.840.10008.1.2.1,384,384,3,,0.98397626;0.17829952;5.990103e-09;-0.020777726;0.11466545;-0.99318685,18.214329;-93.62955;61.792199,0.41666666;0.41666666,3.0,3.6,1,16,12,11,0,,
train_series\1.2.826.0.1.3680043.8.498.76947689399889739752390906772011627242\1.2.826.0.1.3680043.8.498.12761453772195699701728120661926817018.dcm,1.2.826.0.1.3680043.8.498.10009639203170750274174707434356622764,1.2.826.0.1.3680043.8.498.76947689399889739752390906772011627242,1.2.826.0.1.3680043.8.498.12761453772195699701728120661926817018,LT_t2_tse_cor,10,MR,KNEE,,*tse2d1rr18,MONOCHROME2,fd7379f0-da7,,,SIEMENS,Aera,L,FFS,1.2.840.10008.1.2.1,384,384,4,,0.98397626;0.17829952;5.990103e-09;-0.020777726;0.11466545;-0.99318685,17.576825;-90.111369;62.211717,0.41666666;0.41666666,3.0,3.6,1,16,12,11,0,,
train_series\1.2.826.0.1.3680043.8.498.76947689399889739752390906772011627242\1.2.826.0.1.3680043.8.498.17087712714148955951040712741005758238.dcm,1.2.826.0.1.3680043.8.498.10009639203170750274174707434356622764,1.2.826.0.1.3680043.8.498.76947689399889739752390906772011627242,1.2.826.0.1.3680043.8.498.17087712714148955951040712741005758238,LT_t2_tse_cor,10,MR,KNEE,,*tse2d1rr18,MONOCHROME2,fd7379f0-da7,,,SIEMENS,Aera,L,FFS,1.2.840.10008.1.2.1,384,384,13,,0.98397626;0.17829952;5.990103e-09;-0.020777726;0.11466545;-0.99318685,11.839284;-58.447745;65.987374,0.41666666;0.41666666,3.0,3.6,1,16,12,11,0,,
train_series\1.2.826.0.1.3680043.8.498.76947689399889739752390906772011627242\1.2.826.0.1.3680043.8.498.31051379420279637089529981848335415959.dcm,1.2.826.0.1.3680043.8.498.10009639203170750274174707434356622764,1.2.826.0.1.3680043.8.498.76947689399889739752390906772011627242,1.2.826.0.1.3680043.8.498.31051379420279637089529981848335415959,LT_t2_tse_cor,10,MR,KNEE,,*tse2d1rr18,MONOCHROME2,fd7379f0-da7,,,SIEMENS,Aera,L,FFS,1.2.840.10008.1.2.1,384,384,21,,0.98397626;0.17829952;5.990103e-09;-0.020777726;0.11466545;-0.99318685,6.7392394;-30.302303;69.343516,0.41666666;0.41666666,3.0,3.6,1,16,12,11,0,,
train_series\1.2.826.0.1.3680043.8.498.76947689399889739752390906772011627242\1.2.826.0.1.3680043.8.498.33330942108543491646830106578125138586.dcm,1.2.826.0.1.3680043.8.498.10009639203170750274174707434356622764,1.2.826.0.1.3680043.8.498.76947689399889739752390906772011627242,1.2.826.0.1.3680043.8.498.33330942108543491646830106578125138586,LT_t2_tse_cor,10,MR,KNEE,,*tse2d1rr18,MONOCHROME2,fd7379f0-da7,,,SIEMENS,Aera,L,FFS,1.2.840.10008.1.2.1,384,384,25,,0.98397626;0.17829952;5.990103e-09;-0.020777726;0.11466545;-0.99318685,4.189221;-16.229582;71.021586,0.41666666;0.41666666,3.0,3.6,1,16,12,11,0,,
train_series\1.2.826.0.1.3680043.8.498.76947689399889739752390906772011627242\1.2.826.0.1.3680043.8.498.38258289055158121926838248175934981530.dcm,1.2.826.0.1.3680043.8.498.10009639203170750274174707434356622764,1.2.826.0.1.3680043.8.498.76947689399889739752390906772011627242,1.2.826.0.1.3680043.8.498.38258289055158121926838248175934981530,LT_t2_tse_cor,10,MR,KNEE,,*tse2d1rr18,MONOCHROME2,fd7379f0-da7,,,SIEMENS,Aera,L,FFS,1.2.840.10008.1.2.1,384,384,8,,0.98397626;0.17829952;5.990103e-09;-0.020777726;0.11466545;-0.99318685,15.026806;-76.038645;63.889786,0.41666666;0.41666666,3.0,3.6,1,16,12,11,0,,
train_series\1.2.826.0.1.3680043.8.498.76947689399889739752390906772011627242\1.2.826.0.1.3680043.8.498.38657390289109597183513255786987604125.dcm,1.2.826.0.1.3680043.8.498.10009639203170750274174707434356622764,1.2.826.0.1.3680043.8.498.76947689399889739752390906772011627242,1.2.826.0.1.3680043.8.498.38657390289109597183513255786987604125,LT_t2_tse_cor,10,MR,KNEE,,*tse2d1rr18,MONOCHROME2,fd7379f0-da7,,,SIEMENS,Aera,L,FFS,1.2.840.10008.1.2.1,384,384,29,,0.98397626;0.17829952;5.990103e-09;-0.020777726;0.11466545;-0.99318685,1.6391951;-2.1568609;72.699656,0.41666666;0.41666666,3.0,3.6,1,16,12,11,0,,
train_series\1.2.826.0.1.3680043.8.498.76947689399889739752390906772011627242\1.2.826.0.1.3680043.8.498.41087335220396537693584455799695620589.dcm,1.2.826.0.1.3680043.8.498.10009639203170750274174707434356622764,1.2.826.0.1.3680043.8.498.76947689399889739752390906772011627242,1.2.826.0.1.3680043.8.498.41087335220396537693584455799695620589,LT_t2_tse_cor,10,MR,KNEE,,*tse2d1rr18,MONOCHROME2,fd7379f0-da7,,,SIEMENS,Aera,L,FFS,1.2.840.10008.1.2.1,384,384,6,,0.98397626;0.17829952;5.990103e-09;-0.020777726;0.11466545;-0.99318685,16.301816;-83.075007;63.050752,0.41666666;0.41666666,3.0,3.6,1,16,12,11,0,,
train_series\1.2.826.0.1.3680043.8.498.76947689399889739752390906772011627242\1.2.826.0.1.3680043.8.498.42274862092872219596677767598540882704.dcm,1.2.826.0.1.3680043.8.498.10009639203170750274174707434356622764,1.2.826.0.1.3680043.8.498.76947689399889739752390906772011627242,1.2.826.0.1.3680043.8.498.42274862092872219596677767598540882704,LT_t2_tse_cor,10,MR,KNEE,,*tse2d1rr18,MONOCHROME2,fd7379f0-da7,,,SIEMENS,Aera,L,FFS,1.2.840.10008.1.2.1,384,384,23,,0.98397626;0.17829952;5.990103e-09;-0.020777726;0.11466545;-0.99318685,5.4642302;-23.265942;70.182551,0.41666666;0.41666666,3.0,3.6,1,16,12,11,0,,
train_series\1.2.826.0.1.3680043.8.498.76947689399889739752390906772011627242\1.2.826.0.1.3680043.8.498.44509890059313591600688982695731374644.dcm,1.2.826.0.1.3680043.8.498.10009639203170750274174707434356622764,1.2.826.0.1.3680043.8.498.76947689399889739752390906772011627242,1.2.826.0.1.3680043.8.498.44509890059313591600688982695731374644,LT_t2_tse_cor,10,MR,KNEE,,*tse2d1rr18,MONOCHROME2,fd7379f0-da7,,,SIEMENS,Aera,L,FFS,1.2.840.10008.1.2.1,384,384,9,,0.98397626;0.17829952;5.990103e-09;-0.020777726;0.11466545;-0.99318685,14.389302;-72.520464;64.309304,0.41666666;0.41666666,3.0,3.6,1,16,12,11,0,,
train_series\1.2.826.0.1.3680043.8.498.76947689399889739752390906772011627242\1.2.826.0.1.3680043.8.498.49730101484182785045103727626931046561.dcm,1.2.826.0.1.3680043.8.498.10009639203170750274174707434356622764,1.2.826.0.1.3680043.8.498.76947689399889739752390906772011627242,1.2.826.0.1.3680043.8.498.49730101484182785045103727626931046561,LT_t2_tse_cor,10,MR,KNEE,,*tse2d1rr18,MONOCHROME2,fd7379f0-da7,,,SIEMENS,Aera,L,FFS,1.2.840.10008.1.2.1,384,384,24,,0.98397626;0.17829952;5.990103e-09;-0.020777726;0.11466545;-0.99318685,4.8267256;-19.747762;70.602068,0.41666666;0.41666666,3.0,3.6,1,16,12,11,0,,
train_series\1.2.826.0.1.3680043.8.498.76947689399889739752390906772011627242\1.2.826.0.1.3680043.8.498.51712635950661492208203897018137408540.dcm,1.2.826.0.1.3680043.8.498.10009639203170750274174707434356622764,1.2.826.0.1.3680043.8.498.76947689399889739752390906772011627242,1.2.826.0.1.3680043.8.498.51712635950661492208203897018137408540,LT_t2_tse_cor,10,MR,KNEE,,*tse2d1rr18,MONOCHROME2,fd7379f0-da7,,,SIEMENS,Aera,L,FFS,1.2.840.10008.1.2.1,384,384,20,,0.98397626;0.17829952;5.990103e-09;-0.020777726;0.11466545;-0.99318685,7.3767439;-33.820483;68.923997,0.41666666;0.41666666,3.0,3.6,1,16,12,11,0,,
train_series\1.2.826.0.1.3680043.8.498.76947689399889739752390906772011627242\1.2.826.0.1.3680043.8.498.51839061007809034735024388106250290863.dcm,1.2.826.0.1.3680043.8.498.10009639203170750274174707434356622764,1.2.826.0.1.3680043.8.498.76947689399889739752390906772011627242,1.2.826.0.1.3680043.8.498.51839061007809034735024388106250290863,LT_t2_tse_cor,10,MR,KNEE,,*tse2d1rr18,MONOCHROME2,fd7379f0-da7,,,SIEMENS,Aera,L,FFS,1.2.840.10008.1.2.1,384,384,28,,0.98397626;0.17829952;5.990103e-09;-0.020777726;0.11466545;-0.99318685,2.2767073;-5.6750417;72.280138,0.41666666;0.41666666,3.0,3.6,1,16,12,11,0,,
train_series\1.2.826.0.1.3680043.8.498.76947689399889739752390906772011627242\1.2.826.0.1.3680043.8.498.51908358493202004642491353223933535767.dcm,1.2.826.0.1.3680043.8.498.10009639203170750274174707434356622764,1.2.826.0.1.3680043.8.498.76947689399889739752390906772011627242,1.2.826.0.1.3680043.8.498.51908358493202004642491353223933535767,LT_t2_tse_cor,10,MR,KNEE,,*tse2d1rr18,MONOCHROME2,fd7379f0-da7,,,SIEMENS,Aera,L,FFS,1.2.840.10008.1.2.1,384,384,31,,0.98397626;0.17829952;5.990103e-09;-0.020777726;0.11466545;-0.99318685,0.36418595;4.8794989;73.538691,0.41666666;0.41666666,3.0,3.6,1,16,12,11,0,,
train_series\1.2.826.0.1.3680043.8.498.76947689399889739752390906772011627242\1.2.826.0.1.3680043.8.498.55292084148254919534342041143451812254.dcm,1.2.826.0.1.3680043.8.498.10009639203170750274174707434356622764,1.2.826.0.1.3680043.8.498.76947689399889739752390906772011627242,1.2.826.0.1.3680043.8.498.55292084148254919534342041143451812254,LT_t2_tse_cor,10,MR,KNEE,,*tse2d1rr18,MONOCHROME2,fd7379f0-da7,,,SIEMENS,Aera,L,FFS,1.2.840.10008.1.2.1,384,384,11,,0.98397626;0.17829952;5.990103e-09;-0.020777726;0.11466545;-0.99318685,13.114293;-65.484107;65.148339,0.41666666;0.41666666,3.0,3.6,1,16,12,11,0,,
train_series\1.2.826.0.1.3680043.8.498.76947689399889739752390906772011627242\1.2.826.0.1.3680043.8.498.62244899499453122026855407711196457101.dcm,1.2.826.0.1.3680043.8.498.10009639203170750274174707434356622764,1.2.826.0.1.3680043.8.498.76947689399889739752390906772011627242,1.2.826.0.1.3680043.8.498.62244899499453122026855407711196457101,LT_t2_tse_cor,10,MR,KNEE,,*tse2d1rr18,MONOCHROME2,fd7379f0-da7,,,SIEMENS,Aera,L,FFS,1.2.840.10008.1.2.1,384,384,16,,0.98397626;0.17829952;5.990103e-09;-0.020777726;0.11466545;-0.99318685,9.9267622;-47.893204;67.245927,0.41666666;0.41666666,3.0,3.6,1,16,12,11,0,,
train_series\1.2.826.0.1.3680043.8.498.76947689399889739752390906772011627242\1.2.826.0.1.3680043.8.498.66368373983419475474534616161975698674.dcm,1.2.826.0.1.3680043.8.498.10009639203170750274174707434356622764,1.2.826.0.1.3680043.8.498.76947689399889739752390906772011627242,1.2.826.0.1.3680043.8.498.66368373983419475474534616161975698674,LT_t2_tse_cor,10,MR,KNEE,,*tse2d1rr18,MONOCHROME2,fd7379f0-da7,,,SIEMENS,Aera,L,FFS,1.2.840.10008.1.2.1,384,384,10,,0.98397626;0.17829952;5.990103e-09;-0.020777726;0.11466545;-0.99318685,13.751797;-69.002287;64.728822,0.41666666;0.41666666,3.0,3.6,1,16,12,11,0,,
train_series\1.2.826.0.1.3680043.8.498.76947689399889739752390906772011627242\1.2.826.0.1.3680043.8.498.67588141219251683407586573604755290614.dcm,1.2.826.0.1.3680043.8.498.10009639203170750274174707434356622764,1.2.826.0.1.3680043.8.498.76947689399889739752390906772011627242,1.2.826.0.1.3680043.8.498.67588141219251683407586573604755290614,LT_t2_tse_cor,10,MR,KNEE,,*tse2d1rr18,MONOCHROME2,fd7379f0-da7,,,SIEMENS,Aera,L,FFS,1.2.840.10008.1.2.1,384,384,5,,0.98397626;0.17829952;5.990103e-09;-0.020777726;0.11466545;-0.99318685,16.93932;-86.593188;62.631234,0.41666666;0.41666666,3.0,3.6,1,16,12,11,0,,
train_series\1.2.826.0.1.3680043.8.498.76947689399889739752390906772011627242\1.2.826.0.1.3680043.8.498.70259880076463048511440137495679341505.dcm,1.2.826.0.1.3680043.8.498.10009639203170750274174707434356622764,1.2.826.0.1.3680043.8.498.76947689399889739752390906772011627242,1.2.826.0.1.3680043.8.498.70259880076463048511440137495679341505,LT_t2_tse_cor,10,MR,KNEE,,*tse2d1rr18,MONOCHROME2,fd7379f0-da7,,,SIEMENS,Aera,L,FFS,1.2.840.10008.1.2.1,384,384,27,,0.98397626;0.17829952;5.990103e-09;-0.020777726;0.11466545;-0.99318685,2.9142119;-9.1932216;71.860621,0.41666666;0.41666666,3.0,3.6,1,16,12,11,0,,
train_series\1.2.826.0.1.3680043.8.498.76947689399889739752390906772011627242\1.2.826.0.1.3680043.8.498.70685706524665394721994641579993281628.dcm,1.2.826.0.1.3680043.8.498.10009639203170750274174707434356622764,1.2.826.0.1.3680043.8.498.76947689399889739752390906772011627242,1.2.826.0.1.3680043.8.498.70685706524665394721994641579993281628,LT_t2_tse_cor,10,MR,KNEE,,*tse2d1rr18,MONOCHROME2,fd7379f0-da7,,,SIEMENS,Aera,L,FFS,1.2.840.10008.1.2.1,384,384,22,,0.98397626;0.17829952;5.990103e-09;-0.020777726;0.11466545;-0.99318685,6.1017348;-26.784123;69.763033,0.41666666;0.41666666,3.0,3.6,1,16,12,11,0,,
train_series\1.2.826.0.1.3680043.8.498.76947689399889739752390906772011627242\1.2.826.0.1.3680043.8.498.82510955346293592217714376746252908208.dcm,1.2.826.0.1.3680043.8.498.10009639203170750274174707434356622764,1.2.826.0.1.3680043.8.498.76947689399889739752390906772011627242,1.2.826.0.1.3680043.8.498.82510955346293592217714376746252908208,LT_t2_tse_cor,10,MR,KNEE,,*tse2d1rr18,MONOCHROME2,fd7379f0-da7,,,SIEMENS,Aera,L,FFS,1.2.840.10008.1.2.1,384,384,19,,0.98397626;0.17829952;5.990103e-09;-0.020777726;0.11466545;-0.99318685,8.0142485;-37.338664;68.50448,0.41666666;0.41666666,3.0,3.6,1,16,12,11,0,,
train_series\1.2.826.0.1.3680043.8.498.76947689399889739752390906772011627242\1.2.826.0.1.3680043.8.498.84814459526430670324588837831257348542.dcm,1.2.826.0.1.3680043.8.498.10009639203170750274174707434356622764,1.2.826.0.1.3680043.8.498.76947689399889739752390906772011627242,1.2.826.0.1.3680043.8.498.84814459526430670324588837831257348542,LT_t2_tse_cor,10,MR,KNEE,,*tse2d1rr18,MONOCHROME2,fd7379f0-da7,,,SIEMENS,Aera,L,FFS,1.2.840.10008.1.2.1,384,384,32,,0.98397626;0.17829952;5.990103e-09;-0.020777726;0.11466545;-0.99318685,-0.27331863;8.3976798;73.958209,0.41666666;0.41666666,3.0,3.6,1,16,12,11,0,,
train_series\1.2.826.0.1.3680043.8.498.76947689399889739752390906772011627242\1.2.826.0.1.3680043.8.498.86397200615662197496629019268067156023.dcm,1.2.826.0.1.3680043.8.498.10009639203170750274174707434356622764,1.2.826.0.1.3680043.8.498.76947689399889739752390906772011627242,1.2.826.0.1.3680043.8.498.86397200615662197496629019268067156023,LT_t2_tse_cor,10,MR,KNEE,,*tse2d1rr18,MONOCHROME2,fd7379f0-da7,,,SIEMENS,Aera,L,FFS,1.2.840.10008.1.2.1,384,384,14,,0.98397626;0.17829952;5.990103e-09;-0.020777726;0.11466545;-0.99318685,11.201771;-54.929564;66.406892,0.41666666;0.41666666,3.0,3.6,1,16,12,11,0,,
train_series\1.2.826.0.1.3680043.8.498.76947689399889739752390906772011627242\1.2.826.0.1.3680043.8.498.88090825477445393191742238079886131934.dcm,1.2.826.0.1.3680043.8.498.10009639203170750274174707434356622764,1.2.826.0.1.3680043.8.498.76947689399889739752390906772011627242,1.2.826.0.1.3680043.8.498.88090825477445393191742238079886131934,LT_t2_tse_cor,10,MR,KNEE,,*tse2d1rr18,MONOCHROME2,fd7379f0-da7,,,SIEMENS,Aera,L,FFS,1.2.840.10008.1.2.1,384,384,7,,0.98397626;0.17829952;5.990103e-09;-0.020777726;0.11466545;-0.99318685,15.664311;-79.556826;63.470268,0.41666666;0.41666666,3.0,3.6,1,16,12,11,0,,
train_series\1.2.826.0.1.3680043.8.498.76947689399889739752390906772011627242\1.2.826.0.1.3680043.8.498.89739751263918220254684543591772290825.dcm,1.2.826.0.1.3680043.8.498.10009639203170750274174707434356622764,1.2.826.0.1.3680043.8.498.76947689399889739752390906772011627242,1.2.826.0.1.3680043.8.498.89739751263918220254684543591772290825,LT_t2_tse_cor,10,MR,KNEE,,*tse2d1rr18,MONOCHROME2,fd7379f0-da7,,,SIEMENS,Aera,L,FFS,1.2.840.10008.1.2.1,384,384,26,,0.98397626;0.17829952;5.990103e-09;-0.020777726;0.11466545;-0.99318685,3.5517165;-12.711402;71.441103,0.41666666;0.41666666,3.0,3.6,1,16,12,11,0,,
train_series\1.2.826.0.1.3680043.8.498.76947689399889739752390906772011627242\1.2.826.0.1.3680043.8.498.96265445886848389455595323307686800088.dcm,1.2.826.0.1.3680043.8.498.10009639203170750274174707434356622764,1.2.826.0.1.3680043.8.498.76947689399889739752390906772011627242,1.2.826.0.1.3680043.8.498.96265445886848389455595323307686800088,LT_t2_tse_cor,10,MR,KNEE,,*tse2d1rr18,MONOCHROME2,fd7379f0-da7,,,SIEMENS,Aera,L,FFS,1.2.840.10008.1.2.1,384,384,2,,0.98397626;0.17829952;5.990103e-09;-0.020777726;0.11466545;-0.99318685,18.851834;-97.14773;61.37268,0.41666666;0.41666666,3.0,3.6,1,16,12,11,0,,
train_series\1.2.826.0.1.3680043.8.498.76947689399889739752390906772011627242\1.2.826.0.1.3680043.8.498.96926344143488241993170689647479352285.dcm,1.2.826.0.1.3680043.8.498.10009639203170750274174707434356622764,1.2.826.0.1.3680043.8.498.76947689399889739752390906772011627242,1.2.826.0.1.3680043.8.498.96926344143488241993170689647479352285,LT_t2_tse_cor,10,MR,KNEE,,*tse2d1rr18,MONOCHROME2,fd7379f0-da7,,,SIEMENS,Aera,L,FFS,1.2.840.10008.1.2.1,384,384,15,,0.98397626;0.17829952;5.990103e-09;-0.020777726;0.11466545;-0.99318685,10.564267;-51.411385;66.826409,0.41666666;0.41666666,3.0,3.6,1,16,12,11,0,,
train_series\1.2.826.0.1.3680043.8.498.81917956022130221494316872143485515885\1.2.826.0.1.3680043.8.498.10028337312207250660457882761914395102.dcm,1.2.826.0.1.3680043.8.498.10009639203170750274174707434356622764,1.2.826.0.1.3680043.8.498.81917956022130221494316872143485515885,1.2.826.0.1.3680043.8.498.10028337312207250660457882761914395102,LT_t1_tse_cor,9,MR,KNEE,,*tse2d1_3,MONOCHROME2,fd7379f0-da7,,,SIEMENS,Aera,L,FFS,1.2.840.10008.1.2.1,384,384,21,,0.98397626;0.17829952;5.990103e-09;-0.020777726;0.11466545;-0.99318685,6.7392394;-30.302303;69.343516,0.41666666;0.41666666,3.0,3.6,1,16,12,11,0,,
train_series\1.2.826.0.1.3680043.8.498.81917956022130221494316872143485515885\1.2.826.0.1.3680043.8.498.10885323987435877778920199822300745546.dcm,1.2.826.0.1.3680043.8.498.10009639203170750274174707434356622764,1.2.826.0.1.3680043.8.498.81917956022130221494316872143485515885,1.2.826.0.1.3680043.8.498.10885323987435877778920199822300745546,LT_t1_tse_cor,9,MR,KNEE,,*tse2d1_3,MONOCHROME2,fd7379f0-da7,,,SIEMENS,Aera,L,FFS,1.2.840.10008.1.2.1,384,384,22,,0.98397626;0.17829952;5.990103e-09;-0.020777726;0.11466545;-0.99318685,6.1017348;-26.784123;69.763033,0.41666666;0.41666666,3.0,3.6,1,16,12,11,0,,
train_series\1.2.826.0.1.3680043.8.498.81917956022130221494316872143485515885\1.2.826.0.1.3680043.8.498.11556029474794759301267525377369465283.dcm,1.2.826.0.1.3680043.8.498.10009639203170750274174707434356622764,1.2.826.0.1.3680043.8.498.81917956022130221494316872143485515885,1.2.826.0.1.3680043.8.498.11556029474794759301267525377369465283,LT_t1_tse_cor,9,MR,KNEE,,*tse2d1_3,MONOCHROME2,fd7379f0-da7,,,SIEMENS,Aera,L,FFS,1.2.840.10008.1.2.1,384,384,31,,0.98397626;0.17829952;5.990103e-09;-0.020777726;0.11466545;-0.99318685,0.36418595;4.8794989;73.538691,0.41666666;0.41666666,3.0,3.6,1,16,12,11,0,,
train_series\1.2.826.0.1.3680043.8.498.81917956022130221494316872143485515885\1.2.826.0.1.3680043.8.498.11766747411083609732234195352497955798.dcm,1.2.826.0.1.3680043.8.498.10009639203170750274174707434356622764,1.2.826.0.1.3680043.8.498.81917956022130221494316872143485515885,1.2.826.0.1.3680043.8.498.11766747411083609732234195352497955798,LT_t1_tse_cor,9,MR,KNEE,,*tse2d1_3,MONOCHROME2,fd7379f0-da7,,,SIEMENS,Aera,L,FFS,1.2.840.10008.1.2.1,384,384,19,,0.98397626;0.17829952;5.990103e-09;-0.020777726;0.11466545;-0.99318685,8.0142485;-37.338664;68.50448,0.41666666;0.41666666,3.0,3.6,1,16,12,11,0,,
train_series\1.2.826.0.1.3680043.8.498.81917956022130221494316872143485515885\1.2.826.0.1.3680043.8.498.11793357041574054759636435059595190305.dcm,1.2.826.0.1.3680043.8.498.10009639203170750274174707434356622764,1.2.826.0.1.3680043.8.498.81917956022130221494316872143485515885,1.2.826.0.1.3680043.8.498.11793357041574054759636435059595190305,LT_t1_tse_cor,9,MR,KNEE,,*tse2d1_3,MONOCHROME2,fd7379f0-da7,,,SIEMENS,Aera,L,FFS,1.2.840.10008.1.2.1,384,384,1,,0.98397626;0.17829952;5.990103e-09;-0.020777726;0.11466545;-0.99318685,19.489339;-100.66591;60.953162,0.41666666;0.41666666,3.0,3.6,1,16,12,11,0,,
train_series\1.2.826.0.1.3680043.8.498.81917956022130221494316872143485515885\1.2.826.0.1.3680043.8.498.12009981377109301855022270735522566140.dcm,1.2.826.0.1.3680043.8.498.10009639203170750274174707434356622764,1.2.826.0.1.3680043.8.498.81917956022130221494316872143485515885,1.2.826.0.1.3680043.8.498.12009981377109301855022270735522566140,LT_t1_tse_cor,9,MR,KNEE,,*tse2d1_3,MONOCHROME2,fd7379f0-da7,,,SIEMENS,Aera,L,FFS,1.2.840.10008.1.2.1,384,384,10,,0.98397626;0.17829952;5.990103e-09;-0.020777726;0.11466545;-0.99318685,13.751797;-69.002287;64.728822,0.41666666;0.41666666,3.0,3.6,1,16,12,11,0,,
train_series\1.2.826.0.1.3680043.8.498.81917956022130221494316872143485515885\1.2.826.0.1.3680043.8.498.12316404099049395457945207383919200712.dcm,1.2.826.0.1.3680043.8.498.10009639203170750274174707434356622764,1.2.826.0.1.3680043.8.498.81917956022130221494316872143485515885,1.2.826.0.1.3680043.8.498.12316404099049395457945207383919200712,LT_t1_tse_cor,9,MR,KNEE,,*tse2d1_3,MONOCHROME2,fd7379f0-da7,,,SIEMENS,Aera,L,FFS,1.2.840.10008.1.2.1,384,384,2,,0.98397626;0.17829952;5.990103e-09;-0.020777726;0.11466545;-0.99318685,18.851834;-97.14773;61.37268,0.41666666;0.41666666,3.0,3.6,1,16,12,11,0,,
train_series\1.2.826.0.1.3680043.8.498.81917956022130221494316872143485515885\1.2.826.0.1.3680043.8.498.12477270833817783890861494958415579481.dcm,1.2.826.0.1.3680043.8.498.10009639203170750274174707434356622764,1.2.826.0.1.3680043.8.498.81917956022130221494316872143485515885,1.2.826.0.1.3680043.8.498.12477270833817783890861494958415579481,LT_t1_tse_cor,9,MR,KNEE,,*tse2d1_3,MONOCHROME2,fd7379f0-da7,,,SIEMENS,Aera,L,FFS,1.2.840.10008.1.2.1,384,384,14,,0.98397626;0.17829952;5.990103e-09;-0.020777726;0.11466545;-0.99318685,11.201771;-54.929564;66.406892,0.41666666;0.41666666,3.0,3.6,1,16,12,11,0,,
train_series\1.2.826.0.1.3680043.8.498.81917956022130221494316872143485515885\1.2.826.0.1.3680043.8.498.13010481181246211869607821923694605580.dcm,1.2.826.0.1.3680043.8.498.10009639203170750274174707434356622764,1.2.826.0.1.3680043.8.498.81917956022130221494316872143485515885,1.2.826.0.1.3680043.8.498.13010481181246211869607821923694605580,LT_t1_tse_cor,9,MR,KNEE,,*tse2d1_3,MONOCHROME2,fd7379f0-da7,,,SIEMENS,Aera,L,FFS,1.2.840.10008.1.2.1,384,384,25,,0.98397626;0.17829952;5.990103e-09;-0.020777726;0.11466545;-0.99318685,4.189221;-16.229582;71.021586,0.41666666;0.41666666,3.0,3.6,1,16,12,11,0,,
train_series\1.2.826.0.1.3680043.8.498.81917956022130221494316872143485515885\1.2.826.0.1.3680043.8.498.13371681989543342993220161360812829514.dcm,1.2.826.0.1.3680043.8.498.10009639203170750274174707434356622764,1.2.826.0.1.3680043.8.498.81917956022130221494316872143485515885,1.2.826.0.1.3680043.8.498.13371681989543342993220161360812829514,LT_t1_tse_cor,9,MR,KNEE,,*tse2d1_3,MONOCHROME2,fd7379f0-da7,,,SIEMENS,Aera,L,FFS,1.2.840.10008.1.2.1,384,384,13,,0.98397626;0.17829952;5.990103e-09;-0.020777726;0.11466545;-0.99318685,11.839284;-58.447745;65.987374,0.41666666;0.41666666,3.0,3.6,1,16,12,11,0,,
train_series\1.2.826.0.1.3680043.8.498.81917956022130221494316872143485515885\1.2.826.0.1.3680043.8.498.16111994866855356637935304613342744723.dcm,1.2.826.0.1.3680043.8.498.10009639203170750274174707434356622764,1.2.826.0.1.3680043.8.498.81917956022130221494316872143485515885,1.2.826.0.1.3680043.8.498.16111994866855356637935304613342744723,LT_t1_tse_cor,9,MR,KNEE,,*tse2d1_3,MONOCHROME2,fd7379f0-da7,,,SIEMENS,Aera,L,FFS,1.2.840.10008.1.2.1,384,384,9,,0.98397626;0.17829952;5.990103e-09;-0.020777726;0.11466545;-0.99318685,14.389302;-72.520464;64.309304,0.41666666;0.41666666,3.0,3.6,1,16,12,11,0,,
train_series\1.2.826.0.1.3680043.8.498.81917956022130221494316872143485515885\1.2.826.0.1.3680043.8.498.17350279756746510008445506838419161190.dcm,1.2.826.0.1.3680043.8.498.10009639203170750274174707434356622764,1.2.826.0.1.3680043.8.498.81917956022130221494316872143485515885,1.2.826.0.1.3680043.8.498.17350279756746510008445506838419161190,LT_t1_tse_cor,9,MR,KNEE,,*tse2d1_3,MONOCHROME2,fd7379f0-da7,,,SIEMENS,Aera,L,FFS,1.2.840.10008.1.2.1,384,384,28,,0.98397626;0.17829952;5.990103e-09;-0.020777726;0.11466545;-0.99318685,2.2767073;-5.6750417;72.280138,0.41666666;0.41666666,3.0,3.6,1,16,12,11,0,,
train_series\1.2.826.0.1.3680043.8.498.81917956022130221494316872143485515885\1.2.826.0.1.3680043.8.498.22901595930808470509531195494119198667.dcm,1.2.826.0.1.3680043.8.498.10009639203170750274174707434356622764,1.2.826.0.1.3680043.8.498.81917956022130221494316872143485515885,1.2.826.0.1.3680043.8.498.22901595930808470509531195494119198667,LT_t1_tse_cor,9,MR,KNEE,,*tse2d1_3,MONOCHROME2,fd7379f0-da7,,,SIEMENS,Aera,L,FFS,1.2.840.10008.1.2.1,384,384,7,,0.98397626;0.17829952;5.990103e-09;-0.020777726;0.11466545;-0.99318685,15.664311;-79.556826;63.470268,0.41666666;0.41666666,3.0,3.6,1,16,12,11,0,,
train_series\1.2.826.0.1.3680043.8.498.81917956022130221494316872143485515885\1.2.826.0.1.3680043.8.498.27347986245059618310180942591830613221.dcm,1.2.826.0.1.3680043.8.498.10009639203170750274174707434356622764,1.2.826.0.1.3680043.8.498.81917956022130221494316872143485515885,1.2.826.0.1.3680043.8.498.27347986245059618310180942591830613221,LT_t1_tse_cor,9,MR,KNEE,,*tse2d1_3,MONOCHROME2,fd7379f0-da7,,,SIEMENS,Aera,L,FFS,1.2.840.10008.1.2.1,384,384,20,,0.98397626;0.17829952;5.990103e-09;-0.020777726;0.11466545;-0.99318685,7.3767439;-33.820483;68.923997,0.41666666;0.41666666,3.0,3.6,1,16,12,11,0,,
train_series\1.2.826.0.1.3680043.8.498.81917956022130221494316872143485515885\1.2.826.0.1.3680043.8.498.29008392925909476193797861256682725506.dcm,1.2.826.0.1.3680043.8.498.10009639203170750274174707434356622764,1.2.826.0.1.3680043.8.498.81917956022130221494316872143485515885,1.2.826.0.1.3680043.8.498.29008392925909476193797861256682725506,LT_t1_tse_cor,9,MR,KNEE,,*tse2d1_3,MONOCHROME2,fd7379f0-da7,,,SIEMENS,Aera,L,FFS,1.2.840.10008.1.2.1,384,384,32,,0.98397626;0.17829952;5.990103e-09;-0.020777726;0.11466545;-0.99318685,-0.27331863;8.3976798;73.958209,0.41666666;0.41666666,3.0,3.6,1,16,12,11,0,,
train_series\1.2.826.0.1.3680043.8.498.81917956022130221494316872143485515885\1.2.826.0.1.3680043.8.498.30482103106829649653285161400860896704.dcm,1.2.826.0.1.3680043.8.498.10009639203170750274174707434356622764,1.2.826.0.1.3680043.8.498.81917956022130221494316872143485515885,1.2.826.0.1.3680043.8.498.30482103106829649653285161400860896704,LT_t1_tse_cor,9,MR,KNEE,,*tse2d1_3,MONOCHROME2,fd7379f0-da7,,,SIEMENS,Aera,L,FFS,1.2.840.10008.1.2.1,384,384,5,,0.98397626;0.17829952;5.990103e-09;-0.020777726;0.11466545;-0.99318685,16.93932;-86.593188;62.631234,0.41666666;0.41666666,3.0,3.6,1,16,12,11,0,,
train_series\1.2.826.0.1.3680043.8.498.81917956022130221494316872143485515885\1.2.826.0.1.3680043.8.498.34978358501984304776846331350328621904.dcm,1.2.826.0.1.3680043.8.498.10009639203170750274174707434356622764,1.2.826.0.1.3680043.8.498.81917956022130221494316872143485515885,1.2.826.0.1.3680043.8.498.34978358501984304776846331350328621904,LT_t1_tse_cor,9,MR,KNEE,,*tse2d1_3,MONOCHROME2,fd7379f0-da7,,,SIEMENS,Aera,L,FFS,1.2.840.10008.1.2.1,384,384,23,,0.98397626;0.17829952;5.990103e-09;-0.020777726;0.11466545;-0.99318685,5.4642302;-23.265942;70.182551,0.41666666;0.41666666,3.0,3.6,1,16,12,11,0,,
train_series\1.2.826.0.1.3680043.8.498.81917956022130221494316872143485515885\1.2.826.0.1.3680043.8.498.37991412503990534437488692615012615983.dcm,1.2.826.0.1.3680043.8.498.10009639203170750274174707434356622764,1.2.826.0.1.3680043.8.498.81917956022130221494316872143485515885,1.2.826.0.1.3680043.8.498.37991412503990534437488692615012615983,LT_t1_tse_cor,9,MR,KNEE,,*tse2d1_3,MONOCHROME2,fd7379f0-da7,,,SIEMENS,Aera,L,FFS,1.2.840.10008.1.2.1,384,384,4,,0.98397626;0.17829952;5.990103e-09;-0.020777726;0.11466545;-0.99318685,17.576825;-90.111369;62.211717,0.41666666;0.41666666,3.0,3.6,1,16,12,11,0,,
train_series\1.2.826.0.1.3680043.8.498.81917956022130221494316872143485515885\1.2.826.0.1.3680043.8.498.38560853037021386949380765948634974147.dcm,1.2.826.0.1.3680043.8.498.10009639203170750274174707434356622764,1.2.826.0.1.3680043.8.498.81917956022130221494316872143485515885,1.2.826.0.1.3680043.8.498.38560853037021386949380765948634974147,LT_t1_tse_cor,9,MR,KNEE,,*tse2d1_3,MONOCHROME2,fd7379f0-da7,,,SIEMENS,Aera,L,FFS,1.2.840.10008.1.2.1,384,384,17,,0.98397626;0.17829952;5.990103e-09;-0.020777726;0.11466545;-0.99318685,9.2892577;-44.375023;67.665445,0.41666666;0.41666666,3.0,3.6,1,16,12,11,0,,
train_series\1.2.826.0.1.3680043.8.498.81917956022130221494316872143485515885\1.2.826.0.1.3680043.8.498.39475776590254777277773230645075857773.dcm,1.2.826.0.1.3680043.8.498.10009639203170750274174707434356622764,1.2.826.0.1.3680043.8.498.81917956022130221494316872143485515885,1.2.826.0.1.3680043.8.498.39475776590254777277773230645075857773,LT_t1_tse_cor,9,MR,KNEE,,*tse2d1_3,MONOCHROME2,fd7379f0-da7,,,SIEMENS,Aera,L,FFS,1.2.840.10008.1.2.1,384,384,8,,0.98397626;0.17829952;5.990103e-09;-0.020777726;0.11466545;-0.99318685,15.026806;-76.038645;63.889786,0.41666666;0.41666666,3.0,3.6,1,16,12,11,0,,
train_series\1.2.826.0.1.3680043.8.498.81917956022130221494316872143485515885\1.2.826.0.1.3680043.8.498.44976533753361189788254459874803484243.dcm,1.2.826.0.1.3680043.8.498.10009639203170750274174707434356622764,1.2.826.0.1.3680043.8.498.81917956022130221494316872143485515885,1.2.826.0.1.3680043.8.498.44976533753361189788254459874803484243,LT_t1_tse_cor,9,MR,KNEE,,*tse2d1_3,MONOCHROME2,fd7379f0-da7,,,SIEMENS,Aera,L,FFS,1.2.840.10008.1.2.1,384,384,27,,0.98397626;0.17829952;5.990103e-09;-0.020777726;0.11466545;-0.99318685,2.9142119;-9.1932216;71.860621,0.41666666;0.41666666,3.0,3.6,1,16,12,11,0,,
train_series\1.2.826.0.1.3680043.8.498.81917956022130221494316872143485515885\1.2.826.0.1.3680043.8.498.45540942582007591603341041824575211536.dcm,1.2.826.0.1.3680043.8.498.10009639203170750274174707434356622764,1.2.826.0.1.3680043.8.498.81917956022130221494316872143485515885,1.2.826.0.1.3680043.8.498.45540942582007591603341041824575211536,LT_t1_tse_cor,9,MR,KNEE,,*tse2d1_3,MONOCHROME2,fd7379f0-da7,,,SIEMENS,Aera,L,FFS,1.2.840.10008.1.2.1,384,384,24,,0.98397626;0.17829952;5.990103e-09;-0.020777726;0.11466545;-0.99318685,4.8267256;-19.747762;70.602068,0.41666666;0.41666666,3.0,3.6,1,16,12,11,0,,
train_series\1.2.826.0.1.3680043.8.498.81917956022130221494316872143485515885\1.2.826.0.1.3680043.8.498.54560671221196884286036602010468319719.dcm,1.2.826.0.1.3680043.8.498.10009639203170750274174707434356622764,1.2.826.0.1.3680043.8.498.81917956022130221494316872143485515885,1.2.826.0.1.3680043.8.498.54560671221196884286036602010468319719,LT_t1_tse_cor,9,MR,KNEE,,*tse2d1_3,MONOCHROME2,fd7379f0-da7,,,SIEMENS,Aera,L,FFS,1.2.840.10008.1.2.1,384,384,11,,0.98397626;0.17829952;5.990103e-09;-0.020777726;0.11466545;-0.99318685,13.114293;-65.484107;65.148339,0.41666666;0.41666666,3.0,3.6,1,16,12,11,0,,
train_series\1.2.826.0.1.3680043.8.498.81917956022130221494316872143485515885\1.2.826.0.1.3680043.8.498.61442187346468253101373160226146362368.dcm,1.2.826.0.1.3680043.8.498.10009639203170750274174707434356622764,1.2.826.0.1.3680043.8.498.81917956022130221494316872143485515885,1.2.826.0.1.3680043.8.498.61442187346468253101373160226146362368,LT_t1_tse_cor,9,MR,KNEE,,*tse2d1_3,MONOCHROME2,fd7379f0-da7,,,SIEMENS,Aera,L,FFS,1.2.840.10008.1.2.1,384,384,6,,0.98397626;0.17829952;5.990103e-09;-0.020777726;0.11466545;-0.99318685,16.301816;-83.075007;63.050752,0.41666666;0.41666666,3.0,3.6,1,16,12,11,0,,
train_series\1.2.826.0.1.3680043.8.498.81917956022130221494316872143485515885\1.2.826.0.1.3680043.8.498.63523180310433246402244355212092873243.dcm,1.2.826.0.1.3680043.8.498.10009639203170750274174707434356622764,1.2.826.0.1.3680043.8.498.81917956022130221494316872143485515885,1.2.826.0.1.3680043.8.498.63523180310433246402244355212092873243,LT_t1_tse_cor,9,MR,KNEE,,*tse2d1_3,MONOCHROME2,fd7379f0-da7,,,SIEMENS,Aera,L,FFS,1.2.840.10008.1.2.1,384,384,16,,0.98397626;0.17829952;5.990103e-09;-0.020777726;0.11466545;-0.99318685,9.9267622;-47.893204;67.245927,0.41666666;0.41666666,3.0,3.6,1,16,12,11,0,,
train_series\1.2.826.0.1.3680043.8.498.81917956022130221494316872143485515885\1.2.826.0.1.3680043.8.498.67959727545357802432651307868140117285.dcm,1.2.826.0.1.3680043.8.498.10009639203170750274174707434356622764,1.2.826.0.1.3680043.8.498.81917956022130221494316872143485515885,1.2.826.0.1.3680043.8.498.67959727545357802432651307868140117285,LT_t1_tse_cor,9,MR,KNEE,,*tse2d1_3,MONOCHROME2,fd7379f0-da7,,,SIEMENS,Aera,L,FFS,1.2.840.10008.1.2.1,384,384,15,,0.98397626;0.17829952;5.990103e-09;-0.020777726;0.11466545;-0.99318685,10.564267;-51.411385;66.826409,0.41666666;0.41666666,3.0,3.6,1,16,12,11,0,,
train_series\1.2.826.0.1.3680043.8.498.81917956022130221494316872143485515885\1.2.826.0.1.3680043.8.498.68147130157962011036292142604851465782.dcm,1.2.826.0.1.3680043.8.498.10009639203170750274174707434356622764,1.2.826.0.1.3680043.8.498.81917956022130221494316872143485515885,1.2.826.0.1.3680043.8.498.68147130157962011036292142604851465782,LT_t1_tse_cor,9,MR,KNEE,,*tse2d1_3,MONOCHROME2,fd7379f0-da7,,,SIEMENS,Aera,L,FFS,1.2.840.10008.1.2.1,384,384,18,,0.98397626;0.17829952;5.990103e-09;-0.020777726;0.11466545;-0.99318685,8.6517531;-40.856844;68.084962,0.41666666;0.41666666,3.0,3.6,1,16,12,11,0,,
train_series\1.2.826.0.1.3680043.8.498.81917956022130221494316872143485515885\1.2.826.0.1.3680043.8.498.78310081901516278429452601107118881407.dcm,1.2.826.0.1.3680043.8.498.10009639203170750274174707434356622764,1.2.826.0.1.3680043.8.498.81917956022130221494316872143485515885,1.2.826.0.1.3680043.8.498.78310081901516278429452601107118881407,LT_t1_tse_cor,9,MR,KNEE,,*tse2d1_3,MONOCHROME2,fd7379f0-da7,,,SIEMENS,Aera,L,FFS,1.2.840.10008.1.2.1,384,384,3,,0.98397626;0.17829952;5.990103e-09;-0.020777726;0.11466545;-0.99318685,18.214329;-93.62955;61.792199,0.41666666;0.41666666,3.0,3.6,1,16,12,11,0,,
train_series\1.2.826.0.1.3680043.8.498.81917956022130221494316872143485515885\1.2.826.0.1.3680043.8.498.90808888999355984394916901045842017031.dcm,1.2.826.0.1.3680043.8.498.10009639203170750274174707434356622764,1.2.826.0.1.3680043.8.498.81917956022130221494316872143485515885,1.2.826.0.1.3680043.8.498.90808888999355984394916901045842017031,LT_t1_tse_cor,9,MR,KNEE,,*tse2d1_3,MONOCHROME2,fd7379f0-da7,,,SIEMENS,Aera,L,FFS,1.2.840.10008.1.2.1,384,384,30,,0.98397626;0.17829952;5.990103e-09;-0.020777726;0.11466545;-0.99318685,1.0016905;1.36132;73.119174,0.41666666;0.41666666,3.0,3.6,1,16,12,11,0,,
train_series\1.2.826.0.1.3680043.8.498.81917956022130221494316872143485515885\1.2.826.0.1.3680043.8.498.93171594748100641270393993645839525531.dcm,1.2.826.0.1.3680043.8.498.10009639203170750274174707434356622764,1.2.826.0.1.3680043.8.498.81917956022130221494316872143485515885,1.2.826.0.1.3680043.8.498.93171594748100641270393993645839525531,LT_t1_tse_cor,9,MR,KNEE,,*tse2d1_3,MONOCHROME2,fd7379f0-da7,,,SIEMENS,Aera,L,FFS,1.2.840.10008.1.2.1,384,384,12,,0.98397626;0.17829952;5.990103e-09;-0.020777726;0.11466545;-0.99318685,12.476788;-61.965926;65.567857,0.41666666;0.41666666,3.0,3.6,1,16,12,11,0,,
train_series\1.2.826.0.1.3680043.8.498.81917956022130221494316872143485515885\1.2.826.0.1.3680043.8.498.95467806049122075447941957019356298965.dcm,1.2.826.0.1.3680043.8.498.10009639203170750274174707434356622764,1.2.826.0.1.3680043.8.498.81917956022130221494316872143485515885,1.2.826.0.1.3680043.8.498.95467806049122075447941957019356298965,LT_t1_tse_cor,9,MR,KNEE,,*tse2d1_3,MONOCHROME2,fd7379f0-da7,,,SIEMENS,Aera,L,FFS,1.2.840.10008.1.2.1,384,384,26,,0.98397626;0.17829952;5.990103e-09;-0.020777726;0.11466545;-0.99318685,3.5517165;-12.711402;71.441103,0.41666666;0.41666666,3.0,3.6,1,16,12,11,0,,
train_series\1.2.826.0.1.3680043.8.498.81917956022130221494316872143485515885\1.2.826.0.1.3680043.8.498.98840984381598167932963715259180376309.dcm,1.2.826.0.1.3680043.8.498.10009639203170750274174707434356622764,1.2.826.0.1.3680043.8.498.81917956022130221494316872143485515885,1.2.826.0.1.3680043.8.498.98840984381598167932963715259180376309,LT_t1_tse_cor,9,MR,KNEE,,*tse2d1_3,MONOCHROME2,fd7379f0-da7,,,SIEMENS,Aera,L,FFS,1.2.840.10008.1.2.1,384,384,29,,0.98397626;0.17829952;5.990103e-09;-0.020777726;0.11466545;-0.99318685,1.6391951;-2.1568609;72.699656,0.41666666;0.41666666,3.0,3.6,1,16,12,11,0,,
train_series\1.2.826.0.1.3680043.8.498.83327574802189551711953505990029424266\1.2.826.0.1.3680043.8.498.10302866015895193310496707819988435586.dcm,1.2.826.0.1.3680043.8.498.10004945927472656027199792075652399585,1.2.826.0.1.3680043.8.498.83327574802189551711953505990029424266,1.2.826.0.1.3680043.8.498.10302866015895193310496707819988435586,pd_tse_fs_tra_448_p4_s2_DRB,10,MR,KNEE,,*tseR2d1rr9,MONOCHROME2,ee084a79-b22,,,Siemens Healthineers,MAGNETOM Vida,R,FFS,1.2.840.10008.1.2.1,640,640,11,,0.999843;-0.00830982;-0.0156246;0.00837647;0.999956;0.00420478,-155.34;-85.1328;-22.1759,0.2344;0.2344,3.0,3.6,1,16,12,11,0,1.0,0.0
train_series\1.2.826.0.1.3680043.8.498.83327574802189551711953505990029424266\1.2.826.0.1.3680043.8.498.10464140190114346503782934239255140934.dcm,1.2.826.0.1.3680043.8.498.10004945927472656027199792075652399585,1.2.826.0.1.3680043.8.498.83327574802189551711953505990029424266,1.2.826.0.1.3680043.8.498.10464140190114346503782934239255140934,pd_tse_fs_tra_448_p4_s2_DRB,10,MR,KNEE,,*tseR2d1rr9,MONOCHROME2,ee084a79-b22,,,Siemens Healthineers,MAGNETOM Vida,R,FFS,1.2.840.10008.1.2.1,640,640,20,,0.999843;-0.00830982;-0.0156246;0.00837647;0.999956;0.00420478,-155.845;-84.9923;-54.5716,0.2344;0.2344,3.0,3.6,1,16,12,11,0,1.0,0.0
train_series\1.2.826.0.1.3680043.8.498.83327574802189551711953505990029424266\1.2.826.0.1.3680043.8.498.11314091099120378982737345803818506640.dcm,1.2.826.0.1.3680043.8.498.10004945927472656027199792075652399585,1.2.826.0.1.3680043.8.498.83327574802189551711953505990029424266,1.2.826.0.1.3680043.8.498.11314091099120378982737345803818506640,pd_tse_fs_tra_448_p4_s2_DRB,10,MR,KNEE,,*tseR2d1rr9,MONOCHROME2,ee084a79-b22,,,Siemens Healthineers,MAGNETOM Vida,R,FFS,1.2.840.10008.1.2.1,640,640,7,,0.999843;-0.00830982;-0.0156246;0.00837647;0.999956;0.00420478,-155.116;-85.1952;-7.77776,0.2344;0.2344,3.0,3.6,1,16,12,11,0,1.0,0.0
train_series\1.2.826.0.1.3680043.8.498.83327574802189551711953505990029424266\1.2.826.0.1.3680043.8.498.11358098794992028752138212648686844540.dcm,1.2.826.0.1.3680043.8.498.10004945927472656027199792075652399585,1.2.826.0.1.3680043.8.498.83327574802189551711953505990029424266,1.2.826.0.1.3680043.8.498.11358098794992028752138212648686844540,pd_tse_fs_tra_448_p4_s2_DRB,10,MR,KNEE,,*tseR2d1rr9,MONOCHROME2,ee084a79-b22,,,Siemens Healthineers,MAGNETOM Vida,R,FFS,1.2.840.10008.1.2.1,640,640,35,,0.999843;-0.00830982;-0.0156246;0.00837647;0.999956;0.00420478,-156.687;-84.7582;-108.565,0.2344;0.2344,3.0,3.6,1,16,12,11,0,1.0,0.0
train_series\1.2.826.0.1.3680043.8.498.83327574802189551711953505990029424266\1.2.826.0.1.3680043.8.498.11541595332970362831452715878175084192.dcm,1.2.826.0.1.3680043.8.498.10004945927472656027199792075652399585,1.2.826.0.1.3680043.8.498.83327574802189551711953505990029424266,1.2.826.0.1.3680043.8.498.11541595332970362831452715878175084192,pd_tse_fs_tra_448_p4_s2_DRB,10,MR,KNEE,,*tseR2d1rr9,MONOCHROME2,ee084a79-b22,,,Siemens Healthineers,MAGNETOM Vida,R,FFS,1.2.840.10008.1.2.1,640,640,27,,0.999843;-0.00830982;-0.0156246;0.00837647;0.999956;0.00420478,-156.238;-84.8831;-79.7683,0.2344;0.2344,3.0,3.6,1,16,12,11,0,1.0,0.0
train_series\1.2.826.0.1.3680043.8.498.83327574802189551711953505990029424266\1.2.826.0.1.3680043.8.498.11727699988557625340743360452958656819.dcm,1.2.826.0.1.3680043.8.498.10004945927472656027199792075652399585,1.2.826.0.1.3680043.8.498.83327574802189551711953505990029424266,1.2.826.0.1.3680043.8.498.11727699988557625340743360452958656819,pd_tse_fs_tra_448_p4_s2_DRB,10,MR,KNEE,,*tseR2d1rr9,MONOCHROME2,ee084a79-b22,,,Siemens Healthineers,MAGNETOM Vida,R,FFS,1.2.840.10008.1.2.1,640,640,9,,0.999843;-0.00830982;-0.0156246;0.00837647;0.999956;0.00420478,-155.228;-85.164;-14.9768,0.2344;0.2344,3.0,3.6,1,16,12,11,0,1.0,0.0
train_series\1.2.826.0.1.3680043.8.498.83327574802189551711953505990029424266\1.2.826.0.1.3680043.8.498.12430348996335205787342007703744673791.dcm,1.2.826.0.1.3680043.8.498.10004945927472656027199792075652399585,1.2.826.0.1.3680043.8.498.83327574802189551711953505990029424266,1.2.826.0.1.3680043.8.498.12430348996335205787342007703744673791,pd_tse_fs_tra_448_p4_s2_DRB,10,MR,KNEE,,*tseR2d1rr9,MONOCHROME2,ee084a79-b22,,,Siemens Healthineers,MAGNETOM Vida,R,FFS,1.2.840.10008.1.2.1,640,640,10,,0.999843;-0.00830982;-0.0156246;0.00837647;0.999956;0.00420478,-155.284;-85.1484;-18.5763,0.2344;0.2344,3.0,3.6,1,16,12,11,0,1.0,0.0
train_series\1.2.826.0.1.3680043.8.498.83327574802189551711953505990029424266\1.2.826.0.1.3680043.8.498.12932254469116949461773110770967379934.dcm,1.2.826.0.1.3680043.8.498.10004945927472656027199792075652399585,1.2.826.0.1.3680043.8.498.83327574802189551711953505990029424266,1.2.826.0.1.3680043.8.498.12932254469116949461773110770967379934,pd_tse_fs_tra_448_p4_s2_DRB,10,MR,KNEE,,*tseR2d1rr9,MONOCHROME2,ee084a79-b22,,,Siemens Healthineers,MAGNETOM Vida,R,FFS,1.2.840.10008.1.2.1,640,640,1,,0.999843;-0.00830982;-0.0156246;0.00837647;0.999956;0.00420478,-154.779;-85.2888;13.8194,0.2344;0.2344,3.0,3.6,1,16,12,11,0,1.0,0.0
train_series\1.2.826.0.1.3680043.8.498.83327574802189551711953505990029424266\1.2.826.0.1.3680043.8.498.12999386059057129042568343127231308041.dcm,1.2.826.0.1.3680043.8.498.10004945927472656027199792075652399585,1.2.826.0.1.3680043.8.498.83327574802189551711953505990029424266,1.2.826.0.1.3680043.8.498.12999386059057129042568343127231308041,pd_tse_fs_tra_448_p4_s2_DRB,10,MR,KNEE,,*tseR2d1rr9,MONOCHROME2,ee084a79-b22,,,Siemens Healthineers,MAGNETOM Vida,R,FFS,1.2.840.10008.1.2.1,640,640,5,,0.999843;-0.00830982;-0.0156246;0.00837647;0.999956;0.00420478,-155.003;-85.2264;-0.578708,0.2344;0.2344,3.0,3.6,1,16,12,11,0,1.0,0.0
train_series\1.2.826.0.1.3680043.8.498.83327574802189551711953505990029424266\1.2.826.0.1.3680043.8.498.13128306645958546176159606737173872008.dcm,1.2.826.0.1.3680043.8.498.10004945927472656027199792075652399585,1.2.826.0.1.3680043.8.498.83327574802189551711953505990029424266,1.2.826.0.1.3680043.8.498.13128306645958546176159606737173872008,pd_tse_fs_tra_448_p4_s2_DRB,10,MR,KNEE,,*tseR2d1rr9,MONOCHROME2,ee084a79-b22,,,Siemens Healthineers,MAGNETOM Vida,R,FFS,1.2.840.10008.1.2.1,640,640,17,,0.999843;-0.00830982;-0.0156246;0.00837647;0.999956;0.00420478,-155.677;-85.0391;-43.7731,0.2344;0.2344,3.0,3.6,1,16,12,11,0,1.0,0.0
train_series\1.2.826.0.1.3680043.8.498.83327574802189551711953505990029424266\1.2.826.0.1.3680043.8.498.13409377888831678304714096570384759758.dcm,1.2.826.0.1.3680043.8.498.10004945927472656027199792075652399585,1.2.826.0.1.3680043.8.498.83327574802189551711953505990029424266,1.2.826.0.1.3680043.8.498.13409377888831678304714096570384759758,pd_tse_fs_tra_448_p4_s2_DRB,10,MR,KNEE,,*tseR2d1rr9,MONOCHROME2,ee084a79-b22,,,Siemens Healthineers,MAGNETOM Vida,R,FFS,1.2.840.10008.1.2.1,640,640,33,,0.999843;-0.00830982;-0.0156246;0.00837647;0.999956;0.00420478,-156.575;-84.7895;-101.366,0.2344;0.2344,3.0,3.6,1,16,12,11,0,1.0,0.0
train_series\1.2.826.0.1.3680043.8.498.83327574802189551711953505990029424266\1.2.826.0.1.3680043.8.498.13986583456381913152882424429102341452.dcm,1.2.826.0.1.3680043.8.498.10004945927472656027199792075652399585,1.2.826.0.1.3680043.8.498.83327574802189551711953505990029424266,1.2.826.0.1.3680043.8.498.13986583456381913152882424429102341452,pd_tse_fs_tra_448_p4_s2_DRB,10,MR,KNEE,,*tseR2d1rr9,MONOCHROME2,ee084a79-b22,,,Siemens Healthineers,MAGNETOM Vida,R,FFS,1.2.840.10008.1.2.1,640,640,14,,0.999843;-0.00830982;-0.0156246;0.00837647;0.999956;0.00420478,-155.508;-85.086;-32.9745,0.2344;0.2344,3.0,3.6,1,16,12,11,0,1.0,0.0
train_series\1.2.826.0.1.3680043.8.498.83327574802189551711953505990029424266\1.2.826.0.1.3680043.8.498.19476578509882191481623626158100256438.dcm,1.2.826.0.1.3680043.8.498.10004945927472656027199792075652399585,1.2.826.0.1.3680043.8.498.83327574802189551711953505990029424266,1.2.826.0.1.3680043.8.498.19476578509882191481623626158100256438,pd_tse_fs_tra_448_p4_s2_DRB,10,MR,KNEE,,*tseR2d1rr9,MONOCHROME2,ee084a79-b22,,,Siemens Healthineers,MAGNETOM Vida,R,FFS,1.2.840.10008.1.2.1,640,640,12,,0.999843;-0.00830982;-0.0156246;0.00837647;0.999956;0.00420478,-155.396;-85.1172;-25.7754,0.2344;0.2344,3.0,3.6,1,16,12,11,0,1.0,0.0
train_series\1.2.826.0.1.3680043.8.498.83327574802189551711953505990029424266\1.2.826.0.1.3680043.8.498.24275886275464803269161410403084806344.dcm,1.2.826.0.1.3680043.8.498.10004945927472656027199792075652399585,1.2.826.0.1.3680043.8.498.83327574802189551711953505990029424266,1.2.826.0.1.3680043.8.498.24275886275464803269161410403084806344,pd_tse_fs_tra_448_p4_s2_DRB,10,MR,KNEE,,*tseR2d1rr9,MONOCHROME2,ee084a79-b22,,,Siemens Healthineers,MAGNETOM Vida,R,FFS,1.2.840.10008.1.2.1,640,640,31,,0.999843;-0.00830982;-0.0156246;0.00837647;0.999956;0.00420478,-156.462;-84.8207;-94.1664,0.2344;0.2344,3.0,3.6,1,16,12,11,0,1.0,0.0
train_series\1.2.826.0.1.3680043.8.498.83327574802189551711953505990029424266\1.2.826.0.1.3680043.8.498.25474407477995852386322339621970991600.dcm,1.2.826.0.1.3680043.8.498.10004945927472656027199792075652399585,1.2.826.0.1.3680043.8.498.83327574802189551711953505990029424266,1.2.826.0.1.3680043.8.498.25474407477995852386322339621970991600,pd_tse_fs_tra_448_p4_s2_DRB,10,MR,KNEE,,*tseR2d1rr9,MONOCHROME2,ee084a79-b22,,,Siemens Healthineers,MAGNETOM Vida,R,FFS,1.2.840.10008.1.2.1,640,640,2,,0.999843;-0.00830982;-0.0156246;0.00837647;0.999956;0.00420478,-154.835;-85.2732;10.2199,0.2344;0.2344,3.0,3.6,1,16,12,11,0,1.0,0.0
train_series\1.2.826.0.1.3680043.8.498.83327574802189551711953505990029424266\1.2.826.0.1.3680043.8.498.27261187463436545744060032100683397325.dcm,1.2.826.0.1.3680043.8.498.10004945927472656027199792075652399585,1.2.826.0.1.3680043.8.498.83327574802189551711953505990029424266,1.2.826.0.1.3680043.8.498.27261187463436545744060032100683397325,pd_tse_fs_tra_448_p4_s2_DRB,10,MR,KNEE,,*tseR2d1rr9,MONOCHROME2,ee084a79-b22,,,Siemens Healthineers,MAGNETOM Vida,R,FFS,1.2.840.10008.1.2.1,640,640,29,,0.999843;-0.00830982;-0.0156246;0.00837647;0.999956;0.00420478,-156.35;-84.8519;-86.9674,0.2344;0.2344,3.0,3.6,1,16,12,11,0,1.0,0.0
train_series\1.2.826.0.1.3680043.8.498.83327574802189551711953505990029424266\1.2.826.0.1.3680043.8.498.29117594348564866461619099009030187795.dcm,1.2.826.0.1.3680043.8.498.10004945927472656027199792075652399585,1.2.826.0.1.3680043.8.498.83327574802189551711953505990029424266,1.2.826.0.1.3680043.8.498.29117594348564866461619099009030187795,pd_tse_fs_tra_448_p4_s2_DRB,10,MR,KNEE,,*tseR2d1rr9,MONOCHROME2,ee084a79-b22,,,Siemens Healthineers,MAGNETOM Vida,R,FFS,1.2.840.10008.1.2.1,640,640,18,,0.999843;-0.00830982;-0.0156246;0.00837647;0.999956;0.00420478,-155.733;-85.0235;-47.3726,0.2344;0.2344,3.0,3.6,1,16,12,11,0,1.0,0.0
train_series\1.2.826.0.1.3680043.8.498.83327574802189551711953505990029424266\1.2.826.0.1.3680043.8.498.32157737210451060673594268057033798142.dcm,1.2.826.0.1.3680043.8.498.10004945927472656027199792075652399585,1.2.826.0.1.3680043.8.498.83327574802189551711953505990029424266,1.2.826.0.1.3680043.8.498.32157737210451060673594268057033798142,pd_tse_fs_tra_448_p4_s2_DRB,10,MR,KNEE,,*tseR2d1rr9,MONOCHROME2,ee084a79-b22,,,Siemens Healthineers,MAGNETOM Vida,R,FFS,1.2.840.10008.1.2.1,640,640,32,,0.999843;-0.00830982;-0.0156246;0.00837647;0.999956;0.00420478,-156.519;-84.8051;-97.766,0.2344;0.2344,3.0,3.6,1,16,12,11,0,1.0,0.0
train_series\1.2.826.0.1.3680043.8.498.83327574802189551711953505990029424266\1.2.826.0.1.3680043.8.498.35420089684421240453041240162577358840.dcm,1.2.826.0.1.3680043.8.498.10004945927472656027199792075652399585,1.2.826.0.1.3680043.8.498.83327574802189551711953505990029424266,1.2.826.0.1.3680043.8.498.35420089684421240453041240162577358840,pd_tse_fs_tra_448_p4_s2_DRB,10,MR,KNEE,,*tseR2d1rr9,MONOCHROME2,ee084a79-b22,,,Siemens Healthineers,MAGNETOM Vida,R,FFS,1.2.840.10008.1.2.1,640,640,36,,0.999843;-0.00830982;-0.0156246;0.00837647;0.999956;0.00420478,-156.743;-84.7426;-112.164,0.2344;0.2344,3.0,3.6,1,16,12,11,0,1.0,0.0
train_series\1.2.826.0.1.3680043.8.498.83327574802189551711953505990029424266\1.2.826.0.1.3680043.8.498.37639092251843966166025010334304275720.dcm,1.2.826.0.1.3680043.8.498.10004945927472656027199792075652399585,1.2.826.0.1.3680043.8.498.83327574802189551711953505990029424266,1.2.826.0.1.3680043.8.498.37639092251843966166025010334304275720,pd_tse_fs_tra_448_p4_s2_DRB,10,MR,KNEE,,*tseR2d1rr9,MONOCHROME2,ee084a79-b22,,,Siemens Healthineers,MAGNETOM Vida,R,FFS,1.2.840.10008.1.2.1,640,640,34,,0.999843;-0.00830982;-0.0156246;0.00837647;0.999956;0.00420478,-156.631;-84.7738;-104.965,0.2344;0.2344,3.0,3.6,1,16,12,11,0,1.0,0.0
train_series\1.2.826.0.1.3680043.8.498.83327574802189551711953505990029424266\1.2.826.0.1.3680043.8.498.39968161413100764413062710920105935641.dcm,1.2.826.0.1.3680043.8.498.10004945927472656027199792075652399585,1.2.826.0.1.3680043.8.498.83327574802189551711953505990029424266,1.2.826.0.1.3680043.8.498.39968161413100764413062710920105935641,pd_tse_fs_tra_448_p4_s2_DRB,10,MR,KNEE,,*tseR2d1rr9,MONOCHROME2,ee084a79-b22,,,Siemens Healthineers,MAGNETOM Vida,R,FFS,1.2.840.10008.1.2.1,640,640,30,,0.999843;-0.00830982;-0.0156246;0.00837647;0.999956;0.00420478,-156.406;-84.8363;-90.5669,0.2344;0.2344,3.0,3.6,1,16,12,11,0,1.0,0.0
train_series\1.2.826.0.1.3680043.8.498.83327574802189551711953505990029424266\1.2.826.0.1.3680043.8.498.41311397150066875110543848792360842147.dcm,1.2.826.0.1.3680043.8.498.10004945927472656027199792075652399585,1.2.826.0.1.3680043.8.498.83327574802189551711953505990029424266,1.2.826.0.1.3680043.8.498.41311397150066875110543848792360842147,pd_tse_fs_tra_448_p4_s2_DRB,10,MR,KNEE,,*tseR2d1rr9,MONOCHROME2,ee084a79-b22,,,Siemens Healthineers,MAGNETOM Vida,R,FFS,1.2.840.10008.1.2.1,640,640,25,,0.999843;-0.00830982;-0.0156246;0.00837647;0.999956;0.00420478,-156.126;-84.9143;-72.5693,0.2344;0.2344,3.0,3.6,1,16,12,11,0,1.0,0.0
train_series\1.2.826.0.1.3680043.8.498.83327574802189551711953505990029424266\1.2.826.0.1.3680043.8.498.43241237768796479837018249549870588497.dcm,1.2.826.0.1.3680043.8.498.10004945927472656027199792075652399585,1.2.826.0.1.3680043.8.498.83327574802189551711953505990029424266,1.2.826.0.1.3680043.8.498.43241237768796479837018249549870588497,pd_tse_fs_tra_448_p4_s2_DRB,10,MR,KNEE,,*tseR2d1rr9,MONOCHROME2,ee084a79-b22,,,Siemens Healthineers,MAGNETOM Vida,R,FFS,1.2.840.10008.1.2.1,640,640,6,,0.999843;-0.00830982;-0.0156246;0.00837647;0.999956;0.00420478,-155.059;-85.2108;-4.17824,0.2344;0.2344,3.0,3.6,1,16,12,11,0,1.0,0.0
train_series\1.2.826.0.1.3680043.8.498.83327574802189551711953505990029424266\1.2.826.0.1.3680043.8.498.46228205301838960177425340726063747131.dcm,1.2.826.0.1.3680043.8.498.10004945927472656027199792075652399585,1.2.826.0.1.3680043.8.498.83327574802189551711953505990029424266,1.2.826.0.1.3680043.8.498.46228205301838960177425340726063747131,pd_tse_fs_tra_448_p4_s2_DRB,10,MR,KNEE,,*tseR2d1rr9,MONOCHROME2,ee084a79-b22,,,Siemens Healthineers,MAGNETOM Vida,R,FFS,1.2.840.10008.1.2.1,640,640,16,,0.999843;-0.00830982;-0.0156246;0.00837647;0.999956;0.00420478,-155.621;-85.0548;-40.1735,0.2344;0.2344,3.0,3.6,1,16,12,11,0,1.0,0.0
train_series\1.2.826.0.1.3680043.8.498.83327574802189551711953505990029424266\1.2.826.0.1.3680043.8.498.47218332041903722793870114788752338459.dcm,1.2.826.0.1.3680043.8.498.10004945927472656027199792075652399585,1.2.826.0.1.3680043.8.498.83327574802189551711953505990029424266,1.2.826.0.1.3680043.8.498.47218332041903722793870114788752338459,pd_tse_fs_tra_448_p4_s2_DRB,10,MR,KNEE,,*tseR2d1rr9,MONOCHROME2,ee084a79-b22,,,Siemens Healthineers,MAGNETOM Vida,R,FFS,1.2.840.10008.1.2.1,640,640,15,,0.999843;-0.00830982;-0.0156246;0.00837647;0.999956;0.00420478,-155.564;-85.0704;-36.574,0.2344;0.2344,3.0,3.6,1,16,12,11,0,1.0,0.0
train_series\1.2.826.0.1.3680043.8.498.83327574802189551711953505990029424266\1.2.826.0.1.3680043.8.498.49087084901812842601191721921773481846.dcm,1.2.826.0.1.3680043.8.498.10004945927472656027199792075652399585,1.2.826.0.1.3680043.8.498.83327574802189551711953505990029424266,1.2.826.0.1.3680043.8.498.49087084901812842601191721921773481846,pd_tse_fs_tra_448_p4_s2_DRB,10,MR,KNEE,,*tseR2d1rr9,MONOCHROME2,ee084a79-b22,,,Siemens Healthineers,MAGNETOM Vida,R,FFS,1.2.840.10008.1.2.1,640,640,3,,0.999843;-0.00830982;-0.0156246;0.00837647;0.999956;0.00420478,-154.891;-85.2576;6.62035,0.2344;0.2344,3.0,3.6,1,16,12,11,0,1.0,0.0
train_series\1.2.826.0.1.3680043.8.498.83327574802189551711953505990029424266\1.2.826.0.1.3680043.8.498.51439929827178712105757230277439936288.dcm,1.2.826.0.1.3680043.8.498.10004945927472656027199792075652399585,1.2.826.0.1.3680043.8.498.83327574802189551711953505990029424266,1.2.826.0.1.3680043.8.498.51439929827178712105757230277439936288,pd_tse_fs_tra_448_p4_s2_DRB,10,MR,KNEE,,*tseR2d1rr9,MONOCHROME2,ee084a79-b22,,,Siemens Healthineers,MAGNETOM Vida,R,FFS,1.2.840.10008.1.2.1,640,640,22,,0.999843;-0.00830982;-0.0156246;0.00837647;0.999956;0.00420478,-155.957;-84.9611;-61.7707,0.2344;0.2344,3.0,3.6,1,16,12,11,0,1.0,0.0
train_series\1.2.826.0.1.3680043.8.498.83327574802189551711953505990029424266\1.2.826.0.1.3680043.8.498.52533078186188001719372121375577370642.dcm,1.2.826.0.1.3680043.8.498.10004945927472656027199792075652399585,1.2.826.0.1.3680043.8.498.83327574802189551711953505990029424266,1.2.826.0.1.3680043.8.498.52533078186188001719372121375577370642,pd_tse_fs_tra_448_p4_s2_DRB,10,MR,KNEE,,*tseR2d1rr9,MONOCHROME2,ee084a79-b22,,,Siemens Healthineers,MAGNETOM Vida,R,FFS,1.2.840.10008.1.2.1,640,640,37,,0.999843;-0.00830982;-0.0156246;0.00837647;0.999956;0.00420478,-156.799;-84.727;-115.764,0.2344;0.2344,3.0,3.6,1,16,12,11,0,1.0,0.0
train_series\1.2.826.0.1.3680043.8.498.83327574802189551711953505990029424266\1.2.826.0.1.3680043.8.498.54847402113712003119823623364447092409.dcm,1.2.826.0.1.3680043.8.498.10004945927472656027199792075652399585,1.2.826.0.1.3680043.8.498.83327574802189551711953505990029424266,1.2.826.0.1.3680043.8.498.54847402113712003119823623364447092409,pd_tse_fs_tra_448_p4_s2_DRB,10,MR,KNEE,,*tseR2d1rr9,MONOCHROME2,ee084a79-b22,,,Siemens Healthineers,MAGNETOM Vida,R,FFS,1.2.840.10008.1.2.1,640,640,26,,0.999843;-0.00830982;-0.0156246;0.00837647;0.999956;0.00420478,-156.182;-84.8987;-76.1688,0.2344;0.2344,3.0,3.6,1,16,12,11,0,1.0,0.0
train_series\1.2.826.0.1.3680043.8.498.83327574802189551711953505990029424266\1.2.826.0.1.3680043.8.498.57325030798778032212909250611899182658.dcm,1.2.826.0.1.3680043.8.498.10004945927472656027199792075652399585,1.2.826.0.1.3680043.8.498.83327574802189551711953505990029424266,1.2.826.0.1.3680043.8.498.57325030798778032212909250611899182658,pd_tse_fs_tra_448_p4_s2_DRB,10,MR,KNEE,,*tseR2d1rr9,MONOCHROME2,ee084a79-b22,,,Siemens Healthineers,MAGNETOM Vida,R,FFS,1.2.840.10008.1.2.1,640,640,13,,0.999843;-0.00830982;-0.0156246;0.00837647;0.999956;0.00420478,-155.452;-85.1016;-29.3749,0.2344;0.2344,3.0,3.6,1,16,12,11,0,1.0,0.0
train_series\1.2.826.0.1.3680043.8.498.83327574802189551711953505990029424266\1.2.826.0.1.3680043.8.498.67097644760870284664530695370610705910.dcm,1.2.826.0.1.3680043.8.498.10004945927472656027199792075652399585,1.2.826.0.1.3680043.8.498.83327574802189551711953505990029424266,1.2.826.0.1.3680043.8.498.67097644760870284664530695370610705910,pd_tse_fs_tra_448_p4_s2_DRB,10,MR,KNEE,,*tseR2d1rr9,MONOCHROME2,ee084a79-b22,,,Siemens Healthineers,MAGNETOM Vida,R,FFS,1.2.840.10008.1.2.1,640,640,4,,0.999843;-0.00830982;-0.0156246;0.00837647;0.999956;0.00420478,-154.947;-85.242;3.02082,0.2344;0.2344,3.0,3.6,1,16,12,11,0,1.0,0.0
train_series\1.2.826.0.1.3680043.8.498.83327574802189551711953505990029424266\1.2.826.0.1.3680043.8.498.70322784181641281939850955043524890461.dcm,1.2.826.0.1.3680043.8.498.10004945927472656027199792075652399585,1.2.826.0.1.3680043.8.498.83327574802189551711953505990029424266,1.2.826.0.1.3680043.8.498.70322784181641281939850955043524890461,pd_tse_fs_tra_448_p4_s2_DRB,10,MR,KNEE,,*tseR2d1rr9,MONOCHROME2,ee084a79-b22,,,Siemens Healthineers,MAGNETOM Vida,R,FFS,1.2.840.10008.1.2.1,640,640,24,,0.999843;-0.00830982;-0.0156246;0.00837647;0.999956;0.00420478,-156.07;-84.9299;-68.9697,0.2344;0.2344,3.0,3.6,1,16,12,11,0,1.0,0.0
train_series\1.2.826.0.1.3680043.8.498.83327574802189551711953505990029424266\1.2.826.0.1.3680043.8.498.79721130209159753311935658832150628483.dcm,1.2.826.0.1.3680043.8.498.10004945927472656027199792075652399585,1.2.826.0.1.3680043.8.498.83327574802189551711953505990029424266,1.2.826.0.1.3680043.8.498.79721130209159753311935658832150628483,pd_tse_fs_tra_448_p4_s2_DRB,10,MR,KNEE,,*tseR2d1rr9,MONOCHROME2,ee084a79-b22,,,Siemens Healthineers,MAGNETOM Vida,R,FFS,1.2.840.10008.1.2.1,640,640,21,,0.999843;-0.00830982;-0.0156246;0.00837647;0.999956;0.00420478,-155.901;-84.9767;-58.1712,0.2344;0.2344,3.0,3.6,1,16,12,11,0,1.0,0.0
train_series\1.2.826.0.1.3680043.8.498.83327574802189551711953505990029424266\1.2.826.0.1.3680043.8.498.81657768193188229062904016766889461252.dcm,1.2.826.0.1.3680043.8.498.10004945927472656027199792075652399585,1.2.826.0.1.3680043.8.498.83327574802189551711953505990029424266,1.2.826.0.1.3680043.8.498.81657768193188229062904016766889461252,pd_tse_fs_tra_448_p4_s2_DRB,10,MR,KNEE,,*tseR2d1rr9,MONOCHROME2,ee084a79-b22,,,Siemens Healthineers,MAGNETOM Vida,R,FFS,1.2.840.10008.1.2.1,640,640,23,,0.999843;-0.00830982;-0.0156246;0.00837647;0.999956;0.00420478,-156.013;-84.9455;-65.3702,0.2344;0.2344,3.0,3.6,1,16,12,11,0,1.0,0.0
train_series\1.2.826.0.1.3680043.8.498.83327574802189551711953505990029424266\1.2.826.0.1.3680043.8.498.82845530933608366172773660750985247065.dcm,1.2.826.0.1.3680043.8.498.10004945927472656027199792075652399585,1.2.826.0.1.3680043.8.498.83327574802189551711953505990029424266,1.2.826.0.1.3680043.8.498.82845530933608366172773660750985247065,pd_tse_fs_tra_448_p4_s2_DRB,10,MR,KNEE,,*tseR2d1rr9,MONOCHROME2,ee084a79-b22,,,Siemens Healthineers,MAGNETOM Vida,R,FFS,1.2.840.10008.1.2.1,640,640,8,,0.999843;-0.00830982;-0.0156246;0.00837647;0.999956;0.00420478,-155.172;-85.1796;-11.3773,0.2344;0.2344,3.0,3.6,1,16,12,11,0,1.0,0.0
train_series\1.2.826.0.1.3680043.8.498.83327574802189551711953505990029424266\1.2.826.0.1.3680043.8.498.94275758467485573531808026662681718225.dcm,1.2.826.0.1.3680043.8.498.10004945927472656027199792075652399585,1.2.826.0.1.3680043.8.498.83327574802189551711953505990029424266,1.2.826.0.1.3680043.8.498.94275758467485573531808026662681718225,pd_tse_fs_tra_448_p4_s2_DRB,10,MR,KNEE,,*tseR2d1rr9,MONOCHROME2,ee084a79-b22,,,Siemens Healthineers,MAGNETOM Vida,R,FFS,1.2.840.10008.1.2.1,640,640,19,,0.999843;-0.00830982;-0.0156246;0.00837647;0.999956;0.00420478,-155.789;-85.0079;-50.9721,0.2344;0.2344,3.0,3.6,1,16,12,11,0,1.0,0.0
train_series\1.2.826.0.1.3680043.8.498.83327574802189551711953505990029424266\1.2.826.0.1.3680043.8.498.96549088811132641963664988416923695641.dcm,1.2.826.0.1.3680043.8.498.10004945927472656027199792075652399585,1.2.826.0.1.3680043.8.498.83327574802189551711953505990029424266,1.2.826.0.1.3680043.8.498.96549088811132641963664988416923695641,pd_tse_fs_tra_448_p4_s2_DRB,10,MR,KNEE,,*tseR2d1rr9,MONOCHROME2,ee084a79-b22,,,Siemens Healthineers,MAGNETOM Vida,R,FFS,1.2.840.10008.1.2.1,640,640,28,,0.999843;-0.00830982;-0.0156246;0.00837647;0.999956;0.00420478,-156.294;-84.8675;-83.3679,0.2344;0.2344,3.0,3.6,1,16,12,11,0,1.0,0.0
train_series\1.2.826.0.1.3680043.8.498.83327574802189551711953505990029424266\1.2.826.0.1.3680043.8.498.99990569033005106259656406160783761872.dcm,1.2.826.0.1.3680043.8.498.10004945927472656027199792075652399585,1.2.826.0.1.3680043.8.498.83327574802189551711953505990029424266,1.2.826.0.1.3680043.8.498.99990569033005106259656406160783761872,pd_tse_fs_tra_448_p4_s2_DRB,10,MR,KNEE,,*tseR2d1rr9,MONOCHROME2,ee084a79-b22,,,Siemens Healthineers,MAGNETOM Vida,R,FFS,1.2.840.10008.1.2.1,640,640,38,,0.999843;-0.00830982;-0.0156246;0.00837647;0.999956;0.00420478,-156.855;-84.7114;-119.363,0.2344;0.2344,3.0,3.6,1,16,12,11,0,1.0,0.0
train_series\1.2.826.0.1.3680043.8.498.87374594163896635184044513927478147680\1.2.826.0.1.3680043.8.498.10397926371375110515251651197531931104.dcm,1.2.826.0.1.3680043.8.498.10004945927472656027199792075652399585,1.2.826.0.1.3680043.8.498.87374594163896635184044513927478147680,1.2.826.0.1.3680043.8.498.10397926371375110515251651197531931104,t1_tse_cor_s2p2_448_DRB,12,MR,KNEE,,*tse2d1_3,MONOCHROME2,ee084a79-b22,,,Siemens Healthineers,MAGNETOM Vida,R,FFS,1.2.840.10008.1.2.1,640,540,12,,0.999541;-0.000289172;-0.0302993;-0.0300255;0.124995;-0.991703,-144.507;-41.1561;21.9032,0.25;0.25,3.0,3.6,1,16,12,11,0,1.0,0.0
train_series\1.2.826.0.1.3680043.8.498.87374594163896635184044513927478147680\1.2.826.0.1.3680043.8.498.10555039379571607315962612945251480042.dcm,1.2.826.0.1.3680043.8.498.10004945927472656027199792075652399585,1.2.826.0.1.3680043.8.498.87374594163896635184044513927478147680,1.2.826.0.1.3680043.8.498.10555039379571607315962612945251480042,t1_tse_cor_s2p2_448_DRB,12,MR,KNEE,,*tse2d1_3,MONOCHROME2,ee084a79-b22,,,Siemens Healthineers,MAGNETOM Vida,R,FFS,1.2.840.10008.1.2.1,640,540,11,,0.999541;-0.000289172;-0.0302993;-0.0300255;0.124995;-0.991703,-144.521;-44.7279;21.4535,0.25;0.25,3.0,3.6,1,16,12,11,0,1.0,0.0
train_series\1.2.826.0.1.3680043.8.498.87374594163896635184044513927478147680\1.2.826.0.1.3680043.8.498.10613040900775015278134225592664376588.dcm,1.2.826.0.1.3680043.8.498.10004945927472656027199792075652399585,1.2.826.0.1.3680043.8.498.87374594163896635184044513927478147680,1.2.826.0.1.3680043.8.498.10613040900775015278134225592664376588,t1_tse_cor_s2p2_448_DRB,12,MR,KNEE,,*tse2d1_3,MONOCHROME2,ee084a79-b22,,,Siemens Healthineers,MAGNETOM Vida,R,FFS,1.2.840.10008.1.2.1,640,540,6,,0.999541;-0.000289172;-0.0302993;-0.0300255;0.124995;-0.991703,-144.595;-62.5867;19.2048,0.25;0.25,3.0,3.6,1,16,12,11,0,1.0,0.0
train_series\1.2.826.0.1.3680043.8.498.87374594163896635184044513927478147680\1.2.826.0.1.3680043.8.498.11089717105024185751824772023028292911.dcm,1.2.826.0.1.3680043.8.498.10004945927472656027199792075652399585,1.2.826.0.1.3680043.8.498.87374594163896635184044513927478147680,1.2.826.0.1.3680043.8.498.11089717105024185751824772023028292911,t1_tse_cor_s2p2_448_DRB,12,MR,KNEE,,*tse2d1_3,MONOCHROME2,ee084a79-b22,,,Siemens Healthineers,MAGNETOM Vida,R,FFS,1.2.840.10008.1.2.1,640,540,28,,0.999541;-0.000289172;-0.0302993;-0.0300255;0.124995;-0.991703,-144.272;15.9921;29.0991,0.25;0.25,3.0,3.6,1,16,12,11,0,1.0,0.0
train_series\1.2.826.0.1.3680043.8.498.87374594163896635184044513927478147680\1.2.826.0.1.3680043.8.498.11429701724410597354983828418173126487.dcm,1.2.826.0.1.3680043.8.498.10004945927472656027199792075652399585,1.2.826.0.1.3680043.8.498.87374594163896635184044513927478147680,1.2.826.0.1.3680043.8.498.11429701724410597354983828418173126487,t1_tse_cor_s2p2_448_DRB,12,MR,KNEE,,*tse2d1_3,MONOCHROME2,ee084a79-b22,,,Siemens Healthineers,MAGNETOM Vida,R,FFS,1.2.840.10008.1.2.1,640,540,20,,0.999541;-0.000289172;-0.0302993;-0.0300255;0.124995;-0.991703,-144.389;-12.582;25.5011,0.25;0.25,3.0,3.6,1,16,12,11,0,1.0,0.0
train_series\1.2.826.0.1.3680043.8.498.87374594163896635184044513927478147680\1.2.826.0.1.3680043.8.498.11594086096082350785873533710911834853.dcm,1.2.826.0.1.3680043.8.498.10004945927472656027199792075652399585,1.2.826.0.1.3680043.8.498.87374594163896635184044513927478147680,1.2.826.0.1.3680043.8.498.11594086096082350785873533710911834853,t1_tse_cor_s2p2_448_DRB,12,MR,KNEE,,*tse2d1_3,MONOCHROME2,ee084a79-b22,,,Siemens Healthineers,MAGNETOM Vida,R,FFS,1.2.840.10008.1.2.1,640,540,9,,0.999541;-0.000289172;-0.0302993;-0.0300255;0.124995;-0.991703,-144.551;-51.8714;20.554,0.25;0.25,3.0,3.6,1,16,12,11,0,1.0,0.0
train_series\1.2.826.0.1.3680043.8.498.87374594163896635184044513927478147680\1.2.826.0.1.3680043.8.498.11600501105298123516942850440887591144.dcm,1.2.826.0.1.3680043.8.498.10004945927472656027199792075652399585,1.2.826.0.1.3680043.8.498.87374594163896635184044513927478147680,1.2.826.0.1.3680043.8.498.11600501105298123516942850440887591144,t1_tse_cor_s2p2_448_DRB,12,MR,KNEE,,*tse2d1_3,MONOCHROME2,ee084a79-b22,,,Siemens Healthineers,MAGNETOM Vida,R,FFS,1.2.840.10008.1.2.1,640,540,7,,0.999541;-0.000289172;-0.0302993;-0.0300255;0.124995;-0.991703,-144.58;-59.0149;19.6545,0.25;0.25,3.0,3.6,1,16,12,11,0,1.0,0.0
train_series\1.2.826.0.1.3680043.8.498.87374594163896635184044513927478147680\1.2.826.0.1.3680043.8.498.11834354006674884522717180743269702851.dcm,1.2.826.0.1.3680043.8.498.10004945927472656027199792075652399585,1.2.826.0.1.3680043.8.498.87374594163896635184044513927478147680,1.2.826.0.1.3680043.8.498.11834354006674884522717180743269702851,t1_tse_cor_s2p2_448_DRB,12,MR,KNEE,,*tse2d1_3,MONOCHROME2,ee084a79-b22,,,Siemens Healthineers,MAGNETOM Vida,R,FFS,1.2.840.10008.1.2.1,640,540,16,,0.999541;-0.000289172;-0.0302993;-0.0300255;0.124995;-0.991703,-144.448;-26.869;23.7022,0.25;0.25,3.0,3.6,1,16,12,11,0,1.0,0.0
train_series\1.2.826.0.1.3680043.8.498.87374594163896635184044513927478147680\1.2.826.0.1.3680043.8.498.12578759175022769312438796174691877687.dcm,1.2.826.0.1.3680043.8.498.10004945927472656027199792075652399585,1.2.826.0.1.3680043.8.498.87374594163896635184044513927478147680,1.2.826.0.1.3680043.8.498.12578759175022769312438796174691877687,t1_tse_cor_s2p2_448_DRB,12,MR,KNEE,,*tse2d1_3,MONOCHROME2,ee084a79-b22,,,Siemens Healthineers,MAGNETOM Vida,R,FFS,1.2.840.10008.1.2.1,640,540,24,,0.999541;-0.000289172;-0.0302993;-0.0300255;0.124995;-0.991703,-144.331;1.70508;27.3001,0.25;0.25,3.0,3.6,1,16,12,11,0,1.0,0.0
train_series\1.2.826.0.1.3680043.8.498.87374594163896635184044513927478147680\1.2.826.0.1.3680043.8.498.12854504339655121572078816529570366895.dcm,1.2.826.0.1.3680043.8.498.10004945927472656027199792075652399585,1.2.826.0.1.3680043.8.498.87374594163896635184044513927478147680,1.2.826.0.1.3680043.8.498.12854504339655121572078816529570366895,t1_tse_cor_s2p2_448_DRB,12,MR,KNEE,,*tse2d1_3,MONOCHROME2,ee084a79-b22,,,Siemens Healthineers,MAGNETOM Vida,R,FFS,1.2.840.10008.1.2.1,640,540,27,,0.999541;-0.000289172;-0.0302993;-0.0300255;0.124995;-0.991703,-144.287;12.4204;28.6493,0.25;0.25,3.0,3.6,1,16,12,11,0,1.0,0.0
train_series\1.2.826.0.1.3680043.8.498.87374594163896635184044513927478147680\1.2.826.0.1.3680043.8.498.12981149278977406926035770822103658738.dcm,1.2.826.0.1.3680043.8.498.10004945927472656027199792075652399585,1.2.826.0.1.3680043.8.498.87374594163896635184044513927478147680,1.2.826.0.1.3680043.8.498.12981149278977406926035770822103658738,t1_tse_cor_s2p2_448_DRB,12,MR,KNEE,,*tse2d1_3,MONOCHROME2,ee084a79-b22,,,Siemens Healthineers,MAGNETOM Vida,R,FFS,1.2.840.10008.1.2.1,640,540,3,,0.999541;-0.000289172;-0.0302993;-0.0300255;0.124995;-0.991703,-144.639;-73.302;17.8556,0.25;0.25,3.0,3.6,1,16,12,11,0,1.0,0.0
train_series\1.2.826.0.1.3680043.8.498.87374594163896635184044513927478147680\1.2.826.0.1.3680043.8.498.13381812627485925656246420264334772369.dcm,1.2.826.0.1.3680043.8.498.10004945927472656027199792075652399585,1.2.826.0.1.3680043.8.498.87374594163896635184044513927478147680,1.2.826.0.1.3680043.8.498.13381812627485925656246420264334772369,t1_tse_cor_s2p2_448_DRB,12,MR,KNEE,,*tse2d1_3,MONOCHROME2,ee084a79-b22,,,Siemens Healthineers,MAGNETOM Vida,R,FFS,1.2.840.10008.1.2.1,640,540,2,,0.999541;-0.000289172;-0.0302993;-0.0300255;0.124995;-0.991703,-144.653;-76.8738;17.4058,0.25;0.25,3.0,3.6,1,16,12,11,0,1.0,0.0
train_series\1.2.826.0.1.3680043.8.498.87374594163896635184044513927478147680\1.2.826.0.1.3680043.8.498.18144979958550700715121403800114194209.dcm,1.2.826.0.1.3680043.8.498.10004945927472656027199792075652399585,1.2.826.0.1.3680043.8.498.87374594163896635184044513927478147680,1.2.826.0.1.3680043.8.498.18144979958550700715121403800114194209,t1_tse_cor_s2p2_448_DRB,12,MR,KNEE,,*tse2d1_3,MONOCHROME2,ee084a79-b22,,,Siemens Healthineers,MAGNETOM Vida,R,FFS,1.2.840.10008.1.2.1,640,540,30,,0.999541;-0.000289172;-0.0302993;-0.0300255;0.124995;-0.991703,-144.243;23.1357;29.9986,0.25;0.25,3.0,3.6,1,16,12,11,0,1.0,0.0
train_series\1.2.826.0.1.3680043.8.498.87374594163896635184044513927478147680\1.2.826.0.1.3680043.8.498.18673075910228771157345702267240835213.dcm,1.2.826.0.1.3680043.8.498.10004945927472656027199792075652399585,1.2.826.0.1.3680043.8.498.87374594163896635184044513927478147680,1.2.826.0.1.3680043.8.498.18673075910228771157345702267240835213,t1_tse_cor_s2p2_448_DRB,12,MR,KNEE,,*tse2d1_3,MONOCHROME2,ee084a79-b22,,,Siemens Healthineers,MAGNETOM Vida,R,FFS,1.2.840.10008.1.2.1,640,540,25,,0.999541;-0.000289172;-0.0302993;-0.0300255;0.124995;-0.991703,-144.316;5.27684;27.7499,0.25;0.25,3.0,3.6,1,16,12,11,0,1.0,0.0
train_series\1.2.826.0.1.3680043.8.498.87374594163896635184044513927478147680\1.2.826.0.1.3680043.8.498.20240245654751564301731901926240093121.dcm,1.2.826.0.1.3680043.8.498.10004945927472656027199792075652399585,1.2.826.0.1.3680043.8.498.87374594163896635184044513927478147680,1.2.826.0.1.3680043.8.498.20240245654751564301731901926240093121,t1_tse_cor_s2p2_448_DRB,12,MR,KNEE,,*tse2d1_3,MONOCHROME2,ee084a79-b22,,,Siemens Healthineers,MAGNETOM Vida,R,FFS,1.2.840.10008.1.2.1,640,540,19,,0.999541;-0.000289172;-0.0302993;-0.0300255;0.124995;-0.991703,-144.404;-16.1537;25.0514,0.25;0.25,3.0,3.6,1,16,12,11,0,1.0,0.0
train_series\1.2.826.0.1.3680043.8.498.87374594163896635184044513927478147680\1.2.826.0.1.3680043.8.498.24437388679360711608477420497937349011.dcm,1.2.826.0.1.3680043.8.498.10004945927472656027199792075652399585,1.2.826.0.1.3680043.8.498.87374594163896635184044513927478147680,1.2.826.0.1.3680043.8.498.24437388679360711608477420497937349011,t1_tse_cor_s2p2_448_DRB,12,MR,KNEE,,*tse2d1_3,MONOCHROME2,ee084a79-b22,,,Siemens Healthineers,MAGNETOM Vida,R,FFS,1.2.840.10008.1.2.1,640,540,8,,0.999541;-0.000289172;-0.0302993;-0.0300255;0.124995;-0.991703,-144.565;-55.4432;20.1043,0.25;0.25,3.0,3.6,1,16,12,11,0,1.0,0.0
train_series\1.2.826.0.1.3680043.8.498.87374594163896635184044513927478147680\1.2.826.0.1.3680043.8.498.29721379739956461978998556440660917302.dcm,1.2.826.0.1.3680043.8.498.10004945927472656027199792075652399585,1.2.826.0.1.3680043.8.498.87374594163896635184044513927478147680,1.2.826.0.1.3680043.8.498.29721379739956461978998556440660917302,t1_tse_cor_s2p2_448_DRB,12,MR,KNEE,,*tse2d1_3,MONOCHROME2,ee084a79-b22,,,Siemens Healthineers,MAGNETOM Vida,R,FFS,1.2.840.10008.1.2.1,640,540,1,,0.999541;-0.000289172;-0.0302993;-0.0300255;0.124995;-0.991703,-144.668;-80.4455;16.9561,0.25;0.25,3.0,3.6,1,16,12,11,0,1.0,0.0
train_series\1.2.826.0.1.3680043.8.498.87374594163896635184044513927478147680\1.2.826.0.1.3680043.8.498.35502600070023555130752444056974915546.dcm,1.2.826.0.1.3680043.8.498.10004945927472656027199792075652399585,1.2.826.0.1.3680043.8.498.87374594163896635184044513927478147680,1.2.826.0.1.3680043.8.498.35502600070023555130752444056974915546,t1_tse_cor_s2p2_448_DRB,12,MR,KNEE,,*tse2d1_3,MONOCHROME2,ee084a79-b22,,,Siemens Healthineers,MAGNETOM Vida,R,FFS,1.2.840.10008.1.2.1,640,540,14,,0.999541;-0.000289172;-0.0302993;-0.0300255;0.124995;-0.991703,-144.477;-34.0126;22.8027,0.25;0.25,3.0,3.6,1,16,12,11,0,1.0,0.0
train_series\1.2.826.0.1.3680043.8.498.87374594163896635184044513927478147680\1.2.826.0.1.3680043.8.498.38870199466859406704030566106221140248.dcm,1.2.826.0.1.3680043.8.498.10004945927472656027199792075652399585,1.2.826.0.1.3680043.8.498.87374594163896635184044513927478147680,1.2.826.0.1.3680043.8.498.38870199466859406704030566106221140248,t1_tse_cor_s2p2_448_DRB,12,MR,KNEE,,*tse2d1_3,MONOCHROME2,ee084a79-b22,,,Siemens Healthineers,MAGNETOM Vida,R,FFS,1.2.840.10008.1.2.1,640,540,18,,0.999541;-0.000289172;-0.0302993;-0.0300255;0.124995;-0.991703,-144.419;-19.7255;24.6017,0.25;0.25,3.0,3.6,1,16,12,11,0,1.0,0.0
train_series\1.2.826.0.1.3680043.8.498.87374594163896635184044513927478147680\1.2.826.0.1.3680043.8.498.39086994266282272342017191962051905358.dcm,1.2.826.0.1.3680043.8.498.10004945927472656027199792075652399585,1.2.826.0.1.3680043.8.498.87374594163896635184044513927478147680,1.2.826.0.1.3680043.8.498.39086994266282272342017191962051905358,t1_tse_cor_s2p2_448_DRB,12,MR,KNEE,,*tse2d1_3,MONOCHROME2,ee084a79-b22,,,Siemens Healthineers,MAGNETOM Vida,R,FFS,1.2.840.10008.1.2.1,640,540,22,,0.999541;-0.000289172;-0.0302993;-0.0300255;0.124995;-0.991703,-144.36;-5.43845;26.4006,0.25;0.25,3.0,3.6,1,16,12,11,0,1.0,0.0
train_series\1.2.826.0.1.3680043.8.498.87374594163896635184044513927478147680\1.2.826.0.1.3680043.8.498.39832002195498534040609658904095496941.dcm,1.2.826.0.1.3680043.8.498.10004945927472656027199792075652399585,1.2.826.0.1.3680043.8.498.87374594163896635184044513927478147680,1.2.826.0.1.3680043.8.498.39832002195498534040609658904095496941,t1_tse_cor_s2p2_448_DRB,12,MR,KNEE,,*tse2d1_3,MONOCHROME2,ee084a79-b22,,,Siemens Healthineers,MAGNETOM Vida,R,FFS,1.2.840.10008.1.2.1,640,540,21,,0.999541;-0.000289172;-0.0302993;-0.0300255;0.124995;-0.991703,-144.375;-9.01022;25.9509,0.25;0.25,3.0,3.6,1,16,12,11,0,1.0,0.0
train_series\1.2.826.0.1.3680043.8.498.87374594163896635184044513927478147680\1.2.826.0.1.3680043.8.498.44077820480150146063212566410393443826.dcm,1.2.826.0.1.3680043.8.498.10004945927472656027199792075652399585,1.2.826.0.1.3680043.8.498.87374594163896635184044513927478147680,1.2.826.0.1.3680043.8.498.44077820480150146063212566410393443826,t1_tse_cor_s2p2_448_DRB,12,MR,KNEE,,*tse2d1_3,MONOCHROME2,ee084a79-b22,,,Siemens Healthineers,MAGNETOM Vida,R,FFS,1.2.840.10008.1.2.1,640,540,15,,0.999541;-0.000289172;-0.0302993;-0.0300255;0.124995;-0.991703,-144.463;-30.4408;23.2524,0.25;0.25,3.0,3.6,1,16,12,11,0,1.0,0.0
train_series\1.2.826.0.1.3680043.8.498.87374594163896635184044513927478147680\1.2.826.0.1.3680043.8.498.61125476634791718398835800673525831078.dcm,1.2.826.0.1.3680043.8.498.10004945927472656027199792075652399585,1.2.826.0.1.3680043.8.498.87374594163896635184044513927478147680,1.2.826.0.1.3680043.8.498.61125476634791718398835800673525831078,t1_tse_cor_s2p2_448_DRB,12,MR,KNEE,,*tse2d1_3,MONOCHROME2,ee084a79-b22,,,Siemens Healthineers,MAGNETOM Vida,R,FFS,1.2.840.10008.1.2.1,640,540,4,,0.999541;-0.000289172;-0.0302993;-0.0300255;0.124995;-0.991703,-144.624;-69.7302;18.3053,0.25;0.25,3.0,3.6,1,16,12,11,0,1.0,0.0
train_series\1.2.826.0.1.3680043.8.498.87374594163896635184044513927478147680\1.2.826.0.1.3680043.8.498.61482441250681905135275154613191833782.dcm,1.2.826.0.1.3680043.8.498.10004945927472656027199792075652399585,1.2.826.0.1.3680043.8.498.87374594163896635184044513927478147680,1.2.826.0.1.3680043.8.498.61482441250681905135275154613191833782,t1_tse_cor_s2p2_448_DRB,12,MR,KNEE,,*tse2d1_3,MONOCHROME2,ee084a79-b22,,,Siemens Healthineers,MAGNETOM Vida,R,FFS,1.2.840.10008.1.2.1,640,540,10,,0.999541;-0.000289172;-0.0302993;-0.0300255;0.124995;-0.991703,-144.536;-48.2996;21.0037,0.25;0.25,3.0,3.6,1,16,12,11,0,1.0,0.0
train_series\1.2.826.0.1.3680043.8.498.87374594163896635184044513927478147680\1.2.826.0.1.3680043.8.498.64572414710484539939727920911100027714.dcm,1.2.826.0.1.3680043.8.498.10004945927472656027199792075652399585,1.2.826.0.1.3680043.8.498.87374594163896635184044513927478147680,1.2.826.0.1.3680043.8.498.64572414710484539939727920911100027714,t1_tse_cor_s2p2_448_DRB,12,MR,KNEE,,*tse2d1_3,MONOCHROME2,ee084a79-b22,,,Siemens Healthineers,MAGNETOM Vida,R,FFS,1.2.840.10008.1.2.1,640,540,13,,0.999541;-0.000289172;-0.0302993;-0.0300255;0.124995;-0.991703,-144.492;-37.5843;22.353,0.25;0.25,3.0,3.6,1,16,12,11,0,1.0,0.0
train_series\1.2.826.0.1.3680043.8.498.87374594163896635184044513927478147680\1.2.826.0.1.3680043.8.498.65357415982302047308995012593203719823.dcm,1.2.826.0.1.3680043.8.498.10004945927472656027199792075652399585,1.2.826.0.1.3680043.8.498.87374594163896635184044513927478147680,1.2.826.0.1.3680043.8.498.65357415982302047308995012593203719823,t1_tse_cor_s2p2_448_DRB,12,MR,KNEE,,*tse2d1_3,MONOCHROME2,ee084a79-b22,,,Siemens Healthineers,MAGNETOM Vida,R,FFS,1.2.840.10008.1.2.1,640,540,17,,0.999541;-0.000289172;-0.0302993;-0.0300255;0.124995;-0.991703,-144.433;-23.2973;24.1519,0.25;0.25,3.0,3.6,1,16,12,11,0,1.0,0.0
train_series\1.2.826.0.1.3680043.8.498.87374594163896635184044513927478147680\1.2.826.0.1.3680043.8.498.67193656544498959157441490238453622525.dcm,1.2.826.0.1.3680043.8.498.10004945927472656027199792075652399585,1.2.826.0.1.3680043.8.498.87374594163896635184044513927478147680,1.2.826.0.1.3680043.8.498.67193656544498959157441490238453622525,t1_tse_cor_s2p2_448_DRB,12,MR,KNEE,,*tse2d1_3,MONOCHROME2,ee084a79-b22,,,Siemens Healthineers,MAGNETOM Vida,R,FFS,1.2.840.10008.1.2.1,640,540,5,,0.999541;-0.000289172;-0.0302993;-0.0300255;0.124995;-0.991703,-144.609;-66.1585;18.755,0.25;0.25,3.0,3.6,1,16,12,11,0,1.0,0.0
train_series\1.2.826.0.1.3680043.8.498.87374594163896635184044513927478147680\1.2.826.0.1.3680043.8.498.83307999383209024465116251846100937746.dcm,1.2.826.0.1.3680043.8.498.10004945927472656027199792075652399585,1.2.826.0.1.3680043.8.498.87374594163896635184044513927478147680,1.2.826.0.1.3680043.8.498.83307999383209024465116251846100937746,t1_tse_cor_s2p2_448_DRB,12,MR,KNEE,,*tse2d1_3,MONOCHROME2,ee084a79-b22,,,Siemens Healthineers,MAGNETOM Vida,R,FFS,1.2.840.10008.1.2.1,640,540,26,,0.999541;-0.000289172;-0.0302993;-0.0300255;0.124995;-0.991703,-144.301;8.84861;28.1996,0.25;0.25,3.0,3.6,1,16,12,11,0,1.0,0.0
train_series\1.2.826.0.1.3680043.8.498.87374594163896635184044513927478147680\1.2.826.0.1.3680043.8.498.89285602401418517163879062293415080680.dcm,1.2.826.0.1.3680043.8.498.10004945927472656027199792075652399585,1.2.826.0.1.3680043.8.498.87374594163896635184044513927478147680,1.2.826.0.1.3680043.8.498.89285602401418517163879062293415080680,t1_tse_cor_s2p2_448_DRB,12,MR,KNEE,,*tse2d1_3,MONOCHROME2,ee084a79-b22,,,Siemens Healthineers,MAGNETOM Vida,R,FFS,1.2.840.10008.1.2.1,640,540,23,,0.999541;-0.000289172;-0.0302993;-0.0300255;0.124995;-0.991703,-144.345;-1.86669;26.8504,0.25;0.25,3.0,3.6,1,16,12,11,0,1.0,0.0
train_series\1.2.826.0.1.3680043.8.498.87374594163896635184044513927478147680\1.2.826.0.1.3680043.8.498.96322073580331729235613188576301946591.dcm,1.2.826.0.1.3680043.8.498.10004945927472656027199792075652399585,1.2.826.0.1.3680043.8.498.87374594163896635184044513927478147680,1.2.826.0.1.3680043.8.498.96322073580331729235613188576301946591,t1_tse_cor_s2p2_448_DRB,12,MR,KNEE,,*tse2d1_3,MONOCHROME2,ee084a79-b22,,,Siemens Healthineers,MAGNETOM Vida,R,FFS,1.2.840.10008.1.2.1,640,540,29,,0.999541;-0.000289172;-0.0302993;-0.0300255;0.124995;-0.991703,-144.257;19.5639;29.5488,0.25;0.25,3.0,3.6,1,16,12,11,0,1.0,0.0
train_series\1.2.826.0.1.3680043.8.498.87738065849001552362672384225773846709\1.2.826.0.1.3680043.8.498.10671492929820359608282111675191032447.dcm,1.2.826.0.1.3680043.8.498.10013663742400736029415768216599146542,1.2.826.0.1.3680043.8.498.87738065849001552362672384225773846709,1.2.826.0.1.3680043.8.498.10671492929820359608282111675191032447,RT. PD_TSE_COR_FS,4,MR,KNEE,,*tse2d1_9,MONOCHROME2,0adaf01b-2dc,,,Siemens Healthineers,MAGNETOM Aera,R,FFS,1.2.840.10008.1.2.1,384,384,31,,0.988932;-0.142353;-0.041828;-0.034554;0.0531932;-0.997986,-157.349;10.8172;58.9726,0.416667;0.416667,3.0,3.3,1,16,12,11,0,1.0,0.0
train_series\1.2.826.0.1.3680043.8.498.87738065849001552362672384225773846709\1.2.826.0.1.3680043.8.498.11022617481263028429080892970479859249.dcm,1.2.826.0.1.3680043.8.498.10013663742400736029415768216599146542,1.2.826.0.1.3680043.8.498.87738065849001552362672384225773846709,1.2.826.0.1.3680043.8.498.11022617481263028429080892970479859249,RT. PD_TSE_COR_FS,4,MR,KNEE,,*tse2d1_9,MONOCHROME2,0adaf01b-2dc,,,Siemens Healthineers,MAGNETOM Aera,R,FFS,1.2.840.10008.1.2.1,384,384,12,,0.988932;-0.142353;-0.041828;-0.034554;0.0531932;-0.997986,-166.396;-51.1546;55.9827,0.416667;0.416667,3.0,3.3,1,16,12,11,0,1.0,0.0
train_series\1.2.826.0.1.3680043.8.498.87738065849001552362672384225773846709\1.2.826.0.1.3680043.8.498.11050864087894361919446768292964024658.dcm,1.2.826.0.1.3680043.8.498.10013663742400736029415768216599146542,1.2.826.0.1.3680043.8.498.87738065849001552362672384225773846709,1.2.826.0.1.3680043.8.498.11050864087894361919446768292964024658,RT. PD_TSE_COR_FS,4,MR,KNEE,,*tse2d1_9,MONOCHROME2,0adaf01b-2dc,,,Siemens Healthineers,MAGNETOM Aera,R,FFS,1.2.840.10008.1.2.1,384,384,19,,0.988932;-0.142353;-0.041828;-0.034554;0.0531932;-0.997986,-163.063;-28.3229;57.0843,0.416667;0.416667,3.0,3.3,1,16,12,11,0,1.0,0.0
train_series\1.2.826.0.1.3680043.8.498.87738065849001552362672384225773846709\1.2.826.0.1.3680043.8.498.11773767284077209469715783763823032391.dcm,1.2.826.0.1.3680043.8.498.10013663742400736029415768216599146542,1.2.826.0.1.3680043.8.498.87738065849001552362672384225773846709,1.2.826.0.1.3680043.8.498.11773767284077209469715783763823032391,RT. PD_TSE_COR_FS,4,MR,KNEE,,*tse2d1_9,MONOCHROME2,0adaf01b-2dc,,,Siemens Healthineers,MAGNETOM Aera,R,FFS,1.2.840.10008.1.2.1,384,384,24,,0.988932;-0.142353;-0.041828;-0.034554;0.0531932;-0.997986,-160.682;-12.0145;57.8711,0.416667;0.416667,3.0,3.3,1,16,12,11,0,1.0,0.0
train_series\1.2.826.0.1.3680043.8.498.87738065849001552362672384225773846709\1.2.826.0.1.3680043.8.498.12097446475421972411847403414271360169.dcm,1.2.826.0.1.3680043.8.498.10013663742400736029415768216599146542,1.2.826.0.1.3680043.8.498.87738065849001552362672384225773846709,1.2.826.0.1.3680043.8.498.12097446475421972411847403414271360169,RT. PD_TSE_COR_FS,4,MR,KNEE,,*tse2d1_9,MONOCHROME2,0adaf01b-2dc,,,Siemens Healthineers,MAGNETOM Aera,R,FFS,1.2.840.10008.1.2.1,384,384,15,,0.988932;-0.142353;-0.041828;-0.034554;0.0531932;-0.997986,-164.967;-41.3696;56.4548,0.416667;0.416667,3.0,3.3,1,16,12,11,0,1.0,0.0
train_series\1.2.826.0.1.3680043.8.498.87738065849001552362672384225773846709\1.2.826.0.1.3680043.8.498.12130552538506583321617725312649235766.dcm,1.2.826.0.1.3680043.8.498.10013663742400736029415768216599146542,1.2.826.0.1.3680043.8.498.87738065849001552362672384225773846709,1.2.826.0.1.3680043.8.498.12130552538506583321617725312649235766,RT. PD_TSE_COR_FS,4,MR,KNEE,,*tse2d1_9,MONOCHROME2,0adaf01b-2dc,,,Siemens Healthineers,MAGNETOM Aera,R,FFS,1.2.840.10008.1.2.1,384,384,36,,0.988932;-0.142353;-0.041828;-0.034554;0.0531932;-0.997986,-154.968;27.1256;59.7595,0.416667;0.416667,3.0,3.3,1,16,12,11,0,1.0,0.0
train_series\1.2.826.0.1.3680043.8.498.87738065849001552362672384225773846709\1.2.826.0.1.3680043.8.498.12212952298370732479604056422205586467.dcm,1.2.826.0.1.3680043.8.498.10013663742400736029415768216599146542,1.2.826.0.1.3680043.8.498.87738065849001552362672384225773846709,1.2.826.0.1.3680043.8.498.12212952298370732479604056422205586467,RT. PD_TSE_COR_FS,4,MR,KNEE,,*tse2d1_9,MONOCHROME2,0adaf01b-2dc,,,Siemens Healthineers,MAGNETOM Aera,R,FFS,1.2.840.10008.1.2.1,384,384,17,,0.988932;-0.142353;-0.041828;-0.034554;0.0531932;-0.997986,-164.015;-34.8462;56.7695,0.416667;0.416667,3.0,3.3,1,16,12,11,0,1.0,0.0
train_series\1.2.826.0.1.3680043.8.498.87738065849001552362672384225773846709\1.2.826.0.1.3680043.8.498.12272515505191013140445582299447822891.dcm,1.2.826.0.1.3680043.8.498.10013663742400736029415768216599146542,1.2.826.0.1.3680043.8.498.87738065849001552362672384225773846709,1.2.826.0.1.3680043.8.498.12272515505191013140445582299447822891,RT. PD_TSE_COR_FS,4,MR,KNEE,,*tse2d1_9,MONOCHROME2,0adaf01b-2dc,,,Siemens Healthineers,MAGNETOM Aera,R,FFS,1.2.840.10008.1.2.1,384,384,20,,0.988932;-0.142353;-0.041828;-0.034554;0.0531932;-0.997986,-162.587;-25.0612;57.2416,0.416667;0.416667,3.0,3.3,1,16,12,11,0,1.0,0.0
train_series\1.2.826.0.1.3680043.8.498.87738065849001552362672384225773846709\1.2.826.0.1.3680043.8.498.12373164849898860640240657722817857961.dcm,1.2.826.0.1.3680043.8.498.10013663742400736029415768216599146542,1.2.826.0.1.3680043.8.498.87738065849001552362672384225773846709,1.2.826.0.1.3680043.8.498.12373164849898860640240657722817857961,RT. PD_TSE_COR_FS,4,MR,KNEE,,*tse2d1_9,MONOCHROME2,0adaf01b-2dc,,,Siemens Healthineers,MAGNETOM Aera,R,FFS,1.2.840.10008.1.2.1,384,384,18,,0.988932;-0.142353;-0.041828;-0.034554;0.0531932;-0.997986,-163.539;-31.5846;56.9269,0.416667;0.416667,3.0,3.3,1,16,12,11,0,1.0,0.0
train_series\1.2.826.0.1.3680043.8.498.87738065849001552362672384225773846709\1.2.826.0.1.3680043.8.498.12408034718983017813263633949625944875.dcm,1.2.826.0.1.3680043.8.498.10013663742400736029415768216599146542,1.2.826.0.1.3680043.8.498.87738065849001552362672384225773846709,1.2.826.0.1.3680043.8.498.12408034718983017813263633949625944875,RT. PD_TSE_COR_FS,4,MR,KNEE,,*tse2d1_9,MONOCHROME2,0adaf01b-2dc,,,Siemens Healthineers,MAGNETOM Aera,R,FFS,1.2.840.10008.1.2.1,384,384,26,,0.988932;-0.142353;-0.041828;-0.034554;0.0531932;-0.997986,-159.73;-5.49116;58.1858,0.416667;0.416667,3.0,3.3,1,16,12,11,0,1.0,0.0
train_series\1.2.826.0.1.3680043.8.498.87738065849001552362672384225773846709\1.2.826.0.1.3680043.8.498.12621615365764727694015477863182802589.dcm,1.2.826.0.1.3680043.8.498.10013663742400736029415768216599146542,1.2.826.0.1.3680043.8.498.87738065849001552362672384225773846709,1.2.826.0.1.3680043.8.498.12621615365764727694015477863182802589,RT. PD_TSE_COR_FS,4,MR,KNEE,,*tse2d1_9,MONOCHROME2,0adaf01b-2dc,,,Siemens Healthineers,MAGNETOM Aera,R,FFS,1.2.840.10008.1.2.1,384,384,25,,0.988932;-0.142353;-0.041828;-0.034554;0.0531932;-0.997986,-160.206;-8.75284;58.0285,0.416667;0.416667,3.0,3.3,1,16,12,11,0,1.0,0.0
train_series\1.2.826.0.1.3680043.8.498.87738065849001552362672384225773846709\1.2.826.0.1.3680043.8.498.12867646579067129130405664244730696747.dcm,1.2.826.0.1.3680043.8.498.10013663742400736029415768216599146542,1.2.826.0.1.3680043.8.498.87738065849001552362672384225773846709,1.2.826.0.1.3680043.8.498.12867646579067129130405664244730696747,RT. PD_TSE_COR_FS,4,MR,KNEE,,*tse2d1_9,MONOCHROME2,0adaf01b-2dc,,,Siemens Healthineers,MAGNETOM Aera,R,FFS,1.2.840.10008.1.2.1,384,384,34,,0.988932;-0.142353;-0.041828;-0.034554;0.0531932;-0.997986,-155.92;20.6022;59.4447,0.416667;0.416667,3.0,3.3,1,16,12,11,0,1.0,0.0
train_series\1.2.826.0.1.3680043.8.498.87738065849001552362672384225773846709\1.2.826.0.1.3680043.8.498.13033764145496093056050044231666786517.dcm,1.2.826.0.1.3680043.8.498.10013663742400736029415768216599146542,1.2.826.0.1.3680043.8.498.87738065849001552362672384225773846709,1.2.826.0.1.3680043.8.498.13033764145496093056050044231666786517,RT. PD_TSE_COR_FS,4,MR,KNEE,,*tse2d1_9,MONOCHROME2,0adaf01b-2dc,,,Siemens Healthineers,MAGNETOM Aera,R,FFS,1.2.840.10008.1.2.1,384,384,1,,0.988932;-0.142353;-0.041828;-0.034554;0.0531932;-0.997986,-171.634;-87.033;54.2517,0.416667;0.416667,3.0,3.3,1,16,12,11,0,1.0,0.0
train_series\1.2.826.0.1.3680043.8.498.87738065849001552362672384225773846709\1.2.826.0.1.3680043.8.498.16402205817772521362703839364901684848.dcm,1.2.826.0.1.3680043.8.498.10013663742400736029415768216599146542,1.2.826.0.1.3680043.8.498.87738065849001552362672384225773846709,1.2.826.0.1.3680043.8.498.16402205817772521362703839364901684848,RT. PD_TSE_COR_FS,4,MR,KNEE,,*tse2d1_9,MONOCHROME2,0adaf01b-2dc,,,Siemens Healthineers,MAGNETOM Aera,R,FFS,1.2.840.10008.1.2.1,384,384,37,,0.988932;-0.142353;-0.041828;-0.034554;0.0531932;-0.997986,-154.492;30.3872;59.9168,0.416667;0.416667,3.0,3.3,1,16,12,11,0,1.0,0.0
train_series\1.2.826.0.1.3680043.8.498.87738065849001552362672384225773846709\1.2.826.0.1.3680043.8.498.16492651035064306511255512090034354635.dcm,1.2.826.0.1.3680043.8.498.10013663742400736029415768216599146542,1.2.826.0.1.3680043.8.498.87738065849001552362672384225773846709,1.2.826.0.1.3680043.8.498.16492651035064306511255512090034354635,RT. PD_TSE_COR_FS,4,MR,KNEE,,*tse2d1_9,MONOCHROME2,0adaf01b-2dc,,,Siemens Healthineers,MAGNETOM Aera,R,FFS,1.2.840.10008.1.2.1,384,384,8,,0.988932;-0.142353;-0.041828;-0.034554;0.0531932;-0.997986,-168.301;-64.2013;55.3533,0.416667;0.416667,3.0,3.3,1,16,12,11,0,1.0,0.0
train_series\1.2.826.0.1.3680043.8.498.87738065849001552362672384225773846709\1.2.826.0.1.3680043.8.498.17219418648864114857604935887487815232.dcm,1.2.826.0.1.3680043.8.498.10013663742400736029415768216599146542,1.2.826.0.1.3680043.8.498.87738065849001552362672384225773846709,1.2.826.0.1.3680043.8.498.17219418648864114857604935887487815232,RT. PD_TSE_COR_FS,4,MR,KNEE,,*tse2d1_9,MONOCHROME2,0adaf01b-2dc,,,Siemens Healthineers,MAGNETOM Aera,R,FFS,1.2.840.10008.1.2.1,384,384,5,,0.988932;-0.142353;-0.041828;-0.034554;0.0531932;-0.997986,-169.729;-73.9863;54.8812,0.416667;0.416667,3.0,3.3,1,16,12,11,0,1.0,0.0
train_series\1.2.826.0.1.3680043.8.498.87738065849001552362672384225773846709\1.2.826.0.1.3680043.8.498.24853551621490318581180514734426679104.dcm,1.2.826.0.1.3680043.8.498.10013663742400736029415768216599146542,1.2.826.0.1.3680043.8.498.87738065849001552362672384225773846709,1.2.826.0.1.3680043.8.498.24853551621490318581180514734426679104,RT. PD_TSE_COR_FS,4,MR,KNEE,,*tse2d1_9,MONOCHROME2,0adaf01b-2dc,,,Siemens Healthineers,MAGNETOM Aera,R,FFS,1.2.840.10008.1.2.1,384,384,9,,0.988932;-0.142353;-0.041828;-0.034554;0.0531932;-0.997986,-167.824;-60.9396;55.5106,0.416667;0.416667,3.0,3.3,1,16,12,11,0,1.0,0.0
train_series\1.2.826.0.1.3680043.8.498.87738065849001552362672384225773846709\1.2.826.0.1.3680043.8.498.28160199359453052096111336005537251481.dcm,1.2.826.0.1.3680043.8.498.10013663742400736029415768216599146542,1.2.826.0.1.3680043.8.498.87738065849001552362672384225773846709,1.2.826.0.1.3680043.8.498.28160199359453052096111336005537251481,RT. PD_TSE_COR_FS,4,MR,KNEE,,*tse2d1_9,MONOCHROME2,0adaf01b-2dc,,,Siemens Healthineers,MAGNETOM Aera,R,FFS,1.2.840.10008.1.2.1,384,384,32,,0.988932;-0.142353;-0.041828;-0.034554;0.0531932;-0.997986,-156.873;14.0789;59.13,0.416667;0.416667,3.0,3.3,1,16,12,11,0,1.0,0.0
train_series\1.2.826.0.1.3680043.8.498.87738065849001552362672384225773846709\1.2.826.0.1.3680043.8.498.32814829963428033030044496225185653999.dcm,1.2.826.0.1.3680043.8.498.10013663742400736029415768216599146542,1.2.826.0.1.3680043.8.498.87738065849001552362672384225773846709,1.2.826.0.1.3680043.8.498.32814829963428033030044496225185653999,RT. PD_TSE_COR_FS,4,MR,KNEE,,*tse2d1_9,MONOCHROME2,0adaf01b-2dc,,,Siemens Healthineers,MAGNETOM Aera,R,FFS,1.2.840.10008.1.2.1,384,384,22,,0.988932;-0.142353;-0.041828;-0.034554;0.0531932;-0.997986,-161.634;-18.5379;57.5564,0.416667;0.416667,3.0,3.3,1,16,12,11,0,1.0,0.0
train_series\1.2.826.0.1.3680043.8.498.87738065849001552362672384225773846709\1.2.826.0.1.3680043.8.498.47488449422696132450023847431163156591.dcm,1.2.826.0.1.3680043.8.498.10013663742400736029415768216599146542,1.2.826.0.1.3680043.8.498.87738065849001552362672384225773846709,1.2.826.0.1.3680043.8.498.47488449422696132450023847431163156591,RT. PD_TSE_COR_FS,4,MR,KNEE,,*tse2d1_9,MONOCHROME2,0adaf01b-2dc,,,Siemens Healthineers,MAGNETOM Aera,R,FFS,1.2.840.10008.1.2.1,384,384,10,,0.988932;-0.142353;-0.041828;-0.034554;0.0531932;-0.997986,-167.348;-57.6779;55.668,0.416667;0.416667,3.0,3.3,1,16,12,11,0,1.0,0.0
train_series\1.2.826.0.1.3680043.8.498.87738065849001552362672384225773846709\1.2.826.0.1.3680043.8.498.47875896193294371256649298152558262036.dcm,1.2.826.0.1.3680043.8.498.10013663742400736029415768216599146542,1.2.826.0.1.3680043.8.498.87738065849001552362672384225773846709,1.2.826.0.1.3680043.8.498.47875896193294371256649298152558262036,RT. PD_TSE_COR_FS,4,MR,KNEE,,*tse2d1_9,MONOCHROME2,0adaf01b-2dc,,,Siemens Healthineers,MAGNETOM Aera,R,FFS,1.2.840.10008.1.2.1,384,384,14,,0.988932;-0.142353;-0.041828;-0.034554;0.0531932;-0.997986,-165.444;-44.6312;56.2975,0.416667;0.416667,3.0,3.3,1,16,12,11,0,1.0,0.0
train_series\1.2.826.0.1.3680043.8.498.87738065849001552362672384225773846709\1.2.826.0.1.3680043.8.498.48622100998389443403246934633817096064.dcm,1.2.826.0.1.3680043.8.498.10013663742400736029415768216599146542,1.2.826.0.1.3680043.8.498.87738065849001552362672384225773846709,1.2.826.0.1.3680043.8.498.48622100998389443403246934633817096064,RT. PD_TSE_COR_FS,4,MR,KNEE,,*tse2d1_9,MONOCHROME2,0adaf01b-2dc,,,Siemens Healthineers,MAGNETOM Aera,R,FFS,1.2.840.10008.1.2.1,384,384,21,,0.988932;-0.142353;-0.041828;-0.034554;0.0531932;-0.997986,-162.11;-21.7995;57.399,0.416667;0.416667,3.0,3.3,1,16,12,11,0,1.0,0.0
train_series\1.2.826.0.1.3680043.8.498.87738065849001552362672384225773846709\1.2.826.0.1.3680043.8.498.49194803175611080322120009871845711924.dcm,1.2.826.0.1.3680043.8.498.10013663742400736029415768216599146542,1.2.826.0.1.3680043.8.498.87738065849001552362672384225773846709,1.2.826.0.1.3680043.8.498.49194803175611080322120009871845711924,RT. PD_TSE_COR_FS,4,MR,KNEE,,*tse2d1_9,MONOCHROME2,0adaf01b-2dc,,,Siemens Healthineers,MAGNETOM Aera,R,FFS,1.2.840.10008.1.2.1,384,384,3,,0.988932;-0.142353;-0.041828;-0.034554;0.0531932;-0.997986,-170.681;-80.5097;54.5665,0.416667;0.416667,3.0,3.3,1,16,12,11,0,1.0,0.0
train_series\1.2.826.0.1.3680043.8.498.87738065849001552362672384225773846709\1.2.826.0.1.3680043.8.498.57964548800109795829376823029706963955.dcm,1.2.826.0.1.3680043.8.498.10013663742400736029415768216599146542,1.2.826.0.1.3680043.8.498.87738065849001552362672384225773846709,1.2.826.0.1.3680043.8.498.57964548800109795829376823029706963955,RT. PD_TSE_COR_FS,4,MR,KNEE,,*tse2d1_9,MONOCHROME2,0adaf01b-2dc,,,Siemens Healthineers,MAGNETOM Aera,R,FFS,1.2.840.10008.1.2.1,384,384,11,,0.988932;-0.142353;-0.041828;-0.034554;0.0531932;-0.997986,-166.872;-54.4163;55.8254,0.416667;0.416667,3.0,3.3,1,16,12,11,0,1.0,0.0
train_series\1.2.826.0.1.3680043.8.498.87738065849001552362672384225773846709\1.2.826.0.1.3680043.8.498.58714424395574423369366102163207309746.dcm,1.2.826.0.1.3680043.8.498.10013663742400736029415768216599146542,1.2.826.0.1.3680043.8.498.87738065849001552362672384225773846709,1.2.826.0.1.3680043.8.498.58714424395574423369366102163207309746,RT. PD_TSE_COR_FS,4,MR,KNEE,,*tse2d1_9,MONOCHROME2,0adaf01b-2dc,,,Siemens Healthineers,MAGNETOM Aera,R,FFS,1.2.840.10008.1.2.1,384,384,29,,0.988932;-0.142353;-0.041828;-0.034554;0.0531932;-0.997986,-158.301;4.29386;58.6579,0.416667;0.416667,3.0,3.3,1,16,12,11,0,1.0,0.0
train_series\1.2.826.0.1.3680043.8.498.87738065849001552362672384225773846709\1.2.826.0.1.3680043.8.498.62529819371046087410592691504772448012.dcm,1.2.826.0.1.3680043.8.498.10013663742400736029415768216599146542,1.2.826.0.1.3680043.8.498.87738065849001552362672384225773846709,1.2.826.0.1.3680043.8.498.62529819371046087410592691504772448012,RT. PD_TSE_COR_FS,4,MR,KNEE,,*tse2d1_9,MONOCHROME2,0adaf01b-2dc,,,Siemens Healthineers,MAGNETOM Aera,R,FFS,1.2.840.10008.1.2.1,384,384,35,,0.988932;-0.142353;-0.041828;-0.034554;0.0531932;-0.997986,-155.444;23.8639;59.6021,0.416667;0.416667,3.0,3.3,1,16,12,11,0,1.0,0.0
train_series\1.2.826.0.1.3680043.8.498.87738065849001552362672384225773846709\1.2.826.0.1.3680043.8.498.63352502745547279830856776075593767944.dcm,1.2.826.0.1.3680043.8.498.10013663742400736029415768216599146542,1.2.826.0.1.3680043.8.498.87738065849001552362672384225773846709,1.2.826.0.1.3680043.8.498.63352502745547279830856776075593767944,RT. PD_TSE_COR_FS,4,MR,KNEE,,*tse2d1_9,MONOCHROME2,0adaf01b-2dc,,,Siemens Healthineers,MAGNETOM Aera,R,FFS,1.2.840.10008.1.2.1,384,384,4,,0.988932;-0.142353;-0.041828;-0.034554;0.0531932;-0.997986,-170.205;-77.248;54.7238,0.416667;0.416667,3.0,3.3,1,16,12,11,0,1.0,0.0
train_series\1.2.826.0.1.3680043.8.498.87738065849001552362672384225773846709\1.2.826.0.1.3680043.8.498.65612058790352230648059961827685739930.dcm,1.2.826.0.1.3680043.8.498.10013663742400736029415768216599146542,1.2.826.0.1.3680043.8.498.87738065849001552362672384225773846709,1.2.826.0.1.3680043.8.498.65612058790352230648059961827685739930,RT. PD_TSE_COR_FS,4,MR,KNEE,,*tse2d1_9,MONOCHROME2,0adaf01b-2dc,,,Siemens Healthineers,MAGNETOM Aera,R,FFS,1.2.840.10008.1.2.1,384,384,23,,0.988932;-0.142353;-0.041828;-0.034554;0.0531932;-0.997986,-161.158;-15.2762;57.7137,0.416667;0.416667,3.0,3.3,1,16,12,11,0,1.0,0.0
train_series\1.2.826.0.1.3680043.8.498.87738065849001552362672384225773846709\1.2.826.0.1.3680043.8.498.70011513115486146279574218502291419740.dcm,1.2.826.0.1.3680043.8.498.10013663742400736029415768216599146542,1.2.826.0.1.3680043.8.498.87738065849001552362672384225773846709,1.2.826.0.1.3680043.8.498.70011513115486146279574218502291419740,RT. PD_TSE_COR_FS,4,MR,KNEE,,*tse2d1_9,MONOCHROME2,0adaf01b-2dc,,,Siemens Healthineers,MAGNETOM Aera,R,FFS,1.2.840.10008.1.2.1,384,384,2,,0.988932;-0.142353;-0.041828;-0.034554;0.0531932;-0.997986,-171.158;-83.7713;54.4091,0.416667;0.416667,3.0,3.3,1,16,12,11,0,1.0,0.0
train_series\1.2.826.0.1.3680043.8.498.87738065849001552362672384225773846709\1.2.826.0.1.3680043.8.498.70109112801842514130454756848089443437.dcm,1.2.826.0.1.3680043.8.498.10013663742400736029415768216599146542,1.2.826.0.1.3680043.8.498.87738065849001552362672384225773846709,1.2.826.0.1.3680043.8.498.70109112801842514130454756848089443437,RT. PD_TSE_COR_FS,4,MR,KNEE,,*tse2d1_9,MONOCHROME2,0adaf01b-2dc,,,Siemens Healthineers,MAGNETOM Aera,R,FFS,1.2.840.10008.1.2.1,384,384,28,,0.988932;-0.142353;-0.041828;-0.034554;0.0531932;-0.997986,-158.777;1.03218;58.5005,0.416667;0.416667,3.0,3.3,1,16,12,11,0,1.0,0.0
train_series\1.2.826.0.1.3680043.8.498.87738065849001552362672384225773846709\1.2.826.0.1.3680043.8.498.72964292235688082449538329155653759212.dcm,1.2.826.0.1.3680043.8.498.10013663742400736029415768216599146542,1.2.826.0.1.3680043.8.498.87738065849001552362672384225773846709,1.2.826.0.1.3680043.8.498.72964292235688082449538329155653759212,RT. PD_TSE_COR_FS,4,MR,KNEE,,*tse2d1_9,MONOCHROME2,0adaf01b-2dc,,,Siemens Healthineers,MAGNETOM Aera,R,FFS,1.2.840.10008.1.2.1,384,384,6,,0.988932;-0.142353;-0.041828;-0.034554;0.0531932;-0.997986,-169.253;-70.7246;55.0385,0.416667;0.416667,3.0,3.3,1,16,12,11,0,1.0,0.0
train_series\1.2.826.0.1.3680043.8.498.87738065849001552362672384225773846709\1.2.826.0.1.3680043.8.498.79542580170594148943454980768459522407.dcm,1.2.826.0.1.3680043.8.498.10013663742400736029415768216599146542,1.2.826.0.1.3680043.8.498.87738065849001552362672384225773846709,1.2.826.0.1.3680043.8.498.79542580170594148943454980768459522407,RT. PD_TSE_COR_FS,4,MR,KNEE,,*tse2d1_9,MONOCHROME2,0adaf01b-2dc,,,Siemens Healthineers,MAGNETOM Aera,R,FFS,1.2.840.10008.1.2.1,384,384,13,,0.988932;-0.142353;-0.041828;-0.034554;0.0531932;-0.997986,-165.92;-47.8929;56.1401,0.416667;0.416667,3.0,3.3,1,16,12,11,0,1.0,0.0
train_series\1.2.826.0.1.3680043.8.498.87738065849001552362672384225773846709\1.2.826.0.1.3680043.8.498.81831636454679544619335145383454270403.dcm,1.2.826.0.1.3680043.8.498.10013663742400736029415768216599146542,1.2.826.0.1.3680043.8.498.87738065849001552362672384225773846709,1.2.826.0.1.3680043.8.498.81831636454679544619335145383454270403,RT. PD_TSE_COR_FS,4,MR,KNEE,,*tse2d1_9,MONOCHROME2,0adaf01b-2dc,,,Siemens Healthineers,MAGNETOM Aera,R,FFS,1.2.840.10008.1.2.1,384,384,33,,0.988932;-0.142353;-0.041828;-0.034554;0.0531932;-0.997986,-156.397;17.3406;59.2874,0.416667;0.416667,3.0,3.3,1,16,12,11,0,1.0,0.0
train_series\1.2.826.0.1.3680043.8.498.87738065849001552362672384225773846709\1.2.826.0.1.3680043.8.498.83009881882492968788459631956542517764.dcm,1.2.826.0.1.3680043.8.498.10013663742400736029415768216599146542,1.2.826.0.1.3680043.8.498.87738065849001552362672384225773846709,1.2.826.0.1.3680043.8.498.83009881882492968788459631956542517764,RT. PD_TSE_COR_FS,4,MR,KNEE,,*tse2d1_9,MONOCHROME2,0adaf01b-2dc,,,Siemens Healthineers,MAGNETOM Aera,R,FFS,1.2.840.10008.1.2.1,384,384,7,,0.988932;-0.142353;-0.041828;-0.034554;0.0531932;-0.997986,-168.777;-67.463;55.1959,0.416667;0.416667,3.0,3.3,1,16,12,11,0,1.0,0.0
train_series\1.2.826.0.1.3680043.8.498.87738065849001552362672384225773846709\1.2.826.0.1.3680043.8.498.84477437268840022252870121874842589231.dcm,1.2.826.0.1.3680043.8.498.10013663742400736029415768216599146542,1.2.826.0.1.3680043.8.498.87738065849001552362672384225773846709,1.2.826.0.1.3680043.8.498.84477437268840022252870121874842589231,RT. PD_TSE_COR_FS,4,MR,KNEE,,*tse2d1_9,MONOCHROME2,0adaf01b-2dc,,,Siemens Healthineers,MAGNETOM Aera,R,FFS,1.2.840.10008.1.2.1,384,384,27,,0.988932;-0.142353;-0.041828;-0.034554;0.0531932;-0.997986,-159.253;-2.22949;58.3432,0.416667;0.416667,3.0,3.3,1,16,12,11,0,1.0,0.0
train_series\1.2.826.0.1.3680043.8.498.87738065849001552362672384225773846709\1.2.826.0.1.3680043.8.498.85799936253794260160857767551537990363.dcm,1.2.826.0.1.3680043.8.498.10013663742400736029415768216599146542,1.2.826.0.1.3680043.8.498.87738065849001552362672384225773846709,1.2.826.0.1.3680043.8.498.85799936253794260160857767551537990363,RT. PD_TSE_COR_FS,4,MR,KNEE,,*tse2d1_9,MONOCHROME2,0adaf01b-2dc,,,Siemens Healthineers,MAGNETOM Aera,R,FFS,1.2.840.10008.1.2.1,384,384,38,,0.988932;-0.142353;-0.041828;-0.034554;0.0531932;-0.997986,-154.016;33.6489;60.0742,0.416667;0.416667,3.0,3.3,1,16,12,11,0,1.0,0.0
train_series\1.2.826.0.1.3680043.8.498.87738065849001552362672384225773846709\1.2.826.0.1.3680043.8.498.86463271436539323284753678780571961426.dcm,1.2.826.0.1.3680043.8.498.10013663742400736029415768216599146542,1.2.826.0.1.3680043.8.498.87738065849001552362672384225773846709,1.2.826.0.1.3680043.8.498.86463271436539323284753678780571961426,RT. PD_TSE_COR_FS,4,MR,KNEE,,*tse2d1_9,MONOCHROME2,0adaf01b-2dc,,,Siemens Healthineers,MAGNETOM Aera,R,FFS,1.2.840.10008.1.2.1,384,384,30,,0.988932;-0.142353;-0.041828;-0.034554;0.0531932;-0.997986,-157.825;7.55553;58.8153,0.416667;0.416667,3.0,3.3,1,16,12,11,0,1.0,0.0
train_series\1.2.826.0.1.3680043.8.498.87738065849001552362672384225773846709\1.2.826.0.1.3680043.8.498.89657971994358366881836734983517284012.dcm,1.2.826.0.1.3680043.8.498.10013663742400736029415768216599146542,1.2.826.0.1.3680043.8.498.87738065849001552362672384225773846709,1.2.826.0.1.3680043.8.498.89657971994358366881836734983517284012,RT. PD_TSE_COR_FS,4,MR,KNEE,,*tse2d1_9,MONOCHROME2,0adaf01b-2dc,,,Siemens Healthineers,MAGNETOM Aera,R,FFS,1.2.840.10008.1.2.1,384,384,16,,0.988932;-0.142353;-0.041828;-0.034554;0.0531932;-0.997986,-164.491;-38.1079;56.6122,0.416667;0.416667,3.0,3.3,1,16,12,11,0,1.0,0.0
train_series\1.2.826.0.1.3680043.8.498.93288538765996574291399549037773479273\1.2.826.0.1.3680043.8.498.10355905302523720268499661247695242719.dcm,1.2.826.0.1.3680043.8.498.10009278692606631573540062909909132231,1.2.826.0.1.3680043.8.498.93288538765996574291399549037773479273,1.2.826.0.1.3680043.8.498.10355905302523720268499661247695242719,pd_tse_fs_sag_416_p2_s2,7001,MR,KNEE,,*tseR2d1rr6,MONOCHROME2,f7648f12-847,,,Siemens Healthineers,MAGNETOM Lumina,L,FFS,1.2.840.10008.1.2.1,416,416,10,,0.0129929;0.999165;0.0387266;-0.0222037;0.0390086;-0.998992,48.6428;-115.352;74.6199,0.432692;0.432692,2.5,3.0,1,16,12,11,0,1.0,0.0
train_series\1.2.826.0.1.3680043.8.498.93288538765996574291399549037773479273\1.2.826.0.1.3680043.8.498.12288910500699443719381043098044432427.dcm,1.2.826.0.1.3680043.8.498.10009278692606631573540062909909132231,1.2.826.0.1.3680043.8.498.93288538765996574291399549037773479273,1.2.826.0.1.3680043.8.498.12288910500699443719381043098044432427,pd_tse_fs_sag_416_p2_s2,7001,MR,KNEE,,*tseR2d1rr6,MONOCHROME2,f7648f12-847,,,Siemens Healthineers,MAGNETOM Lumina,L,FFS,1.2.840.10008.1.2.1,416,416,6,,0.0129929;0.999165;0.0387266;-0.0222037;0.0390086;-0.998992,36.6467;-115.206;74.8922,0.432692;0.432692,2.5,3.0,1,16,12,11,0,1.0,0.0
train_series\1.2.826.0.1.3680043.8.498.93288538765996574291399549037773479273\1.2.826.0.1.3680043.8.498.12859961433547278720273394549716316107.dcm,1.2.826.0.1.3680043.8.498.10009278692606631573540062909909132231,1.2.826.0.1.3680043.8.498.93288538765996574291399549037773479273,1.2.826.0.1.3680043.8.498.12859961433547278720273394549716316107,pd_tse_fs_sag_416_p2_s2,7001,MR,KNEE,,*tseR2d1rr6,MONOCHROME2,f7648f12-847,,,Siemens Healthineers,MAGNETOM Lumina,L,FFS,1.2.840.10008.1.2.1,416,416,26,,0.0129929;0.999165;0.0387266;-0.0222037;0.0390086;-0.998992,96.6269;-115.933;73.5307,0.432692;0.432692,2.5,3.0,1,16,12,11,0,1.0,0.0
train_series\1.2.826.0.1.3680043.8.498.93288538765996574291399549037773479273\1.2.826.0.1.3680043.8.498.12943732347175890078544834098239417809.dcm,1.2.826.0.1.3680043.8.498.10009278692606631573540062909909132231,1.2.826.0.1.3680043.8.498.93288538765996574291399549037773479273,1.2.826.0.1.3680043.8.498.12943732347175890078544834098239417809,pd_tse_fs_sag_416_p2_s2,7001,MR,KNEE,,*tseR2d1rr6,MONOCHROME2,f7648f12-847,,,Siemens Healthineers,MAGNETOM Lumina,L,FFS,1.2.840.10008.1.2.1,416,416,24,,0.0129929;0.999165;0.0387266;-0.0222037;0.0390086;-0.998992,90.6289;-115.861;73.6668,0.432692;0.432692,2.5,3.0,1,16,12,11,0,1.0,0.0
train_series\1.2.826.0.1.3680043.8.498.93288538765996574291399549037773479273\1.2.826.0.1.3680043.8.498.14199447718849262881898502037691282963.dcm,1.2.826.0.1.3680043.8.498.10009278692606631573540062909909132231,1.2.826.0.1.3680043.8.498.93288538765996574291399549037773479273,1.2.826.0.1.3680043.8.498.14199447718849262881898502037691282963,pd_tse_fs_sag_416_p2_s2,7001,MR,KNEE,,*tseR2d1rr6,MONOCHROME2,f7648f12-847,,,Siemens Healthineers,MAGNETOM Lumina,L,FFS,1.2.840.10008.1.2.1,416,416,17,,0.0129929;0.999165;0.0387266;-0.0222037;0.0390086;-0.998992,69.6358;-115.606;74.1433,0.432692;0.432692,2.5,3.0,1,16,12,11,0,1.0,0.0
train_series\1.2.826.0.1.3680043.8.498.93288538765996574291399549037773479273\1.2.826.0.1.3680043.8.498.14539404990361627005035086100261718808.dcm,1.2.826.0.1.3680043.8.498.10009278692606631573540062909909132231,1.2.826.0.1.3680043.8.498.93288538765996574291399549037773479273,1.2.826.0.1.3680043.8.498.14539404990361627005035086100261718808,pd_tse_fs_sag_416_p2_s2,7001,MR,KNEE,,*tseR2d1rr6,MONOCHROME2,f7648f12-847,,,Siemens Healthineers,MAGNETOM Lumina,L,FFS,1.2.840.10008.1.2.1,416,416,35,,0.0129929;0.999165;0.0387266;-0.0222037;0.0390086;-0.998992,123.618;-116.261;72.918,0.432692;0.432692,2.5,3.0,1,16,12,11,0,1.0,0.0
train_series\1.2.826.0.1.3680043.8.498.93288538765996574291399549037773479273\1.2.826.0.1.3680043.8.498.23909802677894980462519226076636652574.dcm,1.2.826.0.1.3680043.8.498.10009278692606631573540062909909132231,1.2.826.0.1.3680043.8.498.93288538765996574291399549037773479273,1.2.826.0.1.3680043.8.498.23909802677894980462519226076636652574,pd_tse_fs_sag_416_p2_s2,7001,MR,KNEE,,*tseR2d1rr6,MONOCHROME2,f7648f12-847,,,Siemens Healthineers,MAGNETOM Lumina,L,FFS,1.2.840.10008.1.2.1,416,416,12,,0.0129929;0.999165;0.0387266;-0.0222037;0.0390086;-0.998992,54.6408;-115.424;74.4837,0.432692;0.432692,2.5,3.0,1,16,12,11,0,1.0,0.0
train_series\1.2.826.0.1.3680043.8.498.93288538765996574291399549037773479273\1.2.826.0.1.3680043.8.498.29306846979515643740232092365256249789.dcm,1.2.826.0.1.3680043.8.498.10009278692606631573540062909909132231,1.2.826.0.1.3680043.8.498.93288538765996574291399549037773479273,1.2.826.0.1.3680043.8.498.29306846979515643740232092365256249789,pd_tse_fs_sag_416_p2_s2,7001,MR,KNEE,,*tseR2d1rr6,MONOCHROME2,f7648f12-847,,,Siemens Healthineers,MAGNETOM Lumina,L,FFS,1.2.840.10008.1.2.1,416,416,23,,0.0129929;0.999165;0.0387266;-0.0222037;0.0390086;-0.998992,87.6299;-115.824;73.7349,0.432692;0.432692,2.5,3.0,1,16,12,11,0,1.0,0.0
train_series\1.2.826.0.1.3680043.8.498.93288538765996574291399549037773479273\1.2.826.0.1.3680043.8.498.29428023240033003159189768924552312848.dcm,1.2.826.0.1.3680043.8.498.10009278692606631573540062909909132231,1.2.826.0.1.3680043.8.498.93288538765996574291399549037773479273,1.2.826.0.1.3680043.8.498.29428023240033003159189768924552312848,pd_tse_fs_sag_416_p2_s2,7001,MR,KNEE,,*tseR2d1rr6,MONOCHROME2,f7648f12-847,,,Siemens Healthineers,MAGNETOM Lumina,L,FFS,1.2.840.10008.1.2.1,416,416,16,,0.0129929;0.999165;0.0387266;-0.0222037;0.0390086;-0.998992,66.6368;-115.57;74.2114,0.432692;0.432692,2.5,3.0,1,16,12,11,0,1.0,0.0
train_series\1.2.826.0.1.3680043.8.498.93288538765996574291399549037773479273\1.2.826.0.1.3680043.8.498.31040834988562830214782633200408657805.dcm,1.2.826.0.1.3680043.8.498.10009278692606631573540062909909132231,1.2.826.0.1.3680043.8.498.93288538765996574291399549037773479273,1.2.826.0.1.3680043.8.498.31040834988562830214782633200408657805,pd_tse_fs_sag_416_p2_s2,7001,MR,KNEE,,*tseR2d1rr6,MONOCHROME2,f7648f12-847,,,Siemens Healthineers,MAGNETOM Lumina,L,FFS,1.2.840.10008.1.2.1,416,416,31,,0.0129929;0.999165;0.0387266;-0.0222037;0.0390086;-0.998992,111.622;-116.115;73.1903,0.432692;0.432692,2.5,3.0,1,16,12,11,0,1.0,0.0
train_series\1.2.826.0.1.3680043.8.498.93288538765996574291399549037773479273\1.2.826.0.1.3680043.8.498.33675592323659963759274331946245088665.dcm,1.2.826.0.1.3680043.8.498.10009278692606631573540062909909132231,1.2.826.0.1.3680043.8.498.93288538765996574291399549037773479273,1.2.826.0.1.3680043.8.498.33675592323659963759274331946245088665,pd_tse_fs_sag_416_p2_s2,7001,MR,KNEE,,*tseR2d1rr6,MONOCHROME2,f7648f12-847,,,Siemens Healthineers,MAGNETOM Lumina,L,FFS,1.2.840.10008.1.2.1,416,416,36,,0.0129929;0.999165;0.0387266;-0.0222037;0.0390086;-0.998992,126.617;-116.297;72.8499,0.432692;0.432692,2.5,3.0,1,16,12,11,0,1.0,0.0
train_series\1.2.826.0.1.3680043.8.498.93288538765996574291399549037773479273\1.2.826.0.1.3680043.8.498.34201751001710347018760880246995649785.dcm,1.2.826.0.1.3680043.8.498.10009278692606631573540062909909132231,1.2.826.0.1.3680043.8.498.93288538765996574291399549037773479273,1.2.826.0.1.3680043.8.498.34201751001710347018760880246995649785,pd_tse_fs_sag_416_p2_s2,7001,MR,KNEE,,*tseR2d1rr6,MONOCHROME2,f7648f12-847,,,Siemens Healthineers,MAGNETOM Lumina,L,FFS,1.2.840.10008.1.2.1,416,416,5,,0.0129929;0.999165;0.0387266;-0.0222037;0.0390086;-0.998992,33.6477;-115.17;74.9603,0.432692;0.432692,2.5,3.0,1,16,12,11,0,1.0,0.0
train_series\1.2.826.0.1.3680043.8.498.93288538765996574291399549037773479273\1.2.826.0.1.3680043.8.498.37089758204231226048695779558366629349.dcm,1.2.826.0.1.3680043.8.498.10009278692606631573540062909909132231,1.2.826.0.1.3680043.8.498.93288538765996574291399549037773479273,1.2.826.0.1.3680043.8.498.37089758204231226048695779558366629349,pd_tse_fs_sag_416_p2_s2,7001,MR,KNEE,,*tseR2d1rr6,MONOCHROME2,f7648f12-847,,,Siemens Healthineers,MAGNETOM Lumina,L,FFS,1.2.840.10008.1.2.1,416,416,27,,0.0129929;0.999165;0.0387266;-0.0222037;0.0390086;-0.998992,99.6259;-115.97;73.4626,0.432692;0.432692,2.5,3.0,1,16,12,11,0,1.0,0.0
train_series\1.2.826.0.1.3680043.8.498.93288538765996574291399549037773479273\1.2.826.0.1.3680043.8.498.37560392538532345326884354961907614292.dcm,1.2.826.0.1.3680043.8.498.10009278692606631573540062909909132231,1.2.826.0.1.3680043.8.498.93288538765996574291399549037773479273,1.2.826.0.1.3680043.8.498.37560392538532345326884354961907614292,pd_tse_fs_sag_416_p2_s2,7001,MR,KNEE,,*tseR2d1rr6,MONOCHROME2,f7648f12-847,,,Siemens Healthineers,MAGNETOM Lumina,L,FFS,1.2.840.10008.1.2.1,416,416,15,,0.0129929;0.999165;0.0387266;-0.0222037;0.0390086;-0.998992,63.6378;-115.533;74.2795,0.432692;0.432692,2.5,3.0,1,16,12,11,0,1.0,0.0
train_series\1.2.826.0.1.3680043.8.498.93288538765996574291399549037773479273\1.2.826.0.1.3680043.8.498.42334966633495541286226232911824747475.dcm,1.2.826.0.1.3680043.8.498.10009278692606631573540062909909132231,1.2.826.0.1.3680043.8.498.93288538765996574291399549037773479273,1.2.826.0.1.3680043.8.498.42334966633495541286226232911824747475,pd_tse_fs_sag_416_p2_s2,7001,MR,KNEE,,*tseR2d1rr6,MONOCHROME2,f7648f12-847,,,Siemens Healthineers,MAGNETOM Lumina,L,FFS,1.2.840.10008.1.2.1,416,416,28,,0.0129929;0.999165;0.0387266;-0.0222037;0.0390086;-0.998992,102.625;-116.006;73.3945,0.432692;0.432692,2.5,3.0,1,16,12,11,0,1.0,0.0
train_series\1.2.826.0.1.3680043.8.498.93288538765996574291399549037773479273\1.2.826.0.1.3680043.8.498.47385845444078477594371814463957229977.dcm,1.2.826.0.1.3680043.8.498.10009278692606631573540062909909132231,1.2.826.0.1.3680043.8.498.93288538765996574291399549037773479273,1.2.826.0.1.3680043.8.498.47385845444078477594371814463957229977,pd_tse_fs_sag_416_p2_s2,7001,MR,KNEE,,*tseR2d1rr6,MONOCHROME2,f7648f12-847,,,Siemens Healthineers,MAGNETOM Lumina,L,FFS,1.2.840.10008.1.2.1,416,416,14,,0.0129929;0.999165;0.0387266;-0.0222037;0.0390086;-0.998992,60.6388;-115.497;74.3476,0.432692;0.432692,2.5,3.0,1,16,12,11,0,1.0,0.0
train_series\1.2.826.0.1.3680043.8.498.93288538765996574291399549037773479273\1.2.826.0.1.3680043.8.498.48029005780476087270963476006452967515.dcm,1.2.826.0.1.3680043.8.498.10009278692606631573540062909909132231,1.2.826.0.1.3680043.8.498.93288538765996574291399549037773479273,1.2.826.0.1.3680043.8.498.48029005780476087270963476006452967515,pd_tse_fs_sag_416_p2_s2,7001,MR,KNEE,,*tseR2d1rr6,MONOCHROME2,f7648f12-847,,,Siemens Healthineers,MAGNETOM Lumina,L,FFS,1.2.840.10008.1.2.1,416,416,18,,0.0129929;0.999165;0.0387266;-0.0222037;0.0390086;-0.998992,72.6348;-115.642;74.0753,0.432692;0.432692,2.5,3.0,1,16,12,11,0,1.0,0.0
train_series\1.2.826.0.1.3680043.8.498.93288538765996574291399549037773479273\1.2.826.0.1.3680043.8.498.51029636349154314845671830268368821582.dcm,1.2.826.0.1.3680043.8.498.10009278692606631573540062909909132231,1.2.826.0.1.3680043.8.498.93288538765996574291399549037773479273,1.2.826.0.1.3680043.8.498.51029636349154314845671830268368821582,pd_tse_fs_sag_416_p2_s2,7001,MR,KNEE,,*tseR2d1rr6,MONOCHROME2,f7648f12-847,,,Siemens Healthineers,MAGNETOM Lumina,L,FFS,1.2.840.10008.1.2.1,416,416,19,,0.0129929;0.999165;0.0387266;-0.0222037;0.0390086;-0.998992,75.6338;-115.679;74.0072,0.432692;0.432692,2.5,3.0,1,16,12,11,0,1.0,0.0
train_series\1.2.826.0.1.3680043.8.498.93288538765996574291399549037773479273\1.2.826.0.1.3680043.8.498.55542601266392285816028806813018124960.dcm,1.2.826.0.1.3680043.8.498.10009278692606631573540062909909132231,1.2.826.0.1.3680043.8.498.93288538765996574291399549037773479273,1.2.826.0.1.3680043.8.498.55542601266392285816028806813018124960,pd_tse_fs_sag_416_p2_s2,7001,MR,KNEE,,*tseR2d1rr6,MONOCHROME2,f7648f12-847,,,Siemens Healthineers,MAGNETOM Lumina,L,FFS,1.2.840.10008.1.2.1,416,416,22,,0.0129929;0.999165;0.0387266;-0.0222037;0.0390086;-0.998992,84.6309;-115.788;73.803,0.432692;0.432692,2.5,3.0,1,16,12,11,0,1.0,0.0
train_series\1.2.826.0.1.3680043.8.498.93288538765996574291399549037773479273\1.2.826.0.1.3680043.8.498.56399976237443740206474951084875592415.dcm,1.2.826.0.1.3680043.8.498.10009278692606631573540062909909132231,1.2.826.0.1.3680043.8.498.93288538765996574291399549037773479273,1.2.826.0.1.3680043.8.498.56399976237443740206474951084875592415,pd_tse_fs_sag_416_p2_s2,7001,MR,KNEE,,*tseR2d1rr6,MONOCHROME2,f7648f12-847,,,Siemens Healthineers,MAGNETOM Lumina,L,FFS,1.2.840.10008.1.2.1,416,416,7,,0.0129929;0.999165;0.0387266;-0.0222037;0.0390086;-0.998992,39.6458;-115.243;74.8241,0.432692;0.432692,2.5,3.0,1,16,12,11,0,1.0,0.0
train_series\1.2.826.0.1.3680043.8.498.93288538765996574291399549037773479273\1.2.826.0.1.3680043.8.498.59627275871289943115640106535839526499.dcm,1.2.826.0.1.3680043.8.498.10009278692606631573540062909909132231,1.2.826.0.1.3680043.8.498.93288538765996574291399549037773479273,1.2.826.0.1.3680043.8.498.59627275871289943115640106535839526499,pd_tse_fs_sag_416_p2_s2,7001,MR,KNEE,,*tseR2d1rr6,MONOCHROME2,f7648f12-847,,,Siemens Healthineers,MAGNETOM Lumina,L,FFS,1.2.840.10008.1.2.1,416,416,1,,0.0129929;0.999165;0.0387266;-0.0222037;0.0390086;-0.998992,21.6517;-115.024;75.2326,0.432692;0.432692,2.5,3.0,1,16,12,11,0,1.0,0.0
train_series\1.2.826.0.1.3680043.8.498.93288538765996574291399549037773479273\1.2.826.0.1.3680043.8.498.59924341102457582633873371146241278786.dcm,1.2.826.0.1.3680043.8.498.10009278692606631573540062909909132231,1.2.826.0.1.3680043.8.498.93288538765996574291399549037773479273,1.2.826.0.1.3680043.8.498.59924341102457582633873371146241278786,pd_tse_fs_sag_416_p2_s2,7001,MR,KNEE,,*tseR2d1rr6,MONOCHROME2,f7648f12-847,,,Siemens Healthineers,MAGNETOM Lumina,L,FFS,1.2.840.10008.1.2.1,416,416,25,,0.0129929;0.999165;0.0387266;-0.0222037;0.0390086;-0.998992,93.6279;-115.897;73.5987,0.432692;0.432692,2.5,3.0,1,16,12,11,0,1.0,0.0
train_series\1.2.826.0.1.3680043.8.498.93288538765996574291399549037773479273\1.2.826.0.1.3680043.8.498.63529912107457608775468299228449140994.dcm,1.2.826.0.1.3680043.8.498.10009278692606631573540062909909132231,1.2.826.0.1.3680043.8.498.93288538765996574291399549037773479273,1.2.826.0.1.3680043.8.498.63529912107457608775468299228449140994,pd_tse_fs_sag_416_p2_s2,7001,MR,KNEE,,*tseR2d1rr6,MONOCHROME2,f7648f12-847,,,Siemens Healthineers,MAGNETOM Lumina,L,FFS,1.2.840.10008.1.2.1,416,416,37,,0.0129929;0.999165;0.0387266;-0.0222037;0.0390086;-0.998992,129.616;-116.333;72.7818,0.432692;0.432692,2.5,3.0,1,16,12,11,0,1.0,0.0
train_series\1.2.826.0.1.3680043.8.498.93288538765996574291399549037773479273\1.2.826.0.1.3680043.8.498.69597650754998294259429816911075423484.dcm,1.2.826.0.1.3680043.8.498.10009278692606631573540062909909132231,1.2.826.0.1.3680043.8.498.93288538765996574291399549037773479273,1.2.826.0.1.3680043.8.498.69597650754998294259429816911075423484,pd_tse_fs_sag_416_p2_s2,7001,MR,KNEE,,*tseR2d1rr6,MONOCHROME2,f7648f12-847,,,Siemens Healthineers,MAGNETOM Lumina,L,FFS,1.2.840.10008.1.2.1,416,416,21,,0.0129929;0.999165;0.0387266;-0.0222037;0.0390086;-0.998992,81.6319;-115.752;73.871,0.432692;0.432692,2.5,3.0,1,16,12,11,0,1.0,0.0
train_series\1.2.826.0.1.3680043.8.498.93288538765996574291399549037773479273\1.2.826.0.1.3680043.8.498.71157573682852741810753773744812378899.dcm,1.2.826.0.1.3680043.8.498.10009278692606631573540062909909132231,1.2.826.0.1.3680043.8.498.93288538765996574291399549037773479273,1.2.826.0.1.3680043.8.498.71157573682852741810753773744812378899,pd_tse_fs_sag_416_p2_s2,7001,MR,KNEE,,*tseR2d1rr6,MONOCHROME2,f7648f12-847,,,Siemens Healthineers,MAGNETOM Lumina,L,FFS,1.2.840.10008.1.2.1,416,416,3,,0.0129929;0.999165;0.0387266;-0.0222037;0.0390086;-0.998992,27.6497;-115.097;75.0964,0.432692;0.432692,2.5,3.0,1,16,12,11,0,1.0,0.0
train_series\1.2.826.0.1.3680043.8.498.93288538765996574291399549037773479273\1.2.826.0.1.3680043.8.498.71382231301180277462995538928932757600.dcm,1.2.826.0.1.3680043.8.498.10009278692606631573540062909909132231,1.2.826.0.1.3680043.8.498.93288538765996574291399549037773479273,1.2.826.0.1.3680043.8.498.71382231301180277462995538928932757600,pd_tse_fs_sag_416_p2_s2,7001,MR,KNEE,,*tseR2d1rr6,MONOCHROME2,f7648f12-847,,,Siemens Healthineers,MAGNETOM Lumina,L,FFS,1.2.840.10008.1.2.1,416,416,30,,0.0129929;0.999165;0.0387266;-0.0222037;0.0390086;-0.998992,108.623;-116.079;73.2584,0.432692;0.432692,2.5,3.0,1,16,12,11,0,1.0,0.0
train_series\1.2.826.0.1.3680043.8.498.93288538765996574291399549037773479273\1.2.826.0.1.3680043.8.498.73367508383732288313924334449326616117.dcm,1.2.826.0.1.3680043.8.498.10009278692606631573540062909909132231,1.2.826.0.1.3680043.8.498.93288538765996574291399549037773479273,1.2.826.0.1.3680043.8.498.73367508383732288313924334449326616117,pd_tse_fs_sag_416_p2_s2,7001,MR,KNEE,,*tseR2d1rr6,MONOCHROME2,f7648f12-847,,,Siemens Healthineers,MAGNETOM Lumina,L,FFS,1.2.840.10008.1.2.1,416,416,13,,0.0129929;0.999165;0.0387266;-0.0222037;0.0390086;-0.998992,57.6398;-115.461;74.4156,0.432692;0.432692,2.5,3.0,1,16,12,11,0,1.0,0.0
train_series\1.2.826.0.1.3680043.8.498.93288538765996574291399549037773479273\1.2.826.0.1.3680043.8.498.76550854168511587561146823880402695728.dcm,1.2.826.0.1.3680043.8.498.10009278692606631573540062909909132231,1.2.826.0.1.3680043.8.498.93288538765996574291399549037773479273,1.2.826.0.1.3680043.8.498.76550854168511587561146823880402695728,pd_tse_fs_sag_416_p2_s2,7001,MR,KNEE,,*tseR2d1rr6,MONOCHROME2,f7648f12-847,,,Siemens Healthineers,MAGNETOM Lumina,L,FFS,1.2.840.10008.1.2.1,416,416,8,,0.0129929;0.999165;0.0387266;-0.0222037;0.0390086;-0.998992,42.6448;-115.279;74.756,0.432692;0.432692,2.5,3.0,1,16,12,11,0,1.0,0.0
train_series\1.2.826.0.1.3680043.8.498.93288538765996574291399549037773479273\1.2.826.0.1.3680043.8.498.81272296916909938410832187167170760634.dcm,1.2.826.0.1.3680043.8.498.10009278692606631573540062909909132231,1.2.826.0.1.3680043.8.498.93288538765996574291399549037773479273,1.2.826.0.1.3680043.8.498.81272296916909938410832187167170760634,pd_tse_fs_sag_416_p2_s2,7001,MR,KNEE,,*tseR2d1rr6,MONOCHROME2,f7648f12-847,,,Siemens Healthineers,MAGNETOM Lumina,L,FFS,1.2.840.10008.1.2.1,416,416,20,,0.0129929;0.999165;0.0387266;-0.0222037;0.0390086;-0.998992,78.6328;-115.715;73.9391,0.432692;0.432692,2.5,3.0,1,16,12,11,0,1.0,0.0
train_series\1.2.826.0.1.3680043.8.498.93288538765996574291399549037773479273\1.2.826.0.1.3680043.8.498.83776332295037370874686618360240672262.dcm,1.2.826.0.1.3680043.8.498.10009278692606631573540062909909132231,1.2.826.0.1.3680043.8.498.93288538765996574291399549037773479273,1.2.826.0.1.3680043.8.498.83776332295037370874686618360240672262,pd_tse_fs_sag_416_p2_s2,7001,MR,KNEE,,*tseR2d1rr6,MONOCHROME2,f7648f12-847,,,Siemens Healthineers,MAGNETOM Lumina,L,FFS,1.2.840.10008.1.2.1,416,416,32,,0.0129929;0.999165;0.0387266;-0.0222037;0.0390086;-0.998992,114.621;-116.152;73.1222,0.432692;0.432692,2.5,3.0,1,16,12,11,0,1.0,0.0
train_series\1.2.826.0.1.3680043.8.498.93288538765996574291399549037773479273\1.2.826.0.1.3680043.8.498.87634418585958852840044064840434132109.dcm,1.2.826.0.1.3680043.8.498.10009278692606631573540062909909132231,1.2.826.0.1.3680043.8.498.93288538765996574291399549037773479273,1.2.826.0.1.3680043.8.498.87634418585958852840044064840434132109,pd_tse_fs_sag_416_p2_s2,7001,MR,KNEE,,*tseR2d1rr6,MONOCHROME2,f7648f12-847,,,Siemens Healthineers,MAGNETOM Lumina,L,FFS,1.2.840.10008.1.2.1,416,416,34,,0.0129929;0.999165;0.0387266;-0.0222037;0.0390086;-0.998992,120.619;-116.224;72.9861,0.432692;0.432692,2.5,3.0,1,16,12,11,0,1.0,0.0
train_series\1.2.826.0.1.3680043.8.498.93288538765996574291399549037773479273\1.2.826.0.1.3680043.8.498.89311707578511670955422260926720975834.dcm,1.2.826.0.1.3680043.8.498.10009278692606631573540062909909132231,1.2.826.0.1.3680043.8.498.93288538765996574291399549037773479273,1.2.826.0.1.3680043.8.498.89311707578511670955422260926720975834,pd_tse_fs_sag_416_p2_s2,7001,MR,KNEE,,*tseR2d1rr6,MONOCHROME2,f7648f12-847,,,Siemens Healthineers,MAGNETOM Lumina,L,FFS,1.2.840.10008.1.2.1,416,416,29,,0.0129929;0.999165;0.0387266;-0.0222037;0.0390086;-0.998992,105.624;-116.042;73.3264,0.432692;0.432692,2.5,3.0,1,16,12,11,0,1.0,0.0
train_series\1.2.826.0.1.3680043.8.498.93288538765996574291399549037773479273\1.2.826.0.1.3680043.8.498.89965447999223246739453023837803755557.dcm,1.2.826.0.1.3680043.8.498.10009278692606631573540062909909132231,1.2.826.0.1.3680043.8.498.93288538765996574291399549037773479273,1.2.826.0.1.3680043.8.498.89965447999223246739453023837803755557,pd_tse_fs_sag_416_p2_s2,7001,MR,KNEE,,*tseR2d1rr6,MONOCHROME2,f7648f12-847,,,Siemens Healthineers,MAGNETOM Lumina,L,FFS,1.2.840.10008.1.2.1,416,416,2,,0.0129929;0.999165;0.0387266;-0.0222037;0.0390086;-0.998992,24.6507;-115.061;75.1645,0.432692;0.432692,2.5,3.0,1,16,12,11,0,1.0,0.0
train_series\1.2.826.0.1.3680043.8.498.93288538765996574291399549037773479273\1.2.826.0.1.3680043.8.498.91982388823947413335702674050116628550.dcm,1.2.826.0.1.3680043.8.498.10009278692606631573540062909909132231,1.2.826.0.1.3680043.8.498.93288538765996574291399549037773479273,1.2.826.0.1.3680043.8.498.91982388823947413335702674050116628550,pd_tse_fs_sag_416_p2_s2,7001,MR,KNEE,,*tseR2d1rr6,MONOCHROME2,f7648f12-847,,,Siemens Healthineers,MAGNETOM Lumina,L,FFS,1.2.840.10008.1.2.1,416,416,38,,0.0129929;0.999165;0.0387266;-0.0222037;0.0390086;-0.998992,132.615;-116.37;72.7137,0.432692;0.432692,2.5,3.0,1,16,12,11,0,1.0,0.0
train_series\1.2.826.0.1.3680043.8.498.93288538765996574291399549037773479273\1.2.826.0.1.3680043.8.498.95214157417495671523928205916162878073.dcm,1.2.826.0.1.3680043.8.498.10009278692606631573540062909909132231,1.2.826.0.1.3680043.8.498.93288538765996574291399549037773479273,1.2.826.0.1.3680043.8.498.95214157417495671523928205916162878073,pd_tse_fs_sag_416_p2_s2,7001,MR,KNEE,,*tseR2d1rr6,MONOCHROME2,f7648f12-847,,,Siemens Healthineers,MAGNETOM Lumina,L,FFS,1.2.840.10008.1.2.1,416,416,33,,0.0129929;0.999165;0.0387266;-0.0222037;0.0390086;-0.998992,117.62;-116.188;73.0541,0.432692;0.432692,2.5,3.0,1,16,12,11,0,1.0,0.0
train_series\1.2.826.0.1.3680043.8.498.93288538765996574291399549037773479273\1.2.826.0.1.3680043.8.498.96243090161455281559086116616329268535.dcm,1.2.826.0.1.3680043.8.498.10009278692606631573540062909909132231,1.2.826.0.1.3680043.8.498.93288538765996574291399549037773479273,1.2.826.0.1.3680043.8.498.96243090161455281559086116616329268535,pd_tse_fs_sag_416_p2_s2,7001,MR,KNEE,,*tseR2d1rr6,MONOCHROME2,f7648f12-847,,,Siemens Healthineers,MAGNETOM Lumina,L,FFS,1.2.840.10008.1.2.1,416,416,4,,0.0129929;0.999165;0.0387266;-0.0222037;0.0390086;-0.998992,30.6487;-115.133;75.0283,0.432692;0.432692,2.5,3.0,1,16,12,11,0,1.0,0.0
train_series\1.2.826.0.1.3680043.8.498.93288538765996574291399549037773479273\1.2.826.0.1.3680043.8.498.97479880696231394740292393813332250986.dcm,1.2.826.0.1.3680043.8.498.10009278692606631573540062909909132231,1.2.826.0.1.3680043.8.498.93288538765996574291399549037773479273,1.2.826.0.1.3680043.8.498.97479880696231394740292393813332250986,pd_tse_fs_sag_416_p2_s2,7001,MR,KNEE,,*tseR2d1rr6,MONOCHROME2,f7648f12-847,,,Siemens Healthineers,MAGNETOM Lumina,L,FFS,1.2.840.10008.1.2.1,416,416,11,,0.0129929;0.999165;0.0387266;-0.0222037;0.0390086;-0.998992,51.6418;-115.388;74.5518,0.432692;0.432692,2.5,3.0,1,16,12,11,0,1.0,0.0
train_series\1.2.826.0.1.3680043.8.498.93288538765996574291399549037773479273\1.2.826.0.1.3680043.8.498.99692119993365350792721459162867201915.dcm,1.2.826.0.1.3680043.8.498.10009278692606631573540062909909132231,1.2.826.0.1.3680043.8.498.93288538765996574291399549037773479273,1.2.826.0.1.3680043.8.498.99692119993365350792721459162867201915,pd_tse_fs_sag_416_p2_s2,7001,MR,KNEE,,*tseR2d1rr6,MONOCHROME2,f7648f12-847,,,Siemens Healthineers,MAGNETOM Lumina,L,FFS,1.2.840.10008.1.2.1,416,416,9,,0.0129929;0.999165;0.0387266;-0.0222037;0.0390086;-0.998992,45.6438;-115.315;74.688,0.432692;0.432692,2.5,3.0,1,16,12,11,0,1.0,0.0
train_series\1.2.826.0.1.3680043.8.498.94462014065647174693220681811845777102\1.2.826.0.1.3680043.8.498.10299148363266234430361294224681696827.dcm,1.2.826.0.1.3680043.8.498.10013663742400736029415768216599146542,1.2.826.0.1.3680043.8.498.94462014065647174693220681811845777102,1.2.826.0.1.3680043.8.498.10299148363266234430361294224681696827,RT. PD_TSE_TRA_FS,7,MR,KNEE,,*tse2d1_15,MONOCHROME2,0adaf01b-2dc,,,Siemens Healthineers,MAGNETOM Aera,R,FFS,1.2.840.10008.1.2.1,384,384,16,,0.998027;0.00320634;-0.0627091;2.70025e-10;0.998695;0.0510638,-167.126;-105.744;-13.7275,0.416667;0.416667,3.0,3.3,1,16,12,11,0,1.0,0.0
train_series\1.2.826.0.1.3680043.8.498.94462014065647174693220681811845777102\1.2.826.0.1.3680043.8.498.10477865917451951800653914241051115640.dcm,1.2.826.0.1.3680043.8.498.10013663742400736029415768216599146542,1.2.826.0.1.3680043.8.498.94462014065647174693220681811845777102,1.2.826.0.1.3680043.8.498.10477865917451951800653914241051115640,RT. PD_TSE_TRA_FS,7,MR,KNEE,,*tse2d1_15,MONOCHROME2,0adaf01b-2dc,,,Siemens Healthineers,MAGNETOM Aera,R,FFS,1.2.840.10008.1.2.1,384,384,38,,0.998027;0.00320634;-0.0627091;2.70025e-10;0.998695;0.0510638,-171.684;-102.044;-86.0898,0.416667;0.416667,3.0,3.3,1,16,12,11,0,1.0,0.0
train_series\1.2.826.0.1.3680043.8.498.94462014065647174693220681811845777102\1.2.826.0.1.3680043.8.498.10666309604152686397622985268606930227.dcm,1.2.826.0.1.3680043.8.498.10013663742400736029415768216599146542,1.2.826.0.1.3680043.8.498.94462014065647174693220681811845777102,1.2.826.0.1.3680043.8.498.10666309604152686397622985268606930227,RT. PD_TSE_TRA_FS,7,MR,KNEE,,*tse2d1_15,MONOCHROME2,0adaf01b-2dc,,,Siemens Healthineers,MAGNETOM Aera,R,FFS,1.2.840.10008.1.2.1,384,384,37,,0.998027;0.00320634;-0.0627091;2.70025e-10;0.998695;0.0510638,-171.477;-102.212;-82.8006,0.416667;0.416667,3.0,3.3,1,16,12,11,0,1.0,0.0
train_series\1.2.826.0.1.3680043.8.498.94462014065647174693220681811845777102\1.2.826.0.1.3680043.8.498.10676777053200835309868491841002811064.dcm,1.2.826.0.1.3680043.8.498.10013663742400736029415768216599146542,1.2.826.0.1.3680043.8.498.94462014065647174693220681811845777102,1.2.826.0.1.3680043.8.498.10676777053200835309868491841002811064,RT. PD_TSE_TRA_FS,7,MR,KNEE,,*tse2d1_15,MONOCHROME2,0adaf01b-2dc,,,Siemens Healthineers,MAGNETOM Aera,R,FFS,1.2.840.10008.1.2.1,384,384,3,,0.998027;0.00320634;-0.0627091;2.70025e-10;0.998695;0.0510638,-164.432;-107.93;29.032,0.416667;0.416667,3.0,3.3,1,16,12,11,0,1.0,0.0
train_series\1.2.826.0.1.3680043.8.498.94462014065647174693220681811845777102\1.2.826.0.1.3680043.8.498.10725961045698842194596901679633294693.dcm,1.2.826.0.1.3680043.8.498.10013663742400736029415768216599146542,1.2.826.0.1.3680043.8.498.94462014065647174693220681811845777102,1.2.826.0.1.3680043.8.498.10725961045698842194596901679633294693,RT. PD_TSE_TRA_FS,7,MR,KNEE,,*tse2d1_15,MONOCHROME2,0adaf01b-2dc,,,Siemens Healthineers,MAGNETOM Aera,R,FFS,1.2.840.10008.1.2.1,384,384,12,,0.998027;0.00320634;-0.0627091;2.70025e-10;0.998695;0.0510638,-166.297;-106.417;-0.570767,0.416667;0.416667,3.0,3.3,1,16,12,11,0,1.0,0.0
train_series\1.2.826.0.1.3680043.8.498.94462014065647174693220681811845777102\1.2.826.0.1.3680043.8.498.10841868046488360900389304683245550779.dcm,1.2.826.0.1.3680043.8.498.10013663742400736029415768216599146542,1.2.826.0.1.3680043.8.498.94462014065647174693220681811845777102,1.2.826.0.1.3680043.8.498.10841868046488360900389304683245550779,RT. PD_TSE_TRA_FS,7,MR,KNEE,,*tse2d1_15,MONOCHROME2,0adaf01b-2dc,,,Siemens Healthineers,MAGNETOM Aera,R,FFS,1.2.840.10008.1.2.1,384,384,23,,0.998027;0.00320634;-0.0627091;2.70025e-10;0.998695;0.0510638,-168.576;-104.567;-36.7519,0.416667;0.416667,3.0,3.3,1,16,12,11,0,1.0,0.0
train_series\1.2.826.0.1.3680043.8.498.94462014065647174693220681811845777102\1.2.826.0.1.3680043.8.498.10891092522814149923202719785522631726.dcm,1.2.826.0.1.3680043.8.498.10013663742400736029415768216599146542,1.2.826.0.1.3680043.8.498.94462014065647174693220681811845777102,1.2.826.0.1.3680043.8.498.10891092522814149923202719785522631726,RT. PD_TSE_TRA_FS,7,MR,KNEE,,*tse2d1_15,MONOCHROME2,0adaf01b-2dc,,,Siemens Healthineers,MAGNETOM Aera,R,FFS,1.2.840.10008.1.2.1,384,384,22,,0.998027;0.00320634;-0.0627091;2.70025e-10;0.998695;0.0510638,-168.369;-104.735;-33.4627,0.416667;0.416667,3.0,3.3,1,16,12,11,0,1.0,0.0
train_series\1.2.826.0.1.3680043.8.498.94462014065647174693220681811845777102\1.2.826.0.1.3680043.8.498.10906837969639707503203328233234962161.dcm,1.2.826.0.1.3680043.8.498.10013663742400736029415768216599146542,1.2.826.0.1.3680043.8.498.94462014065647174693220681811845777102,1.2.826.0.1.3680043.8.498.10906837969639707503203328233234962161,RT. PD_TSE_TRA_FS,7,MR,KNEE,,*tse2d1_15,MONOCHROME2,0adaf01b-2dc,,,Siemens Healthineers,MAGNETOM Aera,R,FFS,1.2.840.10008.1.2.1,384,384,13,,0.998027;0.00320634;-0.0627091;2.70025e-10;0.998695;0.0510638,-166.504;-106.249;-3.85996,0.416667;0.416667,3.0,3.3,1,16,12,11,0,1.0,0.0
train_series\1.2.826.0.1.3680043.8.498.94462014065647174693220681811845777102\1.2.826.0.1.3680043.8.498.11153029207291748143398106969395794046.dcm,1.2.826.0.1.3680043.8.498.10013663742400736029415768216599146542,1.2.826.0.1.3680043.8.498.94462014065647174693220681811845777102,1.2.826.0.1.3680043.8.498.11153029207291748143398106969395794046,RT. PD_TSE_TRA_FS,7,MR,KNEE,,*tse2d1_15,MONOCHROME2,0adaf01b-2dc,,,Siemens Healthineers,MAGNETOM Aera,R,FFS,1.2.840.10008.1.2.1,384,384,9,,0.998027;0.00320634;-0.0627091;2.70025e-10;0.998695;0.0510638,-165.675;-106.921;9.29681,0.416667;0.416667,3.0,3.3,1,16,12,11,0,1.0,0.0
train_series\1.2.826.0.1.3680043.8.498.94462014065647174693220681811845777102\1.2.826.0.1.3680043.8.498.11349161614513868810583566153671977989.dcm,1.2.826.0.1.3680043.8.498.10013663742400736029415768216599146542,1.2.826.0.1.3680043.8.498.94462014065647174693220681811845777102,1.2.826.0.1.3680043.8.498.11349161614513868810583566153671977989,RT. PD_TSE_TRA_FS,7,MR,KNEE,,*tse2d1_15,MONOCHROME2,0adaf01b-2dc,,,Siemens Healthineers,MAGNETOM Aera,R,FFS,1.2.840.10008.1.2.1,384,384,14,,0.998027;0.00320634;-0.0627091;2.70025e-10;0.998695;0.0510638,-166.711;-106.08;-7.14915,0.416667;0.416667,3.0,3.3,1,16,12,11,0,1.0,0.0
train_series\1.2.826.0.1.3680043.8.498.94462014065647174693220681811845777102\1.2.826.0.1.3680043.8.498.13277065655764833524945587811700886230.dcm,1.2.826.0.1.3680043.8.498.10013663742400736029415768216599146542,1.2.826.0.1.3680043.8.498.94462014065647174693220681811845777102,1.2.826.0.1.3680043.8.498.13277065655764833524945587811700886230,RT. PD_TSE_TRA_FS,7,MR,KNEE,,*tse2d1_15,MONOCHROME2,0adaf01b-2dc,,,Siemens Healthineers,MAGNETOM Aera,R,FFS,1.2.840.10008.1.2.1,384,384,4,,0.998027;0.00320634;-0.0627091;2.70025e-10;0.998695;0.0510638,-164.639;-107.762;25.7428,0.416667;0.416667,3.0,3.3,1,16,12,11,0,1.0,0.0
train_series\1.2.826.0.1.3680043.8.498.94462014065647174693220681811845777102\1.2.826.0.1.3680043.8.498.14881581431918908378227017291160857045.dcm,1.2.826.0.1.3680043.8.498.10013663742400736029415768216599146542,1.2.826.0.1.3680043.8.498.94462014065647174693220681811845777102,1.2.826.0.1.3680043.8.498.14881581431918908378227017291160857045,RT. PD_TSE_TRA_FS,7,MR,KNEE,,*tse2d1_15,MONOCHROME2,0adaf01b-2dc,,,Siemens Healthineers,MAGNETOM Aera,R,FFS,1.2.840.10008.1.2.1,384,384,20,,0.998027;0.00320634;-0.0627091;2.70025e-10;0.998695;0.0510638,-167.954;-105.071;-26.8843,0.416667;0.416667,3.0,3.3,1,16,12,11,0,1.0,0.0
train_series\1.2.826.0.1.3680043.8.498.94462014065647174693220681811845777102\1.2.826.0.1.3680043.8.498.23698993918139815424429678178432781985.dcm,1.2.826.0.1.3680043.8.498.10013663742400736029415768216599146542,1.2.826.0.1.3680043.8.498.94462014065647174693220681811845777102,1.2.826.0.1.3680043.8.498.23698993918139815424429678178432781985,RT. PD_TSE_TRA_FS,7,MR,KNEE,,*tse2d1_15,MONOCHROME2,0adaf01b-2dc,,,Siemens Healthineers,MAGNETOM Aera,R,FFS,1.2.840.10008.1.2.1,384,384,39,,0.998027;0.00320634;-0.0627091;2.70025e-10;0.998695;0.0510638,-171.891;-101.876;-89.379,0.416667;0.416667,3.0,3.3,1,16,12,11,0,1.0,0.0
train_series\1.2.826.0.1.3680043.8.498.94462014065647174693220681811845777102\1.2.826.0.1.3680043.8.498.25182239710795936010072760381686113011.dcm,1.2.826.0.1.3680043.8.498.10013663742400736029415768216599146542,1.2.826.0.1.3680043.8.498.94462014065647174693220681811845777102,1.2.826.0.1.3680043.8.498.25182239710795936010072760381686113011,RT. PD_TSE_TRA_FS,7,MR,KNEE,,*tse2d1_15,MONOCHROME2,0adaf01b-2dc,,,Siemens Healthineers,MAGNETOM Aera,R,FFS,1.2.840.10008.1.2.1,384,384,1,,0.998027;0.00320634;-0.0627091;2.70025e-10;0.998695;0.0510638,-164.017;-108.267;35.6104,0.416667;0.416667,3.0,3.3,1,16,12,11,0,1.0,0.0
train_series\1.2.826.0.1.3680043.8.498.94462014065647174693220681811845777102\1.2.826.0.1.3680043.8.498.25578586276046601871262366543602139710.dcm,1.2.826.0.1.3680043.8.498.10013663742400736029415768216599146542,1.2.826.0.1.3680043.8.498.94462014065647174693220681811845777102,1.2.826.0.1.3680043.8.498.25578586276046601871262366543602139710,RT. PD_TSE_TRA_FS,7,MR,KNEE,,*tse2d1_15,MONOCHROME2,0adaf01b-2dc,,,Siemens Healthineers,MAGNETOM Aera,R,FFS,1.2.840.10008.1.2.1,384,384,36,,0.998027;0.00320634;-0.0627091;2.70025e-10;0.998695;0.0510638,-171.27;-102.38;-79.5114,0.416667;0.416667,3.0,3.3,1,16,12,11,0,1.0,0.0
train_series\1.2.826.0.1.3680043.8.498.94462014065647174693220681811845777102\1.2.826.0.1.3680043.8.498.25729735893530574038660440518450409390.dcm,1.2.826.0.1.3680043.8.498.10013663742400736029415768216599146542,1.2.826.0.1.3680043.8.498.94462014065647174693220681811845777102,1.2.826.0.1.3680043.8.498.25729735893530574038660440518450409390,RT. PD_TSE_TRA_FS,7,MR,KNEE,,*tse2d1_15,MONOCHROME2,0adaf01b-2dc,,,Siemens Healthineers,MAGNETOM Aera,R,FFS,1.2.840.10008.1.2.1,384,384,19,,0.998027;0.00320634;-0.0627091;2.70025e-10;0.998695;0.0510638,-167.747;-105.239;-23.5951,0.416667;0.416667,3.0,3.3,1,16,12,11,0,1.0,0.0
train_series\1.2.826.0.1.3680043.8.498.94462014065647174693220681811845777102\1.2.826.0.1.3680043.8.498.32468072599776638608542546597005020376.dcm,1.2.826.0.1.3680043.8.498.10013663742400736029415768216599146542,1.2.826.0.1.3680043.8.498.94462014065647174693220681811845777102,1.2.826.0.1.3680043.8.498.32468072599776638608542546597005020376,RT. PD_TSE_TRA_FS,7,MR,KNEE,,*tse2d1_15,MONOCHROME2,0adaf01b-2dc,,,Siemens Healthineers,MAGNETOM Aera,R,FFS,1.2.840.10008.1.2.1,384,384,34,,0.998027;0.00320634;-0.0627091;2.70025e-10;0.998695;0.0510638,-170.855;-102.717;-72.933,0.416667;0.416667,3.0,3.3,1,16,12,11,0,1.0,0.0
train_series\1.2.826.0.1.3680043.8.498.94462014065647174693220681811845777102\1.2.826.0.1.3680043.8.498.35240520529598062334388406704742748222.dcm,1.2.826.0.1.3680043.8.498.10013663742400736029415768216599146542,1.2.826.0.1.3680043.8.498.94462014065647174693220681811845777102,1.2.826.0.1.3680043.8.498.35240520529598062334388406704742748222,RT. PD_TSE_TRA_FS,7,MR,KNEE,,*tse2d1_15,MONOCHROME2,0adaf01b-2dc,,,Siemens Healthineers,MAGNETOM Aera,R,FFS,1.2.840.10008.1.2.1,384,384,2,,0.998027;0.00320634;-0.0627091;2.70025e-10;0.998695;0.0510638,-164.225;-108.099;32.3212,0.416667;0.416667,3.0,3.3,1,16,12,11,0,1.0,0.0
train_series\1.2.826.0.1.3680043.8.498.94462014065647174693220681811845777102\1.2.826.0.1.3680043.8.498.48998129912390703677457289605778900908.dcm,1.2.826.0.1.3680043.8.498.10013663742400736029415768216599146542,1.2.826.0.1.3680043.8.498.94462014065647174693220681811845777102,1.2.826.0.1.3680043.8.498.48998129912390703677457289605778900908,RT. PD_TSE_TRA_FS,7,MR,KNEE,,*tse2d1_15,MONOCHROME2,0adaf01b-2dc,,,Siemens Healthineers,MAGNETOM Aera,R,FFS,1.2.840.10008.1.2.1,384,384,28,,0.998027;0.00320634;-0.0627091;2.70025e-10;0.998695;0.0510638,-169.612;-103.726;-53.1978,0.416667;0.416667,3.0,3.3,1,16,12,11,0,1.0,0.0
train_series\1.2.826.0.1.3680043.8.498.94462014065647174693220681811845777102\1.2.826.0.1.3680043.8.498.49139268876810364453205589238069326103.dcm,1.2.826.0.1.3680043.8.498.10013663742400736029415768216599146542,1.2.826.0.1.3680043.8.498.94462014065647174693220681811845777102,1.2.826.0.1.3680043.8.498.49139268876810364453205589238069326103,RT. PD_TSE_TRA_FS,7,MR,KNEE,,*tse2d1_15,MONOCHROME2,0adaf01b-2dc,,,Siemens Healthineers,MAGNETOM Aera,R,FFS,1.2.840.10008.1.2.1,384,384,15,,0.998027;0.00320634;-0.0627091;2.70025e-10;0.998695;0.0510638,-166.918;-105.912;-10.4383,0.416667;0.416667,3.0,3.3,1,16,12,11,0,1.0,0.0
train_series\1.2.826.0.1.3680043.8.498.94462014065647174693220681811845777102\1.2.826.0.1.3680043.8.498.49191529853633626482006613703708343237.dcm,1.2.826.0.1.3680043.8.498.10013663742400736029415768216599146542,1.2.826.0.1.3680043.8.498.94462014065647174693220681811845777102,1.2.826.0.1.3680043.8.498.49191529853633626482006613703708343237,RT. PD_TSE_TRA_FS,7,MR,KNEE,,*tse2d1_15,MONOCHROME2,0adaf01b-2dc,,,Siemens Healthineers,MAGNETOM Aera,R,FFS,1.2.840.10008.1.2.1,384,384,7,,0.998027;0.00320634;-0.0627091;2.70025e-10;0.998695;0.0510638,-165.261;-107.258;15.8752,0.416667;0.416667,3.0,3.3,1,16,12,11,0,1.0,0.0
train_series\1.2.826.0.1.3680043.8.498.94462014065647174693220681811845777102\1.2.826.0.1.3680043.8.498.52079297487004832595860000691726176527.dcm,1.2.826.0.1.3680043.8.498.10013663742400736029415768216599146542,1.2.826.0.1.3680043.8.498.94462014065647174693220681811845777102,1.2.826.0.1.3680043.8.498.52079297487004832595860000691726176527,RT. PD_TSE_TRA_FS,7,MR,KNEE,,*tse2d1_15,MONOCHROME2,0adaf01b-2dc,,,Siemens Healthineers,MAGNETOM Aera,R,FFS,1.2.840.10008.1.2.1,384,384,18,,0.998027;0.00320634;-0.0627091;2.70025e-10;0.998695;0.0510638,-167.54;-105.408;-20.3059,0.416667;0.416667,3.0,3.3,1,16,12,11,0,1.0,0.0
train_series\1.2.826.0.1.3680043.8.498.94462014065647174693220681811845777102\1.2.826.0.1.3680043.8.498.54156494697640001636766401037414475157.dcm,1.2.826.0.1.3680043.8.498.10013663742400736029415768216599146542,1.2.826.0.1.3680043.8.498.94462014065647174693220681811845777102,1.2.826.0.1.3680043.8.498.54156494697640001636766401037414475157,RT. PD_TSE_TRA_FS,7,MR,KNEE,,*tse2d1_15,MONOCHROME2,0adaf01b-2dc,,,Siemens Healthineers,MAGNETOM Aera,R,FFS,1.2.840.10008.1.2.1,384,384,21,,0.998027;0.00320634;-0.0627091;2.70025e-10;0.998695;0.0510638,-168.162;-104.903;-30.1735,0.416667;0.416667,3.0,3.3,1,16,12,11,0,1.0,0.0
train_series\1.2.826.0.1.3680043.8.498.94462014065647174693220681811845777102\1.2.826.0.1.3680043.8.498.55207209427233269796424941814985131553.dcm,1.2.826.0.1.3680043.8.498.10013663742400736029415768216599146542,1.2.826.0.1.3680043.8.498.94462014065647174693220681811845777102,1.2.826.0.1.3680043.8.498.55207209427233269796424941814985131553,RT. PD_TSE_TRA_FS,7,MR,KNEE,,*tse2d1_15,MONOCHROME2,0adaf01b-2dc,,,Siemens Healthineers,MAGNETOM Aera,R,FFS,1.2.840.10008.1.2.1,384,384,25,,0.998027;0.00320634;-0.0627091;2.70025e-10;0.998695;0.0510638,-168.99;-104.23;-43.3303,0.416667;0.416667,3.0,3.3,1,16,12,11,0,1.0,0.0
train_series\1.2.826.0.1.3680043.8.498.94462014065647174693220681811845777102\1.2.826.0.1.3680043.8.498.62210760156526014723920221266188655863.dcm,1.2.826.0.1.3680043.8.498.10013663742400736029415768216599146542,1.2.826.0.1.3680043.8.498.94462014065647174693220681811845777102,1.2.826.0.1.3680043.8.498.62210760156526014723920221266188655863,RT. PD_TSE_TRA_FS,7,MR,KNEE,,*tse2d1_15,MONOCHROME2,0adaf01b-2dc,,,Siemens Healthineers,MAGNETOM Aera,R,FFS,1.2.840.10008.1.2.1,384,384,32,,0.998027;0.00320634;-0.0627091;2.70025e-10;0.998695;0.0510638,-170.441;-103.053;-66.3546,0.416667;0.416667,3.0,3.3,1,16,12,11,0,1.0,0.0
train_series\1.2.826.0.1.3680043.8.498.94462014065647174693220681811845777102\1.2.826.0.1.3680043.8.498.62672458377551470297064010474009208795.dcm,1.2.826.0.1.3680043.8.498.10013663742400736029415768216599146542,1.2.826.0.1.3680043.8.498.94462014065647174693220681811845777102,1.2.826.0.1.3680043.8.498.62672458377551470297064010474009208795,RT. PD_TSE_TRA_FS,7,MR,KNEE,,*tse2d1_15,MONOCHROME2,0adaf01b-2dc,,,Siemens Healthineers,MAGNETOM Aera,R,FFS,1.2.840.10008.1.2.1,384,384,33,,0.998027;0.00320634;-0.0627091;2.70025e-10;0.998695;0.0510638,-170.648;-102.885;-69.6438,0.416667;0.416667,3.0,3.3,1,16,12,11,0,1.0,0.0
train_series\1.2.826.0.1.3680043.8.498.94462014065647174693220681811845777102\1.2.826.0.1.3680043.8.498.66782376941528893422286626563008412021.dcm,1.2.826.0.1.3680043.8.498.10013663742400736029415768216599146542,1.2.826.0.1.3680043.8.498.94462014065647174693220681811845777102,1.2.826.0.1.3680043.8.498.66782376941528893422286626563008412021,RT. PD_TSE_TRA_FS,7,MR,KNEE,,*tse2d1_15,MONOCHROME2,0adaf01b-2dc,,,Siemens Healthineers,MAGNETOM Aera,R,FFS,1.2.840.10008.1.2.1,384,384,5,,0.998027;0.00320634;-0.0627091;2.70025e-10;0.998695;0.0510638,-164.846;-107.594;22.4536,0.416667;0.416667,3.0,3.3,1,16,12,11,0,1.0,0.0
train_series\1.2.826.0.1.3680043.8.498.94462014065647174693220681811845777102\1.2.826.0.1.3680043.8.498.72750835089118029017198394985810242426.dcm,1.2.826.0.1.3680043.8.498.10013663742400736029415768216599146542,1.2.826.0.1.3680043.8.498.94462014065647174693220681811845777102,1.2.826.0.1.3680043.8.498.72750835089118029017198394985810242426,RT. PD_TSE_TRA_FS,7,MR,KNEE,,*tse2d1_15,MONOCHROME2,0adaf01b-2dc,,,Siemens Healthineers,MAGNETOM Aera,R,FFS,1.2.840.10008.1.2.1,384,384,29,,0.998027;0.00320634;-0.0627091;2.70025e-10;0.998695;0.0510638,-169.819;-103.558;-56.487,0.416667;0.416667,3.0,3.3,1,16,12,11,0,1.0,0.0
train_series\1.2.826.0.1.3680043.8.498.94462014065647174693220681811845777102\1.2.826.0.1.3680043.8.498.75337904295638662529269258381086391010.dcm,1.2.826.0.1.3680043.8.498.10013663742400736029415768216599146542,1.2.826.0.1.3680043.8.498.94462014065647174693220681811845777102,1.2.826.0.1.3680043.8.498.75337904295638662529269258381086391010,RT. PD_TSE_TRA_FS,7,MR,KNEE,,*tse2d1_15,MONOCHROME2,0adaf01b-2dc,,,Siemens Healthineers,MAGNETOM Aera,R,FFS,1.2.840.10008.1.2.1,384,384,31,,0.998027;0.00320634;-0.0627091;2.70025e-10;0.998695;0.0510638,-170.234;-103.221;-63.0654,0.416667;0.416667,3.0,3.3,1,16,12,11,0,1.0,0.0
train_series\1.2.826.0.1.3680043.8.498.94462014065647174693220681811845777102\1.2.826.0.1.3680043.8.498.82330971906816767826418061469014277970.dcm,1.2.826.0.1.3680043.8.498.10013663742400736029415768216599146542,1.2.826.0.1.3680043.8.498.94462014065647174693220681811845777102,1.2.826.0.1.3680043.8.498.82330971906816767826418061469014277970,RT. PD_TSE_TRA_FS,7,MR,KNEE,,*tse2d1_15,MONOCHROME2,0adaf01b-2dc,,,Siemens Healthineers,MAGNETOM Aera,R,FFS,1.2.840.10008.1.2.1,384,384,6,,0.998027;0.00320634;-0.0627091;2.70025e-10;0.998695;0.0510638,-165.053;-107.426;19.1644,0.416667;0.416667,3.0,3.3,1,16,12,11,0,1.0,0.0
train_series\1.2.826.0.1.3680043.8.498.94462014065647174693220681811845777102\1.2.826.0.1.3680043.8.498.84277997641421836534236975288434674622.dcm,1.2.826.0.1.3680043.8.498.10013663742400736029415768216599146542,1.2.826.0.1.3680043.8.498.94462014065647174693220681811845777102,1.2.826.0.1.3680043.8.498.84277997641421836534236975288434674622,RT. PD_TSE_TRA_FS,7,MR,KNEE,,*tse2d1_15,MONOCHROME2,0adaf01b-2dc,,,Siemens Healthineers,MAGNETOM Aera,R,FFS,1.2.840.10008.1.2.1,384,384,35,,0.998027;0.00320634;-0.0627091;2.70025e-10;0.998695;0.0510638,-171.063;-102.549;-76.2222,0.416667;0.416667,3.0,3.3,1,16,12,11,0,1.0,0.0
train_series\1.2.826.0.1.3680043.8.498.94462014065647174693220681811845777102\1.2.826.0.1.3680043.8.498.84738429331322060483716802009568338037.dcm,1.2.826.0.1.3680043.8.498.10013663742400736029415768216599146542,1.2.826.0.1.3680043.8.498.94462014065647174693220681811845777102,1.2.826.0.1.3680043.8.498.84738429331322060483716802009568338037,RT. PD_TSE_TRA_FS,7,MR,KNEE,,*tse2d1_15,MONOCHROME2,0adaf01b-2dc,,,Siemens Healthineers,MAGNETOM Aera,R,FFS,1.2.840.10008.1.2.1,384,384,17,,0.998027;0.00320634;-0.0627091;2.70025e-10;0.998695;0.0510638,-167.333;-105.576;-17.0167,0.416667;0.416667,3.0,3.3,1,16,12,11,0,1.0,0.0
train_series\1.2.826.0.1.3680043.8.498.94462014065647174693220681811845777102\1.2.826.0.1.3680043.8.498.89690144762292718677564383378776064403.dcm,1.2.826.0.1.3680043.8.498.10013663742400736029415768216599146542,1.2.826.0.1.3680043.8.498.94462014065647174693220681811845777102,1.2.826.0.1.3680043.8.498.89690144762292718677564383378776064403,RT. PD_TSE_TRA_FS,7,MR,KNEE,,*tse2d1_15,MONOCHROME2,0adaf01b-2dc,,,Siemens Healthineers,MAGNETOM Aera,R,FFS,1.2.840.10008.1.2.1,384,384,24,,0.998027;0.00320634;-0.0627091;2.70025e-10;0.998695;0.0510638,-168.783;-104.399;-40.0411,0.416667;0.416667,3.0,3.3,1,16,12,11,0,1.0,0.0
train_series\1.2.826.0.1.3680043.8.498.94462014065647174693220681811845777102\1.2.826.0.1.3680043.8.498.90697765116550908125774752758736256084.dcm,1.2.826.0.1.3680043.8.498.10013663742400736029415768216599146542,1.2.826.0.1.3680043.8.498.94462014065647174693220681811845777102,1.2.826.0.1.3680043.8.498.90697765116550908125774752758736256084,RT. PD_TSE_TRA_FS,7,MR,KNEE,,*tse2d1_15,MONOCHROME2,0adaf01b-2dc,,,Siemens Healthineers,MAGNETOM Aera,R,FFS,1.2.840.10008.1.2.1,384,384,8,,0.998027;0.00320634;-0.0627091;2.70025e-10;0.998695;0.0510638,-165.468;-107.089;12.586,0.416667;0.416667,3.0,3.3,1,16,12,11,0,1.0,0.0
train_series\1.2.826.0.1.3680043.8.498.94462014065647174693220681811845777102\1.2.826.0.1.3680043.8.498.91568800083848351050387788981500779237.dcm,1.2.826.0.1.3680043.8.498.10013663742400736029415768216599146542,1.2.826.0.1.3680043.8.498.94462014065647174693220681811845777102,1.2.826.0.1.3680043.8.498.91568800083848351050387788981500779237,RT. PD_TSE_TRA_FS,7,MR,KNEE,,*tse2d1_15,MONOCHROME2,0adaf01b-2dc,,,Siemens Healthineers,MAGNETOM Aera,R,FFS,1.2.840.10008.1.2.1,384,384,11,,0.998027;0.00320634;-0.0627091;2.70025e-10;0.998695;0.0510638,-166.09;-106.585;2.71843,0.416667;0.416667,3.0,3.3,1,16,12,11,0,1.0,0.0
train_series\1.2.826.0.1.3680043.8.498.94462014065647174693220681811845777102\1.2.826.0.1.3680043.8.498.92358051551701399931316844089853204484.dcm,1.2.826.0.1.3680043.8.498.10013663742400736029415768216599146542,1.2.826.0.1.3680043.8.498.94462014065647174693220681811845777102,1.2.826.0.1.3680043.8.498.92358051551701399931316844089853204484,RT. PD_TSE_TRA_FS,7,MR,KNEE,,*tse2d1_15,MONOCHROME2,0adaf01b-2dc,,,Siemens Healthineers,MAGNETOM Aera,R,FFS,1.2.840.10008.1.2.1,384,384,30,,0.998027;0.00320634;-0.0627091;2.70025e-10;0.998695;0.0510638,-170.027;-103.39;-59.7762,0.416667;0.416667,3.0,3.3,1,16,12,11,0,1.0,0.0
train_series\1.2.826.0.1.3680043.8.498.94462014065647174693220681811845777102\1.2.826.0.1.3680043.8.498.94989586363482222458202074902954323409.dcm,1.2.826.0.1.3680043.8.498.10013663742400736029415768216599146542,1.2.826.0.1.3680043.8.498.94462014065647174693220681811845777102,1.2.826.0.1.3680043.8.498.94989586363482222458202074902954323409,RT. PD_TSE_TRA_FS,7,MR,KNEE,,*tse2d1_15,MONOCHROME2,0adaf01b-2dc,,,Siemens Healthineers,MAGNETOM Aera,R,FFS,1.2.840.10008.1.2.1,384,384,40,,0.998027;0.00320634;-0.0627091;2.70025e-10;0.998695;0.0510638,-172.099;-101.708;-92.6682,0.416667;0.416667,3.0,3.3,1,16,12,11,0,1.0,0.0
train_series\1.2.826.0.1.3680043.8.498.94462014065647174693220681811845777102\1.2.826.0.1.3680043.8.498.96901359584460065198350496415901620359.dcm,1.2.826.0.1.3680043.8.498.10013663742400736029415768216599146542,1.2.826.0.1.3680043.8.498.94462014065647174693220681811845777102,1.2.826.0.1.3680043.8.498.96901359584460065198350496415901620359,RT. PD_TSE_TRA_FS,7,MR,KNEE,,*tse2d1_15,MONOCHROME2,0adaf01b-2dc,,,Siemens Healthineers,MAGNETOM Aera,R,FFS,1.2.840.10008.1.2.1,384,384,10,,0.998027;0.00320634;-0.0627091;2.70025e-10;0.998695;0.0510638,-165.882;-106.753;6.00762,0.416667;0.416667,3.0,3.3,1,16,12,11,0,1.0,0.0
train_series\1.2.826.0.1.3680043.8.498.94462014065647174693220681811845777102\1.2.826.0.1.3680043.8.498.98585474964404985215566035340305791593.dcm,1.2.826.0.1.3680043.8.498.10013663742400736029415768216599146542,1.2.826.0.1.3680043.8.498.94462014065647174693220681811845777102,1.2.826.0.1.3680043.8.498.98585474964404985215566035340305791593,RT. PD_TSE_TRA_FS,7,MR,KNEE,,*tse2d1_15,MONOCHROME2,0adaf01b-2dc,,,Siemens Healthineers,MAGNETOM Aera,R,FFS,1.2.840.10008.1.2.1,384,384,26,,0.998027;0.00320634;-0.0627091;2.70025e-10;0.998695;0.0510638,-169.198;-104.062;-46.6195,0.416667;0.416667,3.0,3.3,1,16,12,11,0,1.0,0.0
train_series\1.2.826.0.1.3680043.8.498.94462014065647174693220681811845777102\1.2.826.0.1.3680043.8.498.99798388258951768699224560098651854288.dcm,1.2.826.0.1.3680043.8.498.10013663742400736029415768216599146542,1.2.826.0.1.3680043.8.498.94462014065647174693220681811845777102,1.2.826.0.1.3680043.8.498.99798388258951768699224560098651854288,RT. PD_TSE_TRA_FS,7,MR,KNEE,,*tse2d1_15,MONOCHROME2,0adaf01b-2dc,,,Siemens Healthineers,MAGNETOM Aera,R,FFS,1.2.840.10008.1.2.1,384,384,27,,0.998027;0.00320634;-0.0627091;2.70025e-10;0.998695;0.0510638,-169.405;-103.894;-49.9087,0.416667;0.416667,3.0,3.3,1,16,12,11,0,1.0,0.0
train_series\1.2.826.0.1.3680043.8.498.95157380062318250808693914483306796699\1.2.826.0.1.3680043.8.498.10125125047232391514156057860364618914.dcm,1.2.826.0.1.3680043.8.498.10009639203170750274174707434356622764,1.2.826.0.1.3680043.8.498.95157380062318250808693914483306796699,1.2.826.0.1.3680043.8.498.10125125047232391514156057860364618914,LT_t1_tse_sag,6,MR,KNEE,,*tse2d1_3,MONOCHROME2,fd7379f0-da7,,,SIEMENS,Aera,L,FFS,1.2.840.10008.1.2.1,384,384,24,,0.1150452;0.99336026;3.558015e-09;0.043042667;-0.0049849474;-0.9990608,97.865483;-104.61589;69.295617,0.41666666;0.41666666,3.0,3.6,1,16,12,11,0,,
train_series\1.2.826.0.1.3680043.8.498.95157380062318250808693914483306796699\1.2.826.0.1.3680043.8.498.10142161570389249098084731591798099116.dcm,1.2.826.0.1.3680043.8.498.10009639203170750274174707434356622764,1.2.826.0.1.3680043.8.498.95157380062318250808693914483306796699,1.2.826.0.1.3680043.8.498.10142161570389249098084731591798099116,LT_t1_tse_sag,6,MR,KNEE,,*tse2d1_3,MONOCHROME2,fd7379f0-da7,,,SIEMENS,Aera,L,FFS,1.2.840.10008.1.2.1,384,384,9,,0.1150452;0.99336026;3.558015e-09;0.043042667;-0.0049849474;-0.9990608,44.274407;-98.409279;66.955781,0.41666666;0.41666666,3.0,3.6,1,16,12,11,0,,
train_series\1.2.826.0.1.3680043.8.498.95157380062318250808693914483306796699\1.2.826.0.1.3680043.8.498.10367609339154398656763989910927532620.dcm,1.2.826.0.1.3680043.8.498.10009639203170750274174707434356622764,1.2.826.0.1.3680043.8.498.95157380062318250808693914483306796699,1.2.826.0.1.3680043.8.498.10367609339154398656763989910927532620,LT_t1_tse_sag,6,MR,KNEE,,*tse2d1_3,MONOCHROME2,fd7379f0-da7,,,SIEMENS,Aera,L,FFS,1.2.840.10008.1.2.1,384,384,8,,0.1150452;0.99336026;3.558015e-09;0.043042667;-0.0049849474;-0.9990608,40.701669;-97.995505;66.799791,0.41666666;0.41666666,3.0,3.6,1,16,12,11,0,,
train_series\1.2.826.0.1.3680043.8.498.95157380062318250808693914483306796699\1.2.826.0.1.3680043.8.498.10497224458336650137411622646258673805.dcm,1.2.826.0.1.3680043.8.498.10009639203170750274174707434356622764,1.2.826.0.1.3680043.8.498.95157380062318250808693914483306796699,1.2.826.0.1.3680043.8.498.10497224458336650137411622646258673805,LT_t1_tse_sag,6,MR,KNEE,,*tse2d1_3,MONOCHROME2,fd7379f0-da7,,,SIEMENS,Aera,L,FFS,1.2.840.10008.1.2.1,384,384,14,,0.1150452;0.99336026;3.558015e-09;0.043042667;-0.0049849474;-0.9990608,62.138097;-100.47815;67.735726,0.41666666;0.41666666,3.0,3.6,1,16,12,11,0,,
train_series\1.2.826.0.1.3680043.8.498.95157380062318250808693914483306796699\1.2.826.0.1.3680043.8.498.11491517780197299903626054573304275950.dcm,1.2.826.0.1.3680043.8.498.10009639203170750274174707434356622764,1.2.826.0.1.3680043.8.498.95157380062318250808693914483306796699,1.2.826.0.1.3680043.8.498.11491517780197299903626054573304275950,LT_t1_tse_sag,6,MR,KNEE,,*tse2d1_3,MONOCHROME2,fd7379f0-da7,,,SIEMENS,Aera,L,FFS,1.2.840.10008.1.2.1,384,384,2,,0.1150452;0.99336026;3.558015e-09;0.043042667;-0.0049849474;-0.9990608,19.265239;-95.512862;65.863856,0.41666666;0.41666666,3.0,3.6,1,16,12,11,0,,
train_series\1.2.826.0.1.3680043.8.498.95157380062318250808693914483306796699\1.2.826.0.1.3680043.8.498.11491688779282081914635573732610594770.dcm,1.2.826.0.1.3680043.8.498.10009639203170750274174707434356622764,1.2.826.0.1.3680043.8.498.95157380062318250808693914483306796699,1.2.826.0.1.3680043.8.498.11491688779282081914635573732610594770,LT_t1_tse_sag,6,MR,KNEE,,*tse2d1_3,MONOCHROME2,fd7379f0-da7,,,SIEMENS,Aera,L,FFS,1.2.840.10008.1.2.1,384,384,16,,0.1150452;0.99336026;3.558015e-09;0.043042667;-0.0049849474;-0.9990608,69.283574;-101.30569;68.047704,0.41666666;0.41666666,3.0,3.6,1,16,12,11,0,,
train_series\1.2.826.0.1.3680043.8.498.95157380062318250808693914483306796699\1.2.826.0.1.3680043.8.498.11910522375302404693993662333540340725.dcm,1.2.826.0.1.3680043.8.498.10009639203170750274174707434356622764,1.2.826.0.1.3680043.8.498.95157380062318250808693914483306796699,1.2.826.0.1.3680043.8.498.11910522375302404693993662333540340725,LT_t1_tse_sag,6,MR,KNEE,,*tse2d1_3,MONOCHROME2,fd7379f0-da7,,,SIEMENS,Aera,L,FFS,1.2.840.10008.1.2.1,384,384,5,,0.1150452;0.99336026;3.558015e-09;0.043042667;-0.0049849474;-0.9990608,29.983453;-96.754183;66.331824,0.41666666;0.41666666,3.0,3.6,1,16,12,11,0,,
train_series\1.2.826.0.1.3680043.8.498.95157380062318250808693914483306796699\1.2.826.0.1.3680043.8.498.12078050258800937845802973933988892613.dcm,1.2.826.0.1.3680043.8.498.10009639203170750274174707434356622764,1.2.826.0.1.3680043.8.498.95157380062318250808693914483306796699,1.2.826.0.1.3680043.8.498.12078050258800937845802973933988892613,LT_t1_tse_sag,6,MR,KNEE,,*tse2d1_3,MONOCHROME2,fd7379f0-da7,,,SIEMENS,Aera,L,FFS,1.2.840.10008.1.2.1,384,384,13,,0.1150452;0.99336026;3.558015e-09;0.043042667;-0.0049849474;-0.9990608,58.565358;-100.06437;67.579736,0.41666666;0.41666666,3.0,3.6,1,16,12,11,0,,
train_series\1.2.826.0.1.3680043.8.498.95157380062318250808693914483306796699\1.2.826.0.1.3680043.8.498.12618940445238758119311666778265991646.dcm,1.2.826.0.1.3680043.8.498.10009639203170750274174707434356622764,1.2.826.0.1.3680043.8.498.95157380062318250808693914483306796699,1.2.826.0.1.3680043.8.498.12618940445238758119311666778265991646,LT_t1_tse_sag,6,MR,KNEE,,*tse2d1_3,MONOCHROME2,fd7379f0-da7,,,SIEMENS,Aera,L,FFS,1.2.840.10008.1.2.1,384,384,26,,0.1150452;0.99336026;3.558015e-09;0.043042667;-0.0049849474;-0.9990608,105.01096;-105.44343;69.607595,0.41666666;0.41666666,3.0,3.6,1,16,12,11,0,,
train_series\1.2.826.0.1.3680043.8.498.95157380062318250808693914483306796699\1.2.826.0.1.3680043.8.498.12853326538751925431031504896202531243.dcm,1.2.826.0.1.3680043.8.498.10009639203170750274174707434356622764,1.2.826.0.1.3680043.8.498.95157380062318250808693914483306796699,1.2.826.0.1.3680043.8.498.12853326538751925431031504896202531243,LT_t1_tse_sag,6,MR,KNEE,,*tse2d1_3,MONOCHROME2,fd7379f0-da7,,,SIEMENS,Aera,L,FFS,1.2.840.10008.1.2.1,384,384,28,,0.1150452;0.99336026;3.558015e-09;0.043042667;-0.0049849474;-0.9990608,112.15643;-106.27098;69.919574,0.41666666;0.41666666,3.0,3.6,1,16,12,11,0,,
train_series\1.2.826.0.1.3680043.8.498.95157380062318250808693914483306796699\1.2.826.0.1.3680043.8.498.22667744161155111531515191285400157852.dcm,1.2.826.0.1.3680043.8.498.10009639203170750274174707434356622764,1.2.826.0.1.3680043.8.498.95157380062318250808693914483306796699,1.2.826.0.1.3680043.8.498.22667744161155111531515191285400157852,LT_t1_tse_sag,6,MR,KNEE,,*tse2d1_3,MONOCHROME2,fd7379f0-da7,,,SIEMENS,Aera,L,FFS,1.2.840.10008.1.2.1,384,384,4,,0.1150452;0.99336026;3.558015e-09;0.043042667;-0.0049849474;-0.9990608,26.410714;-96.340411;66.175834,0.41666666;0.41666666,3.0,3.6,1,16,12,11,0,,
train_series\1.2.826.0.1.3680043.8.498.95157380062318250808693914483306796699\1.2.826.0.1.3680043.8.498.23860430681979311138784089863012757250.dcm,1.2.826.0.1.3680043.8.498.10009639203170750274174707434356622764,1.2.826.0.1.3680043.8.498.95157380062318250808693914483306796699,1.2.826.0.1.3680043.8.498.23860430681979311138784089863012757250,LT_t1_tse_sag,6,MR,KNEE,,*tse2d1_3,MONOCHROME2,fd7379f0-da7,,,SIEMENS,Aera,L,FFS,1.2.840.10008.1.2.1,384,384,23,,0.1150452;0.99336026;3.558015e-09;0.043042667;-0.0049849474;-0.9990608,94.292745;-104.20211;69.139628,0.41666666;0.41666666,3.0,3.6,1,16,12,11,0,,
train_series\1.2.826.0.1.3680043.8.498.95157380062318250808693914483306796699\1.2.826.0.1.3680043.8.498.35202593380698379079841059799079718601.dcm,1.2.826.0.1.3680043.8.498.10009639203170750274174707434356622764,1.2.826.0.1.3680043.8.498.95157380062318250808693914483306796699,1.2.826.0.1.3680043.8.498.35202593380698379079841059799079718601,LT_t1_tse_sag,6,MR,KNEE,,*tse2d1_3,MONOCHROME2,fd7379f0-da7,,,SIEMENS,Aera,L,FFS,1.2.840.10008.1.2.1,384,384,17,,0.1150452;0.99336026;3.558015e-09;0.043042667;-0.0049849474;-0.9990608,72.856313;-101.71947;68.203693,0.41666666;0.41666666,3.0,3.6,1,16,12,11,0,,
train_series\1.2.826.0.1.3680043.8.498.95157380062318250808693914483306796699\1.2.826.0.1.3680043.8.498.37603014329462697049530912214622578427.dcm,1.2.826.0.1.3680043.8.498.10009639203170750274174707434356622764,1.2.826.0.1.3680043.8.498.95157380062318250808693914483306796699,1.2.826.0.1.3680043.8.498.37603014329462697049530912214622578427,LT_t1_tse_sag,6,MR,KNEE,,*tse2d1_3,MONOCHROME2,fd7379f0-da7,,,SIEMENS,Aera,L,FFS,1.2.840.10008.1.2.1,384,384,20,,0.1150452;0.99336026;3.558015e-09;0.043042667;-0.0049849474;-0.9990608,83.574529;-102.96079;68.671661,0.41666666;0.41666666,3.0,3.6,1,16,12,11,0,,
train_series\1.2.826.0.1.3680043.8.498.95157380062318250808693914483306796699\1.2.826.0.1.3680043.8.498.37941737440963487797648521102519772964.dcm,1.2.826.0.1.3680043.8.498.10009639203170750274174707434356622764,1.2.826.0.1.3680043.8.498.95157380062318250808693914483306796699,1.2.826.0.1.3680043.8.498.37941737440963487797648521102519772964,LT_t1_tse_sag,6,MR,KNEE,,*tse2d1_3,MONOCHROME2,fd7379f0-da7,,,SIEMENS,Aera,L,FFS,1.2.840.10008.1.2.1,384,384,22,,0.1150452;0.99336026;3.558015e-09;0.043042667;-0.0049849474;-0.9990608,90.720006;-103.78834;68.983639,0.41666666;0.41666666,3.0,3.6,1,16,12,11,0,,
train_series\1.2.826.0.1.3680043.8.498.95157380062318250808693914483306796699\1.2.826.0.1.3680043.8.498.42259937414227556250778168171891894108.dcm,1.2.826.0.1.3680043.8.498.10009639203170750274174707434356622764,1.2.826.0.1.3680043.8.498.95157380062318250808693914483306796699,1.2.826.0.1.3680043.8.498.42259937414227556250778168171891894108,LT_t1_tse_sag,6,MR,KNEE,,*tse2d1_3,MONOCHROME2,fd7379f0-da7,,,SIEMENS,Aera,L,FFS,1.2.840.10008.1.2.1,384,384,15,,0.1150452;0.99336026;3.558015e-09;0.043042667;-0.0049849474;-0.9990608,65.710835;-100.89192;67.891715,0.41666666;0.41666666,3.0,3.6,1,16,12,11,0,,
train_series\1.2.826.0.1.3680043.8.498.95157380062318250808693914483306796699\1.2.826.0.1.3680043.8.498.42859413172958217304294621357765830125.dcm,1.2.826.0.1.3680043.8.498.10009639203170750274174707434356622764,1.2.826.0.1.3680043.8.498.95157380062318250808693914483306796699,1.2.826.0.1.3680043.8.498.42859413172958217304294621357765830125,LT_t1_tse_sag,6,MR,KNEE,,*tse2d1_3,MONOCHROME2,fd7379f0-da7,,,SIEMENS,Aera,L,FFS,1.2.840.10008.1.2.1,384,384,18,,0.1150452;0.99336026;3.558015e-09;0.043042667;-0.0049849474;-0.9990608,76.429051;-102.13324;68.359683,0.41666666;0.41666666,3.0,3.6,1,16,12,11,0,,
train_series\1.2.826.0.1.3680043.8.498.95157380062318250808693914483306796699\1.2.826.0.1.3680043.8.498.54954162848058998691424966076261666028.dcm,1.2.826.0.1.3680043.8.498.10009639203170750274174707434356622764,1.2.826.0.1.3680043.8.498.95157380062318250808693914483306796699,1.2.826.0.1.3680043.8.498.54954162848058998691424966076261666028,LT_t1_tse_sag,6,MR,KNEE,,*tse2d1_3,MONOCHROME2,fd7379f0-da7,,,SIEMENS,Aera,L,FFS,1.2.840.10008.1.2.1,384,384,21,,0.1150452;0.99336026;3.558015e-09;0.043042667;-0.0049849474;-0.9990608,87.147267;-103.37456;68.82765,0.41666666;0.41666666,3.0,3.6,1,16,12,11,0,,
train_series\1.2.826.0.1.3680043.8.498.95157380062318250808693914483306796699\1.2.826.0.1.3680043.8.498.55482168064419101720136036607129313503.dcm,1.2.826.0.1.3680043.8.498.10009639203170750274174707434356622764,1.2.826.0.1.3680043.8.498.95157380062318250808693914483306796699,1.2.826.0.1.3680043.8.498.55482168064419101720136036607129313503,LT_t1_tse_sag,6,MR,KNEE,,*tse2d1_3,MONOCHROME2,fd7379f0-da7,,,SIEMENS,Aera,L,FFS,1.2.840.10008.1.2.1,384,384,3,,0.1150452;0.99336026;3.558015e-09;0.043042667;-0.0049849474;-0.9990608,22.837975;-95.926636;66.019846,0.41666666;0.41666666,3.0,3.6,1,16,12,11,0,,
train_series\1.2.826.0.1.3680043.8.498.95157380062318250808693914483306796699\1.2.826.0.1.3680043.8.498.55948938490262435869798677454552154848.dcm,1.2.826.0.1.3680043.8.498.10009639203170750274174707434356622764,1.2.826.0.1.3680043.8.498.95157380062318250808693914483306796699,1.2.826.0.1.3680043.8.498.55948938490262435869798677454552154848,LT_t1_tse_sag,6,MR,KNEE,,*tse2d1_3,MONOCHROME2,fd7379f0-da7,,,SIEMENS,Aera,L,FFS,1.2.840.10008.1.2.1,384,384,29,,0.1150452;0.99336026;3.558015e-09;0.043042667;-0.0049849474;-0.9990608,115.72918;-106.68475;70.075563,0.41666666;0.41666666,3.0,3.6,1,16,12,11,0,,
train_series\1.2.826.0.1.3680043.8.498.95157380062318250808693914483306796699\1.2.826.0.1.3680043.8.498.59468291876094918939968429379525426387.dcm,1.2.826.0.1.3680043.8.498.10009639203170750274174707434356622764,1.2.826.0.1.3680043.8.498.95157380062318250808693914483306796699,1.2.826.0.1.3680043.8.498.59468291876094918939968429379525426387,LT_t1_tse_sag,6,MR,KNEE,,*tse2d1_3,MONOCHROME2,fd7379f0-da7,,,SIEMENS,Aera,L,FFS,1.2.840.10008.1.2.1,384,384,19,,0.1150452;0.99336026;3.558015e-09;0.043042667;-0.0049849474;-0.9990608,80.00179;-102.54702;68.515672,0.41666666;0.41666666,3.0,3.6,1,16,12,11,0,,
train_series\1.2.826.0.1.3680043.8.498.95157380062318250808693914483306796699\1.2.826.0.1.3680043.8.498.62168336933143907385056849360283374194.dcm,1.2.826.0.1.3680043.8.498.10009639203170750274174707434356622764,1.2.826.0.1.3680043.8.498.95157380062318250808693914483306796699,1.2.826.0.1.3680043.8.498.62168336933143907385056849360283374194,LT_t1_tse_sag,6,MR,KNEE,,*tse2d1_3,MONOCHROME2,fd7379f0-da7,,,SIEMENS,Aera,L,FFS,1.2.840.10008.1.2.1,384,384,6,,0.1150452;0.99336026;3.558015e-09;0.043042667;-0.0049849474;-0.9990608,33.556191;-97.167958;66.487813,0.41666666;0.41666666,3.0,3.6,1,16,12,11,0,,
train_series\1.2.826.0.1.3680043.8.498.95157380062318250808693914483306796699\1.2.826.0.1.3680043.8.498.70307191524134043696336991213236591810.dcm,1.2.826.0.1.3680043.8.498.10009639203170750274174707434356622764,1.2.826.0.1.3680043.8.498.95157380062318250808693914483306796699,1.2.826.0.1.3680043.8.498.70307191524134043696336991213236591810,LT_t1_tse_sag,6,MR,KNEE,,*tse2d1_3,MONOCHROME2,fd7379f0-da7,,,SIEMENS,Aera,L,FFS,1.2.840.10008.1.2.1,384,384,1,,0.1150452;0.99336026;3.558015e-09;0.043042667;-0.0049849474;-0.9990608,15.6925;-95.099089;65.707867,0.41666666;0.41666666,3.0,3.6,1,16,12,11,0,,
train_series\1.2.826.0.1.3680043.8.498.95157380062318250808693914483306796699\1.2.826.0.1.3680043.8.498.71120549300340797349153292262422707396.dcm,1.2.826.0.1.3680043.8.498.10009639203170750274174707434356622764,1.2.826.0.1.3680043.8.498.95157380062318250808693914483306796699,1.2.826.0.1.3680043.8.498.71120549300340797349153292262422707396,LT_t1_tse_sag,6,MR,KNEE,,*tse2d1_3,MONOCHROME2,fd7379f0-da7,,,SIEMENS,Aera,L,FFS,1.2.840.10008.1.2.1,384,384,11,,0.1150452;0.99336026;3.558015e-09;0.043042667;-0.0049849474;-0.9990608,51.419881;-99.236826;67.267759,0.41666666;0.41666666,3.0,3.6,1,16,12,11,0,,
train_series\1.2.826.0.1.3680043.8.498.95157380062318250808693914483306796699\1.2.826.0.1.3680043.8.498.74459014533556506513882328387424109544.dcm,1.2.826.0.1.3680043.8.498.10009639203170750274174707434356622764,1.2.826.0.1.3680043.8.498.95157380062318250808693914483306796699,1.2.826.0.1.3680043.8.498.74459014533556506513882328387424109544,LT_t1_tse_sag,6,MR,KNEE,,*tse2d1_3,MONOCHROME2,fd7379f0-da7,,,SIEMENS,Aera,L,FFS,1.2.840.10008.1.2.1,384,384,25,,0.1150452;0.99336026;3.558015e-09;0.043042667;-0.0049849474;-0.9990608,101.43822;-105.02966;69.451607,0.41666666;0.41666666,3.0,3.6,1,16,12,11,0,,
train_series\1.2.826.0.1.3680043.8.498.95157380062318250808693914483306796699\1.2.826.0.1.3680043.8.498.83373033705910934914379055304075606352.dcm,1.2.826.0.1.3680043.8.498.10009639203170750274174707434356622764,1.2.826.0.1.3680043.8.498.95157380062318250808693914483306796699,1.2.826.0.1.3680043.8.498.83373033705910934914379055304075606352,LT_t1_tse_sag,6,MR,KNEE,,*tse2d1_3,MONOCHROME2,fd7379f0-da7,,,SIEMENS,Aera,L,FFS,1.2.840.10008.1.2.1,384,384,27,,0.1150452;0.99336026;3.558015e-09;0.043042667;-0.0049849474;-0.9990608,108.5837;-105.85721;69.763585,0.41666666;0.41666666,3.0,3.6,1,16,12,11,0,,
train_series\1.2.826.0.1.3680043.8.498.95157380062318250808693914483306796699\1.2.826.0.1.3680043.8.498.89792857728757885148216632400492116320.dcm,1.2.826.0.1.3680043.8.498.10009639203170750274174707434356622764,1.2.826.0.1.3680043.8.498.95157380062318250808693914483306796699,1.2.826.0.1.3680043.8.498.89792857728757885148216632400492116320,LT_t1_tse_sag,6,MR,KNEE,,*tse2d1_3,MONOCHROME2,fd7379f0-da7,,,SIEMENS,Aera,L,FFS,1.2.840.10008.1.2.1,384,384,7,,0.1150452;0.99336026;3.558015e-09;0.043042667;-0.0049849474;-0.9990608,37.12893;-97.58173;66.643802,0.41666666;0.41666666,3.0,3.6,1,16,12,11,0,,
train_series\1.2.826.0.1.3680043.8.498.95157380062318250808693914483306796699\1.2.826.0.1.3680043.8.498.96465665689971648427143220098878298734.dcm,1.2.826.0.1.3680043.8.498.10009639203170750274174707434356622764,1.2.826.0.1.3680043.8.498.95157380062318250808693914483306796699,1.2.826.0.1.3680043.8.498.96465665689971648427143220098878298734,LT_t1_tse_sag,6,MR,KNEE,,*tse2d1_3,MONOCHROME2,fd7379f0-da7,,,SIEMENS,Aera,L,FFS,1.2.840.10008.1.2.1,384,384,12,,0.1150452;0.99336026;3.558015e-09;0.043042667;-0.0049849474;-0.9990608,54.992619;-99.650599;67.423748,0.41666666;0.41666666,3.0,3.6,1,16,12,11,0,,
train_series\1.2.826.0.1.3680043.8.498.95157380062318250808693914483306796699\1.2.826.0.1.3680043.8.498.98793617337708287725339540995843285947.dcm,1.2.826.0.1.3680043.8.498.10009639203170750274174707434356622764,1.2.826.0.1.3680043.8.498.95157380062318250808693914483306796699,1.2.826.0.1.3680043.8.498.98793617337708287725339540995843285947,LT_t1_tse_sag,6,MR,KNEE,,*tse2d1_3,MONOCHROME2,fd7379f0-da7,,,SIEMENS,Aera,L,FFS,1.2.840.10008.1.2.1,384,384,10,,0.1150452;0.99336026;3.558015e-09;0.043042667;-0.0049849474;-0.9990608,47.847146;-98.823052;67.111769,0.41666666;0.41666666,3.0,3.6,1,16,12,11,0,,
train_series\1.2.826.0.1.3680043.8.498.99023014295026495734071089488213553280\1.2.826.0.1.3680043.8.498.10045192678459170463676607214726035076.dcm,1.2.826.0.1.3680043.8.498.10004945927472656027199792075652399585,1.2.826.0.1.3680043.8.498.99023014295026495734071089488213553280,1.2.826.0.1.3680043.8.498.10045192678459170463676607214726035076,pd_tse_fs_cor_320_p4_s2_DRB,11,MR,KNEE,,*tseR2d1_7,MONOCHROME2,ee084a79-b22,,,Siemens Healthineers,MAGNETOM Vida,R,FFS,1.2.840.10008.1.2.1,640,540,30,,0.999541;-0.000289172;-0.0302993;-0.0300255;0.124995;-0.991703,-144.243;23.1357;29.9986,0.25;0.25,3.0,3.6,1,16,12,11,0,1.0,0.0
train_series\1.2.826.0.1.3680043.8.498.99023014295026495734071089488213553280\1.2.826.0.1.3680043.8.498.10152596747127923622877674694650036855.dcm,1.2.826.0.1.3680043.8.498.10004945927472656027199792075652399585,1.2.826.0.1.3680043.8.498.99023014295026495734071089488213553280,1.2.826.0.1.3680043.8.498.10152596747127923622877674694650036855,pd_tse_fs_cor_320_p4_s2_DRB,11,MR,KNEE,,*tseR2d1_7,MONOCHROME2,ee084a79-b22,,,Siemens Healthineers,MAGNETOM Vida,R,FFS,1.2.840.10008.1.2.1,640,540,16,,0.999541;-0.000289172;-0.0302993;-0.0300255;0.124995;-0.991703,-144.448;-26.869;23.7022,0.25;0.25,3.0,3.6,1,16,12,11,0,1.0,0.0
train_series\1.2.826.0.1.3680043.8.498.99023014295026495734071089488213553280\1.2.826.0.1.3680043.8.498.11034886305039275496504914733123966474.dcm,1.2.826.0.1.3680043.8.498.10004945927472656027199792075652399585,1.2.826.0.1.3680043.8.498.99023014295026495734071089488213553280,1.2.826.0.1.3680043.8.498.11034886305039275496504914733123966474,pd_tse_fs_cor_320_p4_s2_DRB,11,MR,KNEE,,*tseR2d1_7,MONOCHROME2,ee084a79-b22,,,Siemens Healthineers,MAGNETOM Vida,R,FFS,1.2.840.10008.1.2.1,640,540,14,,0.999541;-0.000289172;-0.0302993;-0.0300255;0.124995;-0.991703,-144.477;-34.0126;22.8027,0.25;0.25,3.0,3.6,1,16,12,11,0,1.0,0.0
train_series\1.2.826.0.1.3680043.8.498.99023014295026495734071089488213553280\1.2.826.0.1.3680043.8.498.11279210659516424659577891106012847764.dcm,1.2.826.0.1.3680043.8.498.10004945927472656027199792075652399585,1.2.826.0.1.3680043.8.498.99023014295026495734071089488213553280,1.2.826.0.1.3680043.8.498.11279210659516424659577891106012847764,pd_tse_fs_cor_320_p4_s2_DRB,11,MR,KNEE,,*tseR2d1_7,MONOCHROME2,ee084a79-b22,,,Siemens Healthineers,MAGNETOM Vida,R,FFS,1.2.840.10008.1.2.1,640,540,27,,0.999541;-0.000289172;-0.0302993;-0.0300255;0.124995;-0.991703,-144.287;12.4204;28.6493,0.25;0.25,3.0,3.6,1,16,12,11,0,1.0,0.0
train_series\1.2.826.0.1.3680043.8.498.99023014295026495734071089488213553280\1.2.826.0.1.3680043.8.498.11284523343149499017745756144209324447.dcm,1.2.826.0.1.3680043.8.498.10004945927472656027199792075652399585,1.2.826.0.1.3680043.8.498.99023014295026495734071089488213553280,1.2.826.0.1.3680043.8.498.11284523343149499017745756144209324447,pd_tse_fs_cor_320_p4_s2_DRB,11,MR,KNEE,,*tseR2d1_7,MONOCHROME2,ee084a79-b22,,,Siemens Healthineers,MAGNETOM Vida,R,FFS,1.2.840.10008.1.2.1,640,540,25,,0.999541;-0.000289172;-0.0302993;-0.0300255;0.124995;-0.991703,-144.316;5.27684;27.7499,0.25;0.25,3.0,3.6,1,16,12,11,0,1.0,0.0
train_series\1.2.826.0.1.3680043.8.498.99023014295026495734071089488213553280\1.2.826.0.1.3680043.8.498.11286918830475511642434417798115509011.dcm,1.2.826.0.1.3680043.8.498.10004945927472656027199792075652399585,1.2.826.0.1.3680043.8.498.99023014295026495734071089488213553280,1.2.826.0.1.3680043.8.498.11286918830475511642434417798115509011,pd_tse_fs_cor_320_p4_s2_DRB,11,MR,KNEE,,*tseR2d1_7,MONOCHROME2,ee084a79-b22,,,Siemens Healthineers,MAGNETOM Vida,R,FFS,1.2.840.10008.1.2.1,640,540,18,,0.999541;-0.000289172;-0.0302993;-0.0300255;0.124995;-0.991703,-144.419;-19.7255;24.6017,0.25;0.25,3.0,3.6,1,16,12,11,0,1.0,0.0
train_series\1.2.826.0.1.3680043.8.498.99023014295026495734071089488213553280\1.2.826.0.1.3680043.8.498.11487009437130901368948861632748793672.dcm,1.2.826.0.1.3680043.8.498.10004945927472656027199792075652399585,1.2.826.0.1.3680043.8.498.99023014295026495734071089488213553280,1.2.826.0.1.3680043.8.498.11487009437130901368948861632748793672,pd_tse_fs_cor_320_p4_s2_DRB,11,MR,KNEE,,*tseR2d1_7,MONOCHROME2,ee084a79-b22,,,Siemens Healthineers,MAGNETOM Vida,R,FFS,1.2.840.10008.1.2.1,640,540,17,,0.999541;-0.000289172;-0.0302993;-0.0300255;0.124995;-0.991703,-144.433;-23.2973;24.1519,0.25;0.25,3.0,3.6,1,16,12,11,0,1.0,0.0
train_series\1.2.826.0.1.3680043.8.498.99023014295026495734071089488213553280\1.2.826.0.1.3680043.8.498.12803048738182473498984501930240185644.dcm,1.2.826.0.1.3680043.8.498.10004945927472656027199792075652399585,1.2.826.0.1.3680043.8.498.99023014295026495734071089488213553280,1.2.826.0.1.3680043.8.498.12803048738182473498984501930240185644,pd_tse_fs_cor_320_p4_s2_DRB,11,MR,KNEE,,*tseR2d1_7,MONOCHROME2,ee084a79-b22,,,Siemens Healthineers,MAGNETOM Vida,R,FFS,1.2.840.10008.1.2.1,640,540,24,,0.999541;-0.000289172;-0.0302993;-0.0300255;0.124995;-0.991703,-144.331;1.70508;27.3001,0.25;0.25,3.0,3.6,1,16,12,11,0,1.0,0.0
train_series\1.2.826.0.1.3680043.8.498.99023014295026495734071089488213553280\1.2.826.0.1.3680043.8.498.13146132173567455305102493902699654464.dcm,1.2.826.0.1.3680043.8.498.10004945927472656027199792075652399585,1.2.826.0.1.3680043.8.498.99023014295026495734071089488213553280,1.2.826.0.1.3680043.8.498.13146132173567455305102493902699654464,pd_tse_fs_cor_320_p4_s2_DRB,11,MR,KNEE,,*tseR2d1_7,MONOCHROME2,ee084a79-b22,,,Siemens Healthineers,MAGNETOM Vida,R,FFS,1.2.840.10008.1.2.1,640,540,5,,0.999541;-0.000289172;-0.0302993;-0.0300255;0.124995;-0.991703,-144.609;-66.1585;18.755,0.25;0.25,3.0,3.6,1,16,12,11,0,1.0,0.0
train_series\1.2.826.0.1.3680043.8.498.99023014295026495734071089488213553280\1.2.826.0.1.3680043.8.498.23855840686379087163115083972769915443.dcm,1.2.826.0.1.3680043.8.498.10004945927472656027199792075652399585,1.2.826.0.1.3680043.8.498.99023014295026495734071089488213553280,1.2.826.0.1.3680043.8.498.23855840686379087163115083972769915443,pd_tse_fs_cor_320_p4_s2_DRB,11,MR,KNEE,,*tseR2d1_7,MONOCHROME2,ee084a79-b22,,,Siemens Healthineers,MAGNETOM Vida,R,FFS,1.2.840.10008.1.2.1,640,540,10,,0.999541;-0.000289172;-0.0302993;-0.0300255;0.124995;-0.991703,-144.536;-48.2996;21.0037,0.25;0.25,3.0,3.6,1,16,12,11,0,1.0,0.0
train_series\1.2.826.0.1.3680043.8.498.99023014295026495734071089488213553280\1.2.826.0.1.3680043.8.498.33333238286970784389463180982231648362.dcm,1.2.826.0.1.3680043.8.498.10004945927472656027199792075652399585,1.2.826.0.1.3680043.8.498.99023014295026495734071089488213553280,1.2.826.0.1.3680043.8.498.33333238286970784389463180982231648362,pd_tse_fs_cor_320_p4_s2_DRB,11,MR,KNEE,,*tseR2d1_7,MONOCHROME2,ee084a79-b22,,,Siemens Healthineers,MAGNETOM Vida,R,FFS,1.2.840.10008.1.2.1,640,540,7,,0.999541;-0.000289172;-0.0302993;-0.0300255;0.124995;-0.991703,-144.58;-59.0149;19.6545,0.25;0.25,3.0,3.6,1,16,12,11,0,1.0,0.0
train_series\1.2.826.0.1.3680043.8.498.99023014295026495734071089488213553280\1.2.826.0.1.3680043.8.498.34804077460507104777563672817474117494.dcm,1.2.826.0.1.3680043.8.498.10004945927472656027199792075652399585,1.2.826.0.1.3680043.8.498.99023014295026495734071089488213553280,1.2.826.0.1.3680043.8.498.34804077460507104777563672817474117494,pd_tse_fs_cor_320_p4_s2_DRB,11,MR,KNEE,,*tseR2d1_7,MONOCHROME2,ee084a79-b22,,,Siemens Healthineers,MAGNETOM Vida,R,FFS,1.2.840.10008.1.2.1,640,540,9,,0.999541;-0.000289172;-0.0302993;-0.0300255;0.124995;-0.991703,-144.551;-51.8714;20.554,0.25;0.25,3.0,3.6,1,16,12,11,0,1.0,0.0
train_series\1.2.826.0.1.3680043.8.498.99023014295026495734071089488213553280\1.2.826.0.1.3680043.8.498.35150552624290639937439045251545746060.dcm,1.2.826.0.1.3680043.8.498.10004945927472656027199792075652399585,1.2.826.0.1.3680043.8.498.99023014295026495734071089488213553280,1.2.826.0.1.3680043.8.498.35150552624290639937439045251545746060,pd_tse_fs_cor_320_p4_s2_DRB,11,MR,KNEE,,*tseR2d1_7,MONOCHROME2,ee084a79-b22,,,Siemens Healthineers,MAGNETOM Vida,R,FFS,1.2.840.10008.1.2.1,640,540,21,,0.999541;-0.000289172;-0.0302993;-0.0300255;0.124995;-0.991703,-144.375;-9.01022;25.9509,0.25;0.25,3.0,3.6,1,16,12,11,0,1.0,0.0
train_series\1.2.826.0.1.3680043.8.498.99023014295026495734071089488213553280\1.2.826.0.1.3680043.8.498.39884305439193187021751354706668735974.dcm,1.2.826.0.1.3680043.8.498.10004945927472656027199792075652399585,1.2.826.0.1.3680043.8.498.99023014295026495734071089488213553280,1.2.826.0.1.3680043.8.498.39884305439193187021751354706668735974,pd_tse_fs_cor_320_p4_s2_DRB,11,MR,KNEE,,*tseR2d1_7,MONOCHROME2,ee084a79-b22,,,Siemens Healthineers,MAGNETOM Vida,R,FFS,1.2.840.10008.1.2.1,640,540,8,,0.999541;-0.000289172;-0.0302993;-0.0300255;0.124995;-0.991703,-144.565;-55.4432;20.1043,0.25;0.25,3.0,3.6,1,16,12,11,0,1.0,0.0
train_series\1.2.826.0.1.3680043.8.498.99023014295026495734071089488213553280\1.2.826.0.1.3680043.8.498.41864888480800590131042415794924362315.dcm,1.2.826.0.1.3680043.8.498.10004945927472656027199792075652399585,1.2.826.0.1.3680043.8.498.99023014295026495734071089488213553280,1.2.826.0.1.3680043.8.498.41864888480800590131042415794924362315,pd_tse_fs_cor_320_p4_s2_DRB,11,MR,KNEE,,*tseR2d1_7,MONOCHROME2,ee084a79-b22,,,Siemens Healthineers,MAGNETOM Vida,R,FFS,1.2.840.10008.1.2.1,640,540,4,,0.999541;-0.000289172;-0.0302993;-0.0300255;0.124995;-0.991703,-144.624;-69.7302;18.3053,0.25;0.25,3.0,3.6,1,16,12,11,0,1.0,0.0
train_series\1.2.826.0.1.3680043.8.498.99023014295026495734071089488213553280\1.2.826.0.1.3680043.8.498.46842561072904346862759360693178579618.dcm,1.2.826.0.1.3680043.8.498.10004945927472656027199792075652399585,1.2.826.0.1.3680043.8.498.99023014295026495734071089488213553280,1.2.826.0.1.3680043.8.498.46842561072904346862759360693178579618,pd_tse_fs_cor_320_p4_s2_DRB,11,MR,KNEE,,*tseR2d1_7,MONOCHROME2,ee084a79-b22,,,Siemens Healthineers,MAGNETOM Vida,R,FFS,1.2.840.10008.1.2.1,640,540,13,,0.999541;-0.000289172;-0.0302993;-0.0300255;0.124995;-0.991703,-144.492;-37.5843;22.353,0.25;0.25,3.0,3.6,1,16,12,11,0,1.0,0.0
train_series\1.2.826.0.1.3680043.8.498.99023014295026495734071089488213553280\1.2.826.0.1.3680043.8.498.48439325579560952600990822582417019037.dcm,1.2.826.0.1.3680043.8.498.10004945927472656027199792075652399585,1.2.826.0.1.3680043.8.498.99023014295026495734071089488213553280,1.2.826.0.1.3680043.8.498.48439325579560952600990822582417019037,pd_tse_fs_cor_320_p4_s2_DRB,11,MR,KNEE,,*tseR2d1_7,MONOCHROME2,ee084a79-b22,,,Siemens Healthineers,MAGNETOM Vida,R,FFS,1.2.840.10008.1.2.1,640,540,2,,0.999541;-0.000289172;-0.0302993;-0.0300255;0.124995;-0.991703,-144.653;-76.8738;17.4058,0.25;0.25,3.0,3.6,1,16,12,11,0,1.0,0.0
train_series\1.2.826.0.1.3680043.8.498.99023014295026495734071089488213553280\1.2.826.0.1.3680043.8.498.48645926800114638761518062354923432767.dcm,1.2.826.0.1.3680043.8.498.10004945927472656027199792075652399585,1.2.826.0.1.3680043.8.498.99023014295026495734071089488213553280,1.2.826.0.1.3680043.8.498.48645926800114638761518062354923432767,pd_tse_fs_cor_320_p4_s2_DRB,11,MR,KNEE,,*tseR2d1_7,MONOCHROME2,ee084a79-b22,,,Siemens Healthineers,MAGNETOM Vida,R,FFS,1.2.840.10008.1.2.1,640,540,29,,0.999541;-0.000289172;-0.0302993;-0.0300255;0.124995;-0.991703,-144.257;19.5639;29.5488,0.25;0.25,3.0,3.6,1,16,12,11,0,1.0,0.0
train_series\1.2.826.0.1.3680043.8.498.99023014295026495734071089488213553280\1.2.826.0.1.3680043.8.498.49583427106919882865294943683381491309.dcm,1.2.826.0.1.3680043.8.498.10004945927472656027199792075652399585,1.2.826.0.1.3680043.8.498.99023014295026495734071089488213553280,1.2.826.0.1.3680043.8.498.49583427106919882865294943683381491309,pd_tse_fs_cor_320_p4_s2_DRB,11,MR,KNEE,,*tseR2d1_7,MONOCHROME2,ee084a79-b22,,,Siemens Healthineers,MAGNETOM Vida,R,FFS,1.2.840.10008.1.2.1,640,540,22,,0.999541;-0.000289172;-0.0302993;-0.0300255;0.124995;-0.991703,-144.36;-5.43845;26.4006,0.25;0.25,3.0,3.6,1,16,12,11,0,1.0,0.0
train_series\1.2.826.0.1.3680043.8.498.99023014295026495734071089488213553280\1.2.826.0.1.3680043.8.498.58151187732372384267101685000736993176.dcm,1.2.826.0.1.3680043.8.498.10004945927472656027199792075652399585,1.2.826.0.1.3680043.8.498.99023014295026495734071089488213553280,1.2.826.0.1.3680043.8.498.58151187732372384267101685000736993176,pd_tse_fs_cor_320_p4_s2_DRB,11,MR,KNEE,,*tseR2d1_7,MONOCHROME2,ee084a79-b22,,,Siemens Healthineers,MAGNETOM Vida,R,FFS,1.2.840.10008.1.2.1,640,540,23,,0.999541;-0.000289172;-0.0302993;-0.0300255;0.124995;-0.991703,-144.345;-1.86669;26.8504,0.25;0.25,3.0,3.6,1,16,12,11,0,1.0,0.0
train_series\1.2.826.0.1.3680043.8.498.99023014295026495734071089488213553280\1.2.826.0.1.3680043.8.498.60704312571772657945439091241098092141.dcm,1.2.826.0.1.3680043.8.498.10004945927472656027199792075652399585,1.2.826.0.1.3680043.8.498.99023014295026495734071089488213553280,1.2.826.0.1.3680043.8.498.60704312571772657945439091241098092141,pd_tse_fs_cor_320_p4_s2_DRB,11,MR,KNEE,,*tseR2d1_7,MONOCHROME2,ee084a79-b22,,,Siemens Healthineers,MAGNETOM Vida,R,FFS,1.2.840.10008.1.2.1,640,540,1,,0.999541;-0.000289172;-0.0302993;-0.0300255;0.124995;-0.991703,-144.668;-80.4455;16.9561,0.25;0.25,3.0,3.6,1,16,12,11,0,1.0,0.0
train_series\1.2.826.0.1.3680043.8.498.99023014295026495734071089488213553280\1.2.826.0.1.3680043.8.498.69799211414417803876141311560012726198.dcm,1.2.826.0.1.3680043.8.498.10004945927472656027199792075652399585,1.2.826.0.1.3680043.8.498.99023014295026495734071089488213553280,1.2.826.0.1.3680043.8.498.69799211414417803876141311560012726198,pd_tse_fs_cor_320_p4_s2_DRB,11,MR,KNEE,,*tseR2d1_7,MONOCHROME2,ee084a79-b22,,,Siemens Healthineers,MAGNETOM Vida,R,FFS,1.2.840.10008.1.2.1,640,540,28,,0.999541;-0.000289172;-0.0302993;-0.0300255;0.124995;-0.991703,-144.272;15.9921;29.0991,0.25;0.25,3.0,3.6,1,16,12,11,0,1.0,0.0
train_series\1.2.826.0.1.3680043.8.498.99023014295026495734071089488213553280\1.2.826.0.1.3680043.8.498.72381708789895471650711072799482232968.dcm,1.2.826.0.1.3680043.8.498.10004945927472656027199792075652399585,1.2.826.0.1.3680043.8.498.99023014295026495734071089488213553280,1.2.826.0.1.3680043.8.498.72381708789895471650711072799482232968,pd_tse_fs_cor_320_p4_s2_DRB,11,MR,KNEE,,*tseR2d1_7,MONOCHROME2,ee084a79-b22,,,Siemens Healthineers,MAGNETOM Vida,R,FFS,1.2.840.10008.1.2.1,640,540,20,,0.999541;-0.000289172;-0.0302993;-0.0300255;0.124995;-0.991703,-144.389;-12.582;25.5011,0.25;0.25,3.0,3.6,1,16,12,11,0,1.0,0.0
train_series\1.2.826.0.1.3680043.8.498.99023014295026495734071089488213553280\1.2.826.0.1.3680043.8.498.73111145880239498553330511371420727441.dcm,1.2.826.0.1.3680043.8.498.10004945927472656027199792075652399585,1.2.826.0.1.3680043.8.498.99023014295026495734071089488213553280,1.2.826.0.1.3680043.8.498.73111145880239498553330511371420727441,pd_tse_fs_cor_320_p4_s2_DRB,11,MR,KNEE,,*tseR2d1_7,MONOCHROME2,ee084a79-b22,,,Siemens Healthineers,MAGNETOM Vida,R,FFS,1.2.840.10008.1.2.1,640,540,11,,0.999541;-0.000289172;-0.0302993;-0.0300255;0.124995;-0.991703,-144.521;-44.7279;21.4535,0.25;0.25,3.0,3.6,1,16,12,11,0,1.0,0.0
train_series\1.2.826.0.1.3680043.8.498.99023014295026495734071089488213553280\1.2.826.0.1.3680043.8.498.73621910730689369095038762560101305878.dcm,1.2.826.0.1.3680043.8.498.10004945927472656027199792075652399585,1.2.826.0.1.3680043.8.498.99023014295026495734071089488213553280,1.2.826.0.1.3680043.8.498.73621910730689369095038762560101305878,pd_tse_fs_cor_320_p4_s2_DRB,11,MR,KNEE,,*tseR2d1_7,MONOCHROME2,ee084a79-b22,,,Siemens Healthineers,MAGNETOM Vida,R,FFS,1.2.840.10008.1.2.1,640,540,15,,0.999541;-0.000289172;-0.0302993;-0.0300255;0.124995;-0.991703,-144.463;-30.4408;23.2524,0.25;0.25,3.0,3.6,1,16,12,11,0,1.0,0.0
train_series\1.2.826.0.1.3680043.8.498.99023014295026495734071089488213553280\1.2.826.0.1.3680043.8.498.82915323551351639883086315768875695432.dcm,1.2.826.0.1.3680043.8.498.10004945927472656027199792075652399585,1.2.826.0.1.3680043.8.498.99023014295026495734071089488213553280,1.2.826.0.1.3680043.8.498.82915323551351639883086315768875695432,pd_tse_fs_cor_320_p4_s2_DRB,11,MR,KNEE,,*tseR2d1_7,MONOCHROME2,ee084a79-b22,,,Siemens Healthineers,MAGNETOM Vida,R,FFS,1.2.840.10008.1.2.1,640,540,12,,0.999541;-0.000289172;-0.0302993;-0.0300255;0.124995;-0.991703,-144.507;-41.1561;21.9032,0.25;0.25,3.0,3.6,1,16,12,11,0,1.0,0.0
train_series\1.2.826.0.1.3680043.8.498.99023014295026495734071089488213553280\1.2.826.0.1.3680043.8.498.90395193268641347414493553571556585565.dcm,1.2.826.0.1.3680043.8.498.10004945927472656027199792075652399585,1.2.826.0.1.3680043.8.498.99023014295026495734071089488213553280,1.2.826.0.1.3680043.8.498.90395193268641347414493553571556585565,pd_tse_fs_cor_320_p4_s2_DRB,11,MR,KNEE,,*tseR2d1_7,MONOCHROME2,ee084a79-b22,,,Siemens Healthineers,MAGNETOM Vida,R,FFS,1.2.840.10008.1.2.1,640,540,26,,0.999541;-0.000289172;-0.0302993;-0.0300255;0.124995;-0.991703,-144.301;8.84861;28.1996,0.25;0.25,3.0,3.6,1,16,12,11,0,1.0,0.0
train_series\1.2.826.0.1.3680043.8.498.99023014295026495734071089488213553280\1.2.826.0.1.3680043.8.498.90576194533567201297457241842931940838.dcm,1.2.826.0.1.3680043.8.498.10004945927472656027199792075652399585,1.2.826.0.1.3680043.8.498.99023014295026495734071089488213553280,1.2.826.0.1.3680043.8.498.90576194533567201297457241842931940838,pd_tse_fs_cor_320_p4_s2_DRB,11,MR,KNEE,,*tseR2d1_7,MONOCHROME2,ee084a79-b22,,,Siemens Healthineers,MAGNETOM Vida,R,FFS,1.2.840.10008.1.2.1,640,540,6,,0.999541;-0.000289172;-0.0302993;-0.0300255;0.124995;-0.991703,-144.595;-62.5867;19.2048,0.25;0.25,3.0,3.6,1,16,12,11,0,1.0,0.0
train_series\1.2.826.0.1.3680043.8.498.99023014295026495734071089488213553280\1.2.826.0.1.3680043.8.498.91212368237788532191884706304630468907.dcm,1.2.826.0.1.3680043.8.498.10004945927472656027199792075652399585,1.2.826.0.1.3680043.8.498.99023014295026495734071089488213553280,1.2.826.0.1.3680043.8.498.91212368237788532191884706304630468907,pd_tse_fs_cor_320_p4_s2_DRB,11,MR,KNEE,,*tseR2d1_7,MONOCHROME2,ee084a79-b22,,,Siemens Healthineers,MAGNETOM Vida,R,FFS,1.2.840.10008.1.2.1,640,540,3,,0.999541;-0.000289172;-0.0302993;-0.0300255;0.124995;-0.991703,-144.639;-73.302;17.8556,0.25;0.25,3.0,3.6,1,16,12,11,0,1.0,0.0
train_series\1.2.826.0.1.3680043.8.498.99023014295026495734071089488213553280\1.2.826.0.1.3680043.8.498.94255142876466295033476852457777762614.dcm,1.2.826.0.1.3680043.8.498.10004945927472656027199792075652399585,1.2.826.0.1.3680043.8.498.99023014295026495734071089488213553280,1.2.826.0.1.3680043.8.498.94255142876466295033476852457777762614,pd_tse_fs_cor_320_p4_s2_DRB,11,MR,KNEE,,*tseR2d1_7,MONOCHROME2,ee084a79-b22,,,Siemens Healthineers,MAGNETOM Vida,R,FFS,1.2.840.10008.1.2.1,640,540,19,,0.999541;-0.000289172;-0.0302993;-0.0300255;0.124995;-0.991703,-144.404;-16.1537;25.0514,0.25;0.25,3.0,3.6,1,16,12,11,0,1.0,0.0
