path,series_uid,ok,shape_rows,shape_cols,min,max,mean,std,hash_sha256
train_series\1.2.826.0.1.3680043.8.498.10407754553908392233077656347467111543\1.2.826.0.1.3680043.8.498.10115434176602831130984575837377866488.dcm,1.2.826.0.1.3680043.8.498.10407754553908392233077656347467111543,True,640,640,0.0,1031.0,58.26292236328125,82.65546809799613,9503007476c144b615c9432ac7e5cf9a5635c26041ac382ae9f60169fce51150
train_series\1.2.826.0.1.3680043.8.498.10407754553908392233077656347467111543\1.2.826.0.1.3680043.8.498.24377316691787059443688028197357052545.dcm,1.2.826.0.1.3680043.8.498.10407754553908392233077656347467111543,True,640,640,0.0,1148.0,53.6600634765625,73.05839862175776,478a4f65a3798c9953ce8c603ecab3c25caba75bdaf7555557790379146025a2
train_series\1.2.826.0.1.3680043.8.498.10407754553908392233077656347467111543\1.2.826.0.1.3680043.8.498.30975300377591806989204332007934089157.dcm,1.2.826.0.1.3680043.8.498.10407754553908392233077656347467111543,True,640,640,0.0,1114.0,59.14674560546875,73.58215816619709,3e3ecfaff35935a9a629f37a396e373154861e40786fd8cb6babd2720881dfd8
train_series\1.2.826.0.1.3680043.8.498.10407754553908392233077656347467111543\1.2.826.0.1.3680043.8.498.34156906486966025453903453816717908732.dcm,1.2.826.0.1.3680043.8.498.10407754553908392233077656347467111543,True,640,640,0.0,927.0,47.51626708984375,61.40439575787389,3087561873e70e9a5e02bc39703c96542d37709007f2fa83ccd3958e29dfb3f1
train_series\1.2.826.0.1.3680043.8.498.10407754553908392233077656347467111543\1.2.826.0.1.3680043.8.498.36673031990432721591672521396602617581.dcm,1.2.826.0.1.3680043.8.498.10407754553908392233077656347467111543,True,640,640,0.0,1163.0,61.67830078125,81.1499831574141,7e4d5fac749f1026b6b3816cfc8f70ff69799b0a45ee83ce3270f192764aaae2
train_series\1.2.826.0.1.3680043.8.498.10407754553908392233077656347467111543\1.2.826.0.1.3680043.8.498.45761038931532912302999590668772998568.dcm,1.2.826.0.1.3680043.8.498.10407754553908392233077656347467111543,True,640,640,0.0,953.0,56.54446533203125,72.07655127388777,9cd22c116955b4e6b9df8dfaddb8eb4f4a45b1a4ebeccf4781f3b1b83708831a
train_series\1.2.826.0.1.3680043.8.498.10407754553908392233077656347467111543\1.2.826.0.1.3680043.8.498.56866888938057171756588672245074707231.dcm,1.2.826.0.1.3680043.8.498.10407754553908392233077656347467111543,True,640,640,0.0,1099.0,59.02488525390625,70.96969305544653,37ba2802edca5057d4805823f9d2259f99580c5ee4f72651aa233fef4ea1c5bd
train_series\1.2.826.0.1.3680043.8.498.10407754553908392233077656347467111543\1.2.826.0.1.3680043.8.498.63141819003049374264736610233420283354.dcm,1.2.826.0.1.3680043.8.498.10407754553908392233077656347467111543,True,640,640,0.0,1117.0,48.00762451171875,63.4613760331366,acaca9ae769be4bad9b895ae306c0dc255630071a3a7bc1689cb3811dd1416ee
train_series\1.2.826.0.1.3680043.8.498.10407754553908392233077656347467111543\1.2.826.0.1.3680043.8.498.67987486682408798100275352885694484900.dcm,1.2.826.0.1.3680043.8.498.10407754553908392233077656347467111543,True,640,640,0.0,909.0,51.35642822265625,70.99933216865318,aea7ebb22e62c3f0bf484a55b5db72ef69b2339d4f1b9c07c797120e0145c65d
train_series\1.2.826.0.1.3680043.8.498.10407754553908392233077656347467111543\1.2.826.0.1.3680043.8.498.75147277580451373453279156443723274214.dcm,1.2.826.0.1.3680043.8.498.10407754553908392233077656347467111543,True,640,640,0.0,1045.0,46.921181640625,60.91402078578647,2aa708c16cc80697795b050ba5247df2afe71ac5e823ce53b530e400acc0c47f
train_series\1.2.826.0.1.3680043.8.498.10407754553908392233077656347467111543\1.2.826.0.1.3680043.8.498.78234025971477716885959107631901690346.dcm,1.2.826.0.1.3680043.8.498.10407754553908392233077656347467111543,True,640,640,0.0,1030.0,60.46959716796875,77.31119399086269,9f39ed3b3acab9843fa136bb3090936dad4aedaa6ac25667e49574ae1ba225c6
train_series\1.2.826.0.1.3680043.8.498.10407754553908392233077656347467111543\1.2.826.0.1.3680043.8.498.78441867219732957320702119266754870816.dcm,1.2.826.0.1.3680043.8.498.10407754553908392233077656347467111543,True,640,640,0.0,1154.0,48.64531494140625,60.87617179773619,7432d824e3d0653cfcae4cc9bfc238eae35d19f0b0d6bb2b9a979545ed8b198e
train_series\1.2.826.0.1.3680043.8.498.10407754553908392233077656347467111543\1.2.826.0.1.3680043.8.498.82895826799987421162903994715198107953.dcm,1.2.826.0.1.3680043.8.498.10407754553908392233077656347467111543,True,640,640,0.0,1167.0,59.94710205078125,75.87966162928599,105ef34082ac30a9b6b4fcf5218197b3abe46cbe4cb0db213bc3b48afc77314e
train_series\1.2.826.0.1.3680043.8.498.10407754553908392233077656347467111543\1.2.826.0.1.3680043.8.498.87838383137460361333650480235579871198.dcm,1.2.826.0.1.3680043.8.498.10407754553908392233077656347467111543,True,640,640,0.0,983.0,58.35862060546875,71.46767900754982,7d8d2b91cd81e89b1133969bb6efc322eb6f2233d0e8b597d0b6d5c8bfbc4d3d
train_series\1.2.826.0.1.3680043.8.498.10407754553908392233077656347467111543\1.2.826.0.1.3680043.8.498.93606792800018728907015031281440938211.dcm,1.2.826.0.1.3680043.8.498.10407754553908392233077656347467111543,True,640,640,0.0,1156.0,49.46171875,66.19905824020195,c8db3f69c5bfc560f4d0a511801c15ece711641d2881c398350c9af5ab96986d
train_series\1.2.826.0.1.3680043.8.498.10407754553908392233077656347467111543\1.2.826.0.1.3680043.8.498.96532121857942460565854529082145197252.dcm,1.2.826.0.1.3680043.8.498.10407754553908392233077656347467111543,True,640,640,0.0,1010.0,56.819140625,80.00778010779389,fed9a259ff0de0300f7f117bd83adf5537bd782e27dffdee8683975632c3ab0d
train_series\1.2.826.0.1.3680043.8.498.10440591424169021316962862657887905795\1.2.826.0.1.3680043.8.498.10024369860958267587222594731609812901.dcm,1.2.826.0.1.3680043.8.498.10440591424169021316962862657887905795,True,640,640,0.0,953.0,76.322275390625,100.83868397804564,69bd5ca6948da662e8dfb399b503485a0c629a3527af5e3d32410eacdaa53e4a
train_series\1.2.826.0.1.3680043.8.498.10440591424169021316962862657887905795\1.2.826.0.1.3680043.8.498.11379009440682593583031545780711464774.dcm,1.2.826.0.1.3680043.8.498.10440591424169021316962862657887905795,True,640,640,0.0,1025.0,82.979970703125,104.06571503666754,a7cfc7f2697407a4132e93a31a497830a9ab41bda7b8e5aafb53a37baf9918f7
train_series\1.2.826.0.1.3680043.8.498.10440591424169021316962862657887905795\1.2.826.0.1.3680043.8.498.11482269198086412440175527079195156121.dcm,1.2.826.0.1.3680043.8.498.10440591424169021316962862657887905795,True,640,640,0.0,970.0,67.67149169921875,94.21892842940936,0c83b7db4e30b984157d9efda53049dce2e4b7af713f2ece67216ccaa8ec96c9
train_series\1.2.826.0.1.3680043.8.498.10440591424169021316962862657887905795\1.2.826.0.1.3680043.8.498.12107861132586269866992920436918527046.dcm,1.2.826.0.1.3680043.8.498.10440591424169021316962862657887905795,True,640,640,0.0,830.0,53.39138427734375,78.18500617080925,92fe28fe15f742603ab2183f4141ce2fdf8e55f30929270d95e464bcf99dcb05
train_series\1.2.826.0.1.3680043.8.498.10440591424169021316962862657887905795\1.2.826.0.1.3680043.8.498.12255419508008048609487401561890560226.dcm,1.2.826.0.1.3680043.8.498.10440591424169021316962862657887905795,True,640,640,0.0,931.0,91.56585693359375,103.53220029452304,c0044409ca4cf8e6a1fe9bd86208a2b0f975b7d52a346787de1a57911a16b6d0
train_series\1.2.826.0.1.3680043.8.498.10440591424169021316962862657887905795\1.2.826.0.1.3680043.8.498.12349874157775501925901183148952650954.dcm,1.2.826.0.1.3680043.8.498.10440591424169021316962862657887905795,True,640,640,0.0,481.0,16.21435302734375,36.54970172034342,524b518f958f9ad78e668967fc1a6086e05a9bb16c88506cb324f959cf795314
train_series\1.2.826.0.1.3680043.8.498.10440591424169021316962862657887905795\1.2.826.0.1.3680043.8.498.12353793661137821176718404079734108147.dcm,1.2.826.0.1.3680043.8.498.10440591424169021316962862657887905795,True,640,640,0.0,1215.0,147.17070068359374,143.4237591949418,a5e3fbb2d1b060ffbbbf20ae366798facbd967ccc3d2941c88f0c912d14fd823
train_series\1.2.826.0.1.3680043.8.498.10440591424169021316962862657887905795\1.2.826.0.1.3680043.8.498.12358557426227830514839852522768206663.dcm,1.2.826.0.1.3680043.8.498.10440591424169021316962862657887905795,True,640,640,0.0,1263.0,131.7939990234375,129.21923222069935,9a5e62b50b1e7aa10989281cad1fe72aab81b2caf03c3b7bc0b1879d38e897b6
train_series\1.2.826.0.1.3680043.8.498.10440591424169021316962862657887905795\1.2.826.0.1.3680043.8.498.13135342053551622608191890474289731053.dcm,1.2.826.0.1.3680043.8.498.10440591424169021316962862657887905795,True,640,640,0.0,722.0,44.77189208984375,68.65176227427345,06b5b0fd24270288a67c2b019ac1c6e023b947a044d5a8eac4034a3cc949805e
train_series\1.2.826.0.1.3680043.8.498.10440591424169021316962862657887905795\1.2.826.0.1.3680043.8.498.15430509040010394657185946866108205936.dcm,1.2.826.0.1.3680043.8.498.10440591424169021316962862657887905795,True,640,640,0.0,1051.0,103.7420263671875,109.34332446417665,67aa264a74390d50a4c42aaaa261907b6cb5279a8304c3ca87768adf33e31870
train_series\1.2.826.0.1.3680043.8.498.10440591424169021316962862657887905795\1.2.826.0.1.3680043.8.498.16767034687170722483933518456243431236.dcm,1.2.826.0.1.3680043.8.498.10440591424169021316962862657887905795,True,640,640,0.0,700.0,49.3861474609375,71.78355222895536,3bf971474463aec7a58037811018e27c8fedecf0b793b12af206ef85f4116131
train_series\1.2.826.0.1.3680043.8.498.10440591424169021316962862657887905795\1.2.826.0.1.3680043.8.498.17275715847864674157737530742068719074.dcm,1.2.826.0.1.3680043.8.498.10440591424169021316962862657887905795,True,640,640,0.0,1110.0,66.12150146484375,95.87663152331397,e5f5138811157781e0cdc098529eb615d9ea3a0428c947268673236eac6569b7
train_series\1.2.826.0.1.3680043.8.498.10440591424169021316962862657887905795\1.2.826.0.1.3680043.8.498.20581275495679547150384639183959315115.dcm,1.2.826.0.1.3680043.8.498.10440591424169021316962862657887905795,True,640,640,0.0,464.0,19.293310546875,33.23542846498623,970a81e08a6459277a96da91e1a0a2590ae5c2c8327bf59087d85a6db43154da
train_series\1.2.826.0.1.3680043.8.498.10440591424169021316962862657887905795\1.2.826.0.1.3680043.8.498.31509297671699238684232481873212580014.dcm,1.2.826.0.1.3680043.8.498.10440591424169021316962862657887905795,True,640,640,0.0,1027.0,60.0509814453125,91.42242105093317,a1264b8df59e1d3cd498d0c50cdd3ddc31d038dd64e9b05ad262d1c3e727c8cc
train_series\1.2.826.0.1.3680043.8.498.10440591424169021316962862657887905795\1.2.826.0.1.3680043.8.498.33376962483713156704037665617465769744.dcm,1.2.826.0.1.3680043.8.498.10440591424169021316962862657887905795,True,640,640,0.0,1057.0,47.70854248046875,101.68900484958768,a3dedeab63da2f97fc23ec4b81de8ebff3fda33e244b6e45a9401d80ea959796
train_series\1.2.826.0.1.3680043.8.498.10440591424169021316962862657887905795\1.2.826.0.1.3680043.8.498.35446331728310613937018810735290603590.dcm,1.2.826.0.1.3680043.8.498.10440591424169021316962862657887905795,True,640,640,0.0,1152.0,108.30445068359376,111.13829540611712,b192590ae43b69cfedc6c6037b1975395b6d4c87d1530cc0d54ef97e1d1e344e
train_series\1.2.826.0.1.3680043.8.498.10440591424169021316962862657887905795\1.2.826.0.1.3680043.8.498.46673735734949499428278229849896891901.dcm,1.2.826.0.1.3680043.8.498.10440591424169021316962862657887905795,True,640,640,0.0,1208.0,140.9375244140625,134.57425799957844,925b553e319fbea4de42be1b293b1db722e0431ca02b671158736b08b7ff0022
train_series\1.2.826.0.1.3680043.8.498.10440591424169021316962862657887905795\1.2.826.0.1.3680043.8.498.51626523711269557544964525839509794666.dcm,1.2.826.0.1.3680043.8.498.10440591424169021316962862657887905795,True,640,640,0.0,528.0,22.54568359375,40.44386418622668,352852c67eae4d646ca90fc810a0749f09c890057b0d1d9a4fc8b268695271c6
train_series\1.2.826.0.1.3680043.8.498.10440591424169021316962862657887905795\1.2.826.0.1.3680043.8.498.55716833311407959459904762553147136530.dcm,1.2.826.0.1.3680043.8.498.10440591424169021316962862657887905795,True,640,640,0.0,167.0,6.937197265625,10.775785805351042,58af8250a9d4c50fd82097c3071e14ec70078916a1cf7f5109fc2098f29230d5
train_series\1.2.826.0.1.3680043.8.498.10440591424169021316962862657887905795\1.2.826.0.1.3680043.8.498.58288770879734493100580869378572690185.dcm,1.2.826.0.1.3680043.8.498.10440591424169021316962862657887905795,True,640,640,0.0,725.0,50.94547607421875,76.49623540760714,178bde146bd4df74905ce7f6dcd4c2487898477c0f2b1c2f15573e1151edb1cb
train_series\1.2.826.0.1.3680043.8.498.10440591424169021316962862657887905795\1.2.826.0.1.3680043.8.498.59026233485534464508836666130027869354.dcm,1.2.826.0.1.3680043.8.498.10440591424169021316962862657887905795,True,640,640,0.0,572.0,39.870849609375,64.60214979900563,972206c9a002c437968773a9a05f0e0f8fa65fd3d9b2760e7e13f88100026be5
train_series\1.2.826.0.1.3680043.8.498.10440591424169021316962862657887905795\1.2.826.0.1.3680043.8.498.60842040751984489150997658985399456323.dcm,1.2.826.0.1.3680043.8.498.10440591424169021316962862657887905795,True,640,640,0.0,960.0,40.4627001953125,71.76651936040498,06b4ce48747808003c6a6819848be190656ae64326008bb83a48439abb2687a5
train_series\1.2.826.0.1.3680043.8.498.10440591424169021316962862657887905795\1.2.826.0.1.3680043.8.498.68649589748657591885535680860590680862.dcm,1.2.826.0.1.3680043.8.498.10440591424169021316962862657887905795,True,640,640,0.0,1136.0,133.171171875,135.58160805711546,5a5281d7896db9510d7adebfb3df48ded1ec211225cddd499274544b31c56868
train_series\1.2.826.0.1.3680043.8.498.10440591424169021316962862657887905795\1.2.826.0.1.3680043.8.498.73839799462713627172413677735437814068.dcm,1.2.826.0.1.3680043.8.498.10440591424169021316962862657887905795,True,640,640,0.0,357.0,16.84286865234375,34.36080487692867,62619e6dfcb49a25a7fac275aabf1cb6b174bc521572e5e5ff3520a799e94be1
train_series\1.2.826.0.1.3680043.8.498.10440591424169021316962862657887905795\1.2.826.0.1.3680043.8.498.76299567596146395366739221486535760265.dcm,1.2.826.0.1.3680043.8.498.10440591424169021316962862657887905795,True,640,640,0.0,432.0,17.9591064453125,33.65498673903594,8906a65ce572be31ee4740fc7a22b1492b2d9290f0df183bb1cb089553526bab
train_series\1.2.826.0.1.3680043.8.498.10440591424169021316962862657887905795\1.2.826.0.1.3680043.8.498.82563100505363744894089243725475530549.dcm,1.2.826.0.1.3680043.8.498.10440591424169021316962862657887905795,True,640,640,0.0,996.0,36.8705859375,84.02216611978868,736685939198f6bff8ca3b46f6ea0e8261b5c5d928be1e12af90b4294963707d
train_series\1.2.826.0.1.3680043.8.498.10440591424169021316962862657887905795\1.2.826.0.1.3680043.8.498.82843274702796006521775122611659526868.dcm,1.2.826.0.1.3680043.8.498.10440591424169021316962862657887905795,True,640,640,0.0,1131.0,63.4019482421875,94.09725110823497,61695e5dc6568bdb1e31feee9d360fde4f5ba4b8857ed256ecac1898729af08d
train_series\1.2.826.0.1.3680043.8.498.10440591424169021316962862657887905795\1.2.826.0.1.3680043.8.498.87488206911930602668623503962294121689.dcm,1.2.826.0.1.3680043.8.498.10440591424169021316962862657887905795,True,640,640,0.0,422.0,13.86505859375,36.27779455439569,d465afe06a8eb26583b256691ef2de9562c292b9d95c0a333a04f7f67aa4ea39
train_series\1.2.826.0.1.3680043.8.498.10440591424169021316962862657887905795\1.2.826.0.1.3680043.8.498.91256935459769147603402265824320475888.dcm,1.2.826.0.1.3680043.8.498.10440591424169021316962862657887905795,True,640,640,0.0,896.0,54.55972412109375,80.71133530006789,04ff8e2fb64e2ed99a54eafb788ce16073ec75e01bbdf1fc0884afaf0daea96f
train_series\1.2.826.0.1.3680043.8.498.10440591424169021316962862657887905795\1.2.826.0.1.3680043.8.498.91681496963248731535604903070597031363.dcm,1.2.826.0.1.3680043.8.498.10440591424169021316962862657887905795,True,640,640,0.0,1057.0,63.2976611328125,96.827627461599,0eb1cc99d902ac8a42c3a115bd527a7384ec6131b3c12998fde7aea8b9dd71e1
train_series\1.2.826.0.1.3680043.8.498.10440591424169021316962862657887905795\1.2.826.0.1.3680043.8.498.95001316319417166557842862217356454321.dcm,1.2.826.0.1.3680043.8.498.10440591424169021316962862657887905795,True,640,640,0.0,1228.0,136.5781640625,134.56663462408207,e7414c2d1595e1fae89bbdd5a24c74aa596dfcd3698717681f27a947275f8692
train_series\1.2.826.0.1.3680043.8.498.10440591424169021316962862657887905795\1.2.826.0.1.3680043.8.498.95293228092748318631644855243145238536.dcm,1.2.826.0.1.3680043.8.498.10440591424169021316962862657887905795,True,640,640,0.0,1229.0,129.4896142578125,138.41128991285171,8231534de81c194ca6d72f20e0376df9fe827ba05274b135e4addc4f6e95e913
train_series\1.2.826.0.1.3680043.8.498.10997243274493644695137773062377650204\1.2.826.0.1.3680043.8.498.10069932447335335020486232196052169038.dcm,1.2.826.0.1.3680043.8.498.10997243274493644695137773062377650204,True,640,640,0.0,2018.0,186.83517822265625,293.55022456153796,7c98490d939b16779e2fdc99f872fcd730ee6a0e2d3c2de1e14b9b05fb30ccb6
train_series\1.2.826.0.1.3680043.8.498.10997243274493644695137773062377650204\1.2.826.0.1.3680043.8.498.10479445270523956099196646307234967492.dcm,1.2.826.0.1.3680043.8.498.10997243274493644695137773062377650204,True,640,640,0.0,1850.0,297.76692138671876,395.160014949745,d86fbc1da73e760f2df6c7aba09da6008467efa0edc027e54da0945141562e00
train_series\1.2.826.0.1.3680043.8.498.10997243274493644695137773062377650204\1.2.826.0.1.3680043.8.498.10753835315380964994731992725289485038.dcm,1.2.826.0.1.3680043.8.498.10997243274493644695137773062377650204,True,640,640,0.0,1858.0,258.90073486328123,361.3699968001641,4785fea447c6c85f4dfbe2b2d31e3602a1dda4d0a3cf7fbb70fdadc3cd6086c8
train_series\1.2.826.0.1.3680043.8.498.10997243274493644695137773062377650204\1.2.826.0.1.3680043.8.498.11610603877349235811101168072417750775.dcm,1.2.826.0.1.3680043.8.498.10997243274493644695137773062377650204,True,640,640,0.0,1956.0,364.729072265625,449.0852849957625,db6f8c9aae0e5a2eb33096f73c457bdee712bd9df4a5ca1476874a846c13f20d
train_series\1.2.826.0.1.3680043.8.498.10997243274493644695137773062377650204\1.2.826.0.1.3680043.8.498.12275478554180468287781944607189526172.dcm,1.2.826.0.1.3680043.8.498.10997243274493644695137773062377650204,True,640,640,0.0,1994.0,369.7330810546875,458.9705506847669,0317aa8046a9ba6e69825a5e6458fca27709184750477b7db2a3f645bcc492ae
train_series\1.2.826.0.1.3680043.8.498.10997243274493644695137773062377650204\1.2.826.0.1.3680043.8.498.16383039765121737941690709956292235629.dcm,1.2.826.0.1.3680043.8.498.10997243274493644695137773062377650204,True,640,640,0.0,1932.0,201.0754833984375,305.79586036810923,57b117d465b85e95de523ff2c355647676a1dcb1b2c008d8eff59431a9b305e7
train_series\1.2.826.0.1.3680043.8.498.10997243274493644695137773062377650204\1.2.826.0.1.3680043.8.498.16910314788534360790951412975620824133.dcm,1.2.826.0.1.3680043.8.498.10997243274493644695137773062377650204,True,640,640,0.0,1914.0,235.738134765625,340.8143533266094,e9bd37162e25bc986ff600acaafd4aa6456587f544a228bd3b41089e0f950b35
train_series\1.2.826.0.1.3680043.8.498.10997243274493644695137773062377650204\1.2.826.0.1.3680043.8.498.19465763668762798486160184662653562175.dcm,1.2.826.0.1.3680043.8.498.10997243274493644695137773062377650204,True,640,640,0.0,1808.0,250.89473876953124,358.3926202445538,e6f6c28d830720d6a76a0c04f699cff9bfbc70bcc026525c3971259e3fa0198c
train_series\1.2.826.0.1.3680043.8.498.10997243274493644695137773062377650204\1.2.826.0.1.3680043.8.498.23524193321290724446617765813779905756.dcm,1.2.826.0.1.3680043.8.498.10997243274493644695137773062377650204,True,640,640,0.0,1964.0,369.4156640625,454.9430680457064,aacfbab4973316c855f6dec91e03a17f763bdd2edd80a6ac3b2e927c150375c7
train_series\1.2.826.0.1.3680043.8.498.10997243274493644695137773062377650204\1.2.826.0.1.3680043.8.498.25336601319375135432506283231426926386.dcm,1.2.826.0.1.3680043.8.498.10997243274493644695137773062377650204,True,640,640,0.0,1908.0,329.7273266601562,425.3416376664126,a78ee4487af3d6a019b964a8a8cdb07dd804b530ab8a5b07904de60059473805
train_series\1.2.826.0.1.3680043.8.498.10997243274493644695137773062377650204\1.2.826.0.1.3680043.8.498.26137839157079768705114962138470029738.dcm,1.2.826.0.1.3680043.8.498.10997243274493644695137773062377650204,True,640,640,0.0,1889.0,370.2526123046875,455.01841946374145,fb15d4ebd2f947770d56dbf9693a22e29b539d270fa668111e1ea32b07a63dc9
train_series\1.2.826.0.1.3680043.8.498.10997243274493644695137773062377650204\1.2.826.0.1.3680043.8.498.27059456745933435652024638264621191290.dcm,1.2.826.0.1.3680043.8.498.10997243274493644695137773062377650204,True,640,640,0.0,1838.0,168.16301025390624,275.00755724243305,fd5220f95b674f9cf92c54e584b70ccbca2f7da6fa649546659dfce2ae5ce6b4
train_series\1.2.826.0.1.3680043.8.498.10997243274493644695137773062377650204\1.2.826.0.1.3680043.8.498.28118353321546512226599338512540103395.dcm,1.2.826.0.1.3680043.8.498.10997243274493644695137773062377650204,True,640,640,0.0,1886.0,314.3242333984375,412.61077604025235,e688b79a378a1fc47e105f2f0e5af6f23d1db57b773206476f6442b347a569a6
train_series\1.2.826.0.1.3680043.8.498.10997243274493644695137773062377650204\1.2.826.0.1.3680043.8.498.28526557669627225016574061677247917853.dcm,1.2.826.0.1.3680043.8.498.10997243274493644695137773062377650204,True,640,640,0.0,1168.0,108.57431396484375,170.0622334959009,2e82ed07ae1feb9a68b571b981464b3d354836ecd49bfeca80ff9ffa1abc85c0
train_series\1.2.826.0.1.3680043.8.498.10997243274493644695137773062377650204\1.2.826.0.1.3680043.8.498.41129567862905896357732519198691086513.dcm,1.2.826.0.1.3680043.8.498.10997243274493644695137773062377650204,True,640,640,0.0,2011.0,348.36363037109373,446.38837221048954,bb12cd724d7086ecdd94dc9ea3e5b201993a1b2c6eac173b718b0503e7ec5087
train_series\1.2.826.0.1.3680043.8.498.10997243274493644695137773062377650204\1.2.826.0.1.3680043.8.498.41721146033703867732970518615112226662.dcm,1.2.826.0.1.3680043.8.498.10997243274493644695137773062377650204,True,640,640,0.0,1944.0,367.3004296875,452.7234949952496,e3fab3be91f2e05efe9265b8510105fa41bd2f74c606e91bed560c942ec1fa0a
train_series\1.2.826.0.1.3680043.8.498.10997243274493644695137773062377650204\1.2.826.0.1.3680043.8.498.43460058802519341492928551324321350102.dcm,1.2.826.0.1.3680043.8.498.10997243274493644695137773062377650204,True,640,640,0.0,2041.0,365.9826318359375,459.0983671170676,bfb6c24aa48d6662af2a94f8bb8b252a1553f6c6f775667a9e83a9db8f1e3285
train_series\1.2.826.0.1.3680043.8.498.10997243274493644695137773062377650204\1.2.826.0.1.3680043.8.498.49094488868061207302714877713334660039.dcm,1.2.826.0.1.3680043.8.498.10997243274493644695137773062377650204,True,640,640,0.0,1887.0,241.89337646484375,350.5012217960771,9cc14f37a821d7d84c75f3bcdbd439a9e16bbd2aee0426cecbfaed2a86536636
train_series\1.2.826.0.1.3680043.8.498.10997243274493644695137773062377650204\1.2.826.0.1.3680043.8.498.57482788780395516131580730676476567208.dcm,1.2.826.0.1.3680043.8.498.10997243274493644695137773062377650204,True,640,640,0.0,1935.0,363.1169750976562,449.412189721685,fe886ccdc13945772c722bb612855e8514d5cf6c19a585a74a83a562817f77fc
train_series\1.2.826.0.1.3680043.8.498.10997243274493644695137773062377650204\1.2.826.0.1.3680043.8.498.63196299789521883909376264923224144696.dcm,1.2.826.0.1.3680043.8.498.10997243274493644695137773062377650204,True,640,640,0.0,1999.0,366.08461181640627,449.8805094247517,3a5b4af607f6bfa49c58c73a7980e068d9417b40081d9f744ba8f925202e6254
train_series\1.2.826.0.1.3680043.8.498.10997243274493644695137773062377650204\1.2.826.0.1.3680043.8.498.67254622599264206618325604190619812168.dcm,1.2.826.0.1.3680043.8.498.10997243274493644695137773062377650204,True,640,640,0.0,2056.0,341.32843017578125,440.85725794428606,f36d1e71ca7f160b7affc1bc987bdfcd7697c00281488d490fe6f305aafd9489
train_series\1.2.826.0.1.3680043.8.498.10997243274493644695137773062377650204\1.2.826.0.1.3680043.8.498.73922685040261517504382364311017869327.dcm,1.2.826.0.1.3680043.8.498.10997243274493644695137773062377650204,True,640,640,0.0,1959.0,345.095478515625,438.1663425127511,9127134ae22c894b92ecae5869d6135ca986bdc6f45aec3941280cc374ac988e
train_series\1.2.826.0.1.3680043.8.498.10997243274493644695137773062377650204\1.2.826.0.1.3680043.8.498.75013542116871432982690348025488928392.dcm,1.2.826.0.1.3680043.8.498.10997243274493644695137773062377650204,True,640,640,0.0,1714.0,141.89173095703126,233.65361966676386,0b900b7072b13784a158b3405f1162b1410bb5690499b3feddb5d9ec0f6d5d12
train_series\1.2.826.0.1.3680043.8.498.10997243274493644695137773062377650204\1.2.826.0.1.3680043.8.498.77240016677467973628188976411885339896.dcm,1.2.826.0.1.3680043.8.498.10997243274493644695137773062377650204,True,640,640,0.0,2048.0,215.9955810546875,319.73599222121345,ca5562d644c7628a6ca1567793b341383f8594468570c1f10a87b07e12742ec7
train_series\1.2.826.0.1.3680043.8.498.10997243274493644695137773062377650204\1.2.826.0.1.3680043.8.498.81997668742638069412863164671772092224.dcm,1.2.826.0.1.3680043.8.498.10997243274493644695137773062377650204,True,640,640,0.0,1973.0,369.98053955078126,458.3487052082892,230048965c3ce563d4a74e8e17797b614d2789654b342c1e15ca7a858fc06a6f
train_series\1.2.826.0.1.3680043.8.498.10997243274493644695137773062377650204\1.2.826.0.1.3680043.8.498.83013347138699273701034933860128153529.dcm,1.2.826.0.1.3680043.8.498.10997243274493644695137773062377650204,True,640,640,0.0,1839.0,254.6846435546875,358.67695438371345,ba4f21d6c40bfbfbc5dde760290ed208ef14b5b4076e6a3244bcf3783deabddc
train_series\1.2.826.0.1.3680043.8.498.10997243274493644695137773062377650204\1.2.826.0.1.3680043.8.498.84990841372015341389549262052815823606.dcm,1.2.826.0.1.3680043.8.498.10997243274493644695137773062377650204,True,640,640,0.0,2314.0,357.47862548828124,453.68594041628785,85c3aed4511e1fbab85315ecea3c889d0020292d604352b727938342a6fe5080
train_series\1.2.826.0.1.3680043.8.498.10997243274493644695137773062377650204\1.2.826.0.1.3680043.8.498.92795079231195331416027802835112857886.dcm,1.2.826.0.1.3680043.8.498.10997243274493644695137773062377650204,True,640,640,0.0,1889.0,271.7875073242187,372.3482053744763,c4c3eddde36b4d2cbf9f517f80907b1f4454cf395041f2481fb58fa4a3c5cf10
train_series\1.2.826.0.1.3680043.8.498.10997243274493644695137773062377650204\1.2.826.0.1.3680043.8.498.94743652779861610130389531076385471664.dcm,1.2.826.0.1.3680043.8.498.10997243274493644695137773062377650204,True,640,640,0.0,2179.0,337.194638671875,439.4421762431267,8672b794f13cb2b1f78b8aab145c1e928ca2dbbc7e7d9e73f33c8cd93d5c06ed
train_series\1.2.826.0.1.3680043.8.498.10997243274493644695137773062377650204\1.2.826.0.1.3680043.8.498.97864299469605101819063825852041793623.dcm,1.2.826.0.1.3680043.8.498.10997243274493644695137773062377650204,True,640,640,0.0,2025.0,355.66288818359374,446.30038958071793,549e53ec8d1b172624a25a067f9a58845cfbf02e91d61614f68990b3bb5f9fa0
train_series\1.2.826.0.1.3680043.8.498.11982164807463634778369544669639739403\1.2.826.0.1.3680043.8.498.10334393107299528601125194497504139937.dcm,1.2.826.0.1.3680043.8.498.11982164807463634778369544669639739403,True,384,384,0.0,830.0,97.09328884548611,106.39499555269657,25c1436e42cfa17fce7631a6e7e32da857e116028e5e641bc2427ae627f6c457
train_series\1.2.826.0.1.3680043.8.498.11982164807463634778369544669639739403\1.2.826.0.1.3680043.8.498.10356779123428217713583131097391913827.dcm,1.2.826.0.1.3680043.8.498.11982164807463634778369544669639739403,True,384,384,0.0,462.0,53.75670030381944,60.41440421972217,857f33f4d463d7236581c6c8d00686e2ec1a2592f0e47eabfbb962c3e12c5a38
train_series\1.2.826.0.1.3680043.8.498.11982164807463634778369544669639739403\1.2.826.0.1.3680043.8.498.10589954683491101390998450787888084473.dcm,1.2.826.0.1.3680043.8.498.11982164807463634778369544669639739403,True,384,384,0.0,852.0,93.417724609375,108.77104419016717,e22c10d13ad69c62b4927e09ce6723291f51c81da327f74fca2c8c1a09ba781b
train_series\1.2.826.0.1.3680043.8.498.11982164807463634778369544669639739403\1.2.826.0.1.3680043.8.498.10659397223588412491872726599873751074.dcm,1.2.826.0.1.3680043.8.498.11982164807463634778369544669639739403,True,384,384,0.0,800.0,95.43464491102431,111.55293906997241,9af16674643d8057129a1a39007076159a0a8061d4bdb9058d83d653bf7818cf
train_series\1.2.826.0.1.3680043.8.498.11982164807463634778369544669639739403\1.2.826.0.1.3680043.8.498.10810258635631038102948407924296159122.dcm,1.2.826.0.1.3680043.8.498.11982164807463634778369544669639739403,True,384,384,0.0,1053.0,93.85196940104167,115.77743479162402,895980eac098c039fdc3e862f31dbde3aca1462073c61ff1844976a59dfc30a7
train_series\1.2.826.0.1.3680043.8.498.11982164807463634778369544669639739403\1.2.826.0.1.3680043.8.498.10898505484070820492141892483923378397.dcm,1.2.826.0.1.3680043.8.498.11982164807463634778369544669639739403,True,384,384,0.0,822.0,66.60734049479167,81.660778389323,55b0563565dc72071965bea95ae6a97de53f97d2f1142b0b2fb667d0c7bed249
train_series\1.2.826.0.1.3680043.8.498.11982164807463634778369544669639739403\1.2.826.0.1.3680043.8.498.11181461633592517475561323475330548504.dcm,1.2.826.0.1.3680043.8.498.11982164807463634778369544669639739403,True,384,384,0.0,992.0,89.4989013671875,117.42108351958262,07c53b63c8a63cf1b24dcda906e2ab083bf7a99e5afdc8fa766f71ad5f378fb0
train_series\1.2.826.0.1.3680043.8.498.11982164807463634778369544669639739403\1.2.826.0.1.3680043.8.498.11645370166992316729051808293228289217.dcm,1.2.826.0.1.3680043.8.498.11982164807463634778369544669639739403,True,384,384,0.0,841.0,93.56056722005208,100.16516379835662,e9cfb0009498b26230f8e7a46f05291879e95b8a8038e74652c0d7eb9649576e
train_series\1.2.826.0.1.3680043.8.498.11982164807463634778369544669639739403\1.2.826.0.1.3680043.8.498.11676515300340876840353952131698828055.dcm,1.2.826.0.1.3680043.8.498.11982164807463634778369544669639739403,True,384,384,0.0,1005.0,96.66215006510417,121.47729427917893,40c41116d2bd836704826739fbef604c64e696b933d54e028c8a63b27d93a767
train_series\1.2.826.0.1.3680043.8.498.11982164807463634778369544669639739403\1.2.826.0.1.3680043.8.498.11975695226951384953670979244499238039.dcm,1.2.826.0.1.3680043.8.498.11982164807463634778369544669639739403,True,384,384,0.0,1010.0,88.19310167100694,111.42119500351424,0d456574b5365188f0cf3a4df389d024a7a36c04ed485a2ac300d2ab33d57943
train_series\1.2.826.0.1.3680043.8.498.11982164807463634778369544669639739403\1.2.826.0.1.3680043.8.498.12680508000567923079580207064042268883.dcm,1.2.826.0.1.3680043.8.498.11982164807463634778369544669639739403,True,384,384,0.0,1003.0,88.11081271701389,113.15083852710607,0bb7e16971427f38d51925ff8afbb59837f5e610487e6b63f4fabcc11ea247bb
train_series\1.2.826.0.1.3680043.8.498.11982164807463634778369544669639739403\1.2.826.0.1.3680043.8.498.12787331336834264699583465931062207110.dcm,1.2.826.0.1.3680043.8.498.11982164807463634778369544669639739403,True,384,384,0.0,564.0,60.680080837673614,69.88069687409954,b3326a2cf10421cf7e0b71ca8521c17d38a116278b0b50a64a5e072818b44437
train_series\1.2.826.0.1.3680043.8.498.11982164807463634778369544669639739403\1.2.826.0.1.3680043.8.498.12846547584851857603930935962313791467.dcm,1.2.826.0.1.3680043.8.498.11982164807463634778369544669639739403,True,384,384,0.0,894.0,65.95591905381944,78.74467038369218,9e88406d4c8ac092d101ede139e5adf63b3d725ae424ef0df8320625236f745c
train_series\1.2.826.0.1.3680043.8.498.11982164807463634778369544669639739403\1.2.826.0.1.3680043.8.498.17598961445452251853533983032507719963.dcm,1.2.826.0.1.3680043.8.498.11982164807463634778369544669639739403,True,384,384,0.0,877.0,65.43479410807292,76.36197224152392,71fc34b937e24837ff03dfd821693704e6447055b4424e857362e8c50e4799b3
train_series\1.2.826.0.1.3680043.8.498.11982164807463634778369544669639739403\1.2.826.0.1.3680043.8.498.24673006332170947519741999701590072479.dcm,1.2.826.0.1.3680043.8.498.11982164807463634778369544669639739403,True,384,384,0.0,888.0,91.9698486328125,115.45334985386634,c5c6ea3752bd55281b4e7d3d2b8d30ee641ef47739d44f184e286ed241180975
train_series\1.2.826.0.1.3680043.8.498.11982164807463634778369544669639739403\1.2.826.0.1.3680043.8.498.26896919813786720021314369334457627764.dcm,1.2.826.0.1.3680043.8.498.11982164807463634778369544669639739403,True,384,384,0.0,825.0,67.72506374782986,84.40465338653789,731d94e72a28d89a9f8353d8195fddb860b50a8492be0851d33a9004fd853783
train_series\1.2.826.0.1.3680043.8.498.11982164807463634778369544669639739403\1.2.826.0.1.3680043.8.498.30354526256340685848966453622136200931.dcm,1.2.826.0.1.3680043.8.498.11982164807463634778369544669639739403,True,384,384,0.0,837.0,65.37948269314236,77.56956899216318,fc418e7d2f61924e6297f1fde139e60233adf6f48bf56e2103e4ab7e04d243d4
train_series\1.2.826.0.1.3680043.8.498.11982164807463634778369544669639739403\1.2.826.0.1.3680043.8.498.33251621191146222889704903377409124222.dcm,1.2.826.0.1.3680043.8.498.11982164807463634778369544669639739403,True,384,384,0.0,766.0,67.34481472439236,79.04530638005016,cdc02d686e5c8a69f24157cdf9d735cba2df8744337e9feea83243a4940e35ab
train_series\1.2.826.0.1.3680043.8.498.11982164807463634778369544669639739403\1.2.826.0.1.3680043.8.498.35185927065415878966612626644067333475.dcm,1.2.826.0.1.3680043.8.498.11982164807463634778369544669639739403,True,384,384,0.0,956.0,95.75580512152777,122.04864157725606,fd9efc54e6742d7c72becebf5007cbeb8461b57b6d949aece8bb2065d301686b
train_series\1.2.826.0.1.3680043.8.498.11982164807463634778369544669639739403\1.2.826.0.1.3680043.8.498.36163032061491366333815251470357122465.dcm,1.2.826.0.1.3680043.8.498.11982164807463634778369544669639739403,True,384,384,0.0,817.0,92.51890055338542,110.04385670997277,f5dccd8577cdd92523ceeae7f3ae1b9452f58e958a7d1165a3c4bc4cf233ffe5
train_series\1.2.826.0.1.3680043.8.498.11982164807463634778369544669639739403\1.2.826.0.1.3680043.8.498.36895968548191643125366850357085859628.dcm,1.2.826.0.1.3680043.8.498.11982164807463634778369544669639739403,True,384,384,0.0,1023.0,96.88871934678819,123.17870690756773,5d8d455cf912dc325ed500beb60b0538cca094e92407a31d44359e6faba25097
train_series\1.2.826.0.1.3680043.8.498.11982164807463634778369544669639739403\1.2.826.0.1.3680043.8.498.37314858146224711783815859932910141484.dcm,1.2.826.0.1.3680043.8.498.11982164807463634778369544669639739403,True,384,384,0.0,987.0,90.21145968967014,111.04690191605246,73b3ce94b4f26f86af6635842b4357d1abcf7743c801662c47cc9e4dceb1d082
train_series\1.2.826.0.1.3680043.8.498.11982164807463634778369544669639739403\1.2.826.0.1.3680043.8.498.37496177599691720099714328718056188819.dcm,1.2.826.0.1.3680043.8.498.11982164807463634778369544669639739403,True,384,384,0.0,979.0,75.23122829861111,96.70367908827166,b61c414c6f797374712aeacbdedd084b6a00dfa4b44e38aaec91a66e103bbede
train_series\1.2.826.0.1.3680043.8.498.11982164807463634778369544669639739403\1.2.826.0.1.3680043.8.498.50225677447480332122945828091504054963.dcm,1.2.826.0.1.3680043.8.498.11982164807463634778369544669639739403,True,384,384,0.0,1011.0,94.89575873480902,124.82543183395163,1be0d404f3bf1ab49e535566bc8a08b96cf29ccdc0f5343750ba4226dd7798ad
train_series\1.2.826.0.1.3680043.8.498.11982164807463634778369544669639739403\1.2.826.0.1.3680043.8.498.51461086734498018396453499359719790499.dcm,1.2.826.0.1.3680043.8.498.11982164807463634778369544669639739403,True,384,384,0.0,998.0,91.53006998697917,116.28330215613853,c499d6c7af077d5b8244524592f6b54e8c7bb2e25dcd95820df906e3cc6651d2
train_series\1.2.826.0.1.3680043.8.498.11982164807463634778369544669639739403\1.2.826.0.1.3680043.8.498.54642244718481023995790398911568965873.dcm,1.2.826.0.1.3680043.8.498.11982164807463634778369544669639739403,True,384,384,0.0,670.0,65.24327935112848,75.49443233931233,2d128d4f1fad7f3ea827a773548396c3720dbeb9daa55268acccce33d3536aee
train_series\1.2.826.0.1.3680043.8.498.11982164807463634778369544669639739403\1.2.826.0.1.3680043.8.498.59681261111976177617815711375991219637.dcm,1.2.826.0.1.3680043.8.498.11982164807463634778369544669639739403,True,384,384,0.0,989.0,66.2247314453125,82.0396162586098,1509e45af7394322343bf23fa84a727f6883d8945336c4747eaf9aa8e21561fe
train_series\1.2.826.0.1.3680043.8.498.11982164807463634778369544669639739403\1.2.826.0.1.3680043.8.498.59818270206853402968688908711992884899.dcm,1.2.826.0.1.3680043.8.498.11982164807463634778369544669639739403,True,384,384,0.0,1027.0,79.85690646701389,104.37245475751608,4deb215ebb6f128f92e81145cb1e9172a652b257c2c09171d0717d1b1d7150ab
train_series\1.2.826.0.1.3680043.8.498.11982164807463634778369544669639739403\1.2.826.0.1.3680043.8.498.61472387789430899002721777393719574089.dcm,1.2.826.0.1.3680043.8.498.11982164807463634778369544669639739403,True,384,384,0.0,1012.0,86.95485432942708,115.91315048710518,c3cf7b16ed22f74143d37e309c7631f3cec47335d4504e72ca19a8bb860899b2
train_series\1.2.826.0.1.3680043.8.498.11982164807463634778369544669639739403\1.2.826.0.1.3680043.8.498.61975394657148515861226509775723780737.dcm,1.2.826.0.1.3680043.8.498.11982164807463634778369544669639739403,True,384,384,0.0,357.0,48.353556315104164,53.478270347943614,92356b632499d3e49144367e551d2b3f188e360c90879ea376be741862422c1e
train_series\1.2.826.0.1.3680043.8.498.11982164807463634778369544669639739403\1.2.826.0.1.3680043.8.498.62119712674562899337110412585772725572.dcm,1.2.826.0.1.3680043.8.498.11982164807463634778369544669639739403,True,384,384,0.0,921.0,92.03245713975694,116.1883037500114,54f6c9461119dd497d737d8a485b4b904359d27fabb76c7f5cc52864e2059623
train_series\1.2.826.0.1.3680043.8.498.11982164807463634778369544669639739403\1.2.826.0.1.3680043.8.498.72729835974967665776081216813952369255.dcm,1.2.826.0.1.3680043.8.498.11982164807463634778369544669639739403,True,384,384,0.0,916.0,92.93349880642361,117.04818593758935,8a2ecf4963b346af3339d515153d26b398cc4e73c298549397c522cc5d71c392
train_series\1.2.826.0.1.3680043.8.498.11982164807463634778369544669639739403\1.2.826.0.1.3680043.8.498.73746437363041659106484221317735259438.dcm,1.2.826.0.1.3680043.8.498.11982164807463634778369544669639739403,True,384,384,0.0,946.0,94.64291720920139,118.3757591498095,935fedf06be725d7d48c11b2fa4ec13cca8d4a764fb6a20b38de667ae63b2bb9
train_series\1.2.826.0.1.3680043.8.498.11982164807463634778369544669639739403\1.2.826.0.1.3680043.8.498.73763088995623321052174108112882642944.dcm,1.2.826.0.1.3680043.8.498.11982164807463634778369544669639739403,True,384,384,0.0,926.0,65.71079508463542,80.02283447989736,a74ffcdd7207fd622827fe23b7bc02af7c31b23ef342ec00bc75c328b160f911
train_series\1.2.826.0.1.3680043.8.498.11982164807463634778369544669639739403\1.2.826.0.1.3680043.8.498.78387657671547649863945956231442283430.dcm,1.2.826.0.1.3680043.8.498.11982164807463634778369544669639739403,True,384,384,0.0,591.0,75.41407606336806,75.75026398582207,8e69e0b005b4319ac9b6335b71b7428a53a7e248096fa706f415cc41df048dc3
train_series\1.2.826.0.1.3680043.8.498.11982164807463634778369544669639739403\1.2.826.0.1.3680043.8.498.82697043862036345853390370945994407558.dcm,1.2.826.0.1.3680043.8.498.11982164807463634778369544669639739403,True,384,384,0.0,768.0,66.25900607638889,77.40985863869992,28487d1e78e9ca4fc1597c8cefbdd90b2f308067ed0763e5d291ad761b42f804
train_series\1.2.826.0.1.3680043.8.498.11982164807463634778369544669639739403\1.2.826.0.1.3680043.8.498.85671486125975293992035345321221059758.dcm,1.2.826.0.1.3680043.8.498.11982164807463634778369544669639739403,True,384,384,0.0,551.0,62.772806803385414,72.22751002176169,11367eebccd4622d7e0beee41b88d70b01915b08b5703922f8609e4cb5ec46d3
train_series\1.2.826.0.1.3680043.8.498.11982164807463634778369544669639739403\1.2.826.0.1.3680043.8.498.85680120245822350150276550744005810916.dcm,1.2.826.0.1.3680043.8.498.11982164807463634778369544669639739403,True,384,384,0.0,845.0,70.76064046223958,90.92786044826278,a14c60af2f6294a98b34ea1da89d9b32bf6bc14d25c633f744dddb4452b27da7
train_series\1.2.826.0.1.3680043.8.498.11982164807463634778369544669639739403\1.2.826.0.1.3680043.8.498.86066023161622472695156070222830969045.dcm,1.2.826.0.1.3680043.8.498.11982164807463634778369544669639739403,True,384,384,0.0,1032.0,89.08869086371527,111.70641364547514,4a9f87835256071849d38294b85afdd816cc2eaec6c3320a93f18e1d56f1abc4
train_series\1.2.826.0.1.3680043.8.498.11982164807463634778369544669639739403\1.2.826.0.1.3680043.8.498.90333679071642937715552207033764701040.dcm,1.2.826.0.1.3680043.8.498.11982164807463634778369544669639739403,True,384,384,0.0,834.0,94.55225965711806,101.08416119701839,500bf72e32c0ea231f205aa7ad9bf5d6856e8f4c48bd1e45d070b7656cfdc781
train_series\1.2.826.0.1.3680043.8.498.12035938794439579756583835150081778633\1.2.826.0.1.3680043.8.498.10108997196434739578042525303455745539.dcm,1.2.826.0.1.3680043.8.498.12035938794439579756583835150081778633,True,384,384,0.0,1540.0,176.25643581814236,260.73796333699113,0a5116bdc98f1592f2f9b0931019540da1f077e27408958a86e165240a033b21
train_series\1.2.826.0.1.3680043.8.498.12035938794439579756583835150081778633\1.2.826.0.1.3680043.8.498.10134162200349867544106932138068262788.dcm,1.2.826.0.1.3680043.8.498.12035938794439579756583835150081778633,True,384,384,0.0,1547.0,266.0577324761285,318.6388097903706,272c8b24e08410f01f2d91ce8cc057983126852482a330afc453cc433d73e0f9
train_series\1.2.826.0.1.3680043.8.498.12035938794439579756583835150081778633\1.2.826.0.1.3680043.8.498.10476586146576403273584794421996806887.dcm,1.2.826.0.1.3680043.8.498.12035938794439579756583835150081778633,True,384,384,0.0,1720.0,266.0349392361111,326.96616195957677,198e579956e3224cdfab51415706f77a1a8a0d5fb8a63845307ad75d97cee068
train_series\1.2.826.0.1.3680043.8.498.12035938794439579756583835150081778633\1.2.826.0.1.3680043.8.498.10537390505558225088368757542972489909.dcm,1.2.826.0.1.3680043.8.498.12035938794439579756583835150081778633,True,384,384,0.0,1825.0,221.45699055989584,369.12420355186805,51fed42fcf26d6034d0f4c198a8b44cb5b16e4df0e17e6378b5d8f966ed1d38a
train_series\1.2.826.0.1.3680043.8.498.12035938794439579756583835150081778633\1.2.826.0.1.3680043.8.498.10761834009311259390169122814957410669.dcm,1.2.826.0.1.3680043.8.498.12035938794439579756583835150081778633,True,384,384,0.0,2023.0,296.16819932725696,334.37411835780995,ae291630eb884524472dd4202285a8773b3456acd99d71ae3350a02c3f98d9f2
train_series\1.2.826.0.1.3680043.8.498.12035938794439579756583835150081778633\1.2.826.0.1.3680043.8.498.10986235065300184677235292282926692693.dcm,1.2.826.0.1.3680043.8.498.12035938794439579756583835150081778633,True,384,384,0.0,1752.0,216.65394422743054,299.0499069820178,77877655b28c014e6bb10d04caa740b425b5c044be3897db97c47efe330a123e
train_series\1.2.826.0.1.3680043.8.498.12035938794439579756583835150081778633\1.2.826.0.1.3680043.8.498.11355815130894202775334213198942514880.dcm,1.2.826.0.1.3680043.8.498.12035938794439579756583835150081778633,True,384,384,0.0,1576.0,321.5283677842882,319.5039462082479,52ae771a53d2887fb17290959df03b3be1c836bc0ff3aa4042ab9ce42088bfd6
train_series\1.2.826.0.1.3680043.8.498.12035938794439579756583835150081778633\1.2.826.0.1.3680043.8.498.11674941069855657892830788044516449754.dcm,1.2.826.0.1.3680043.8.498.12035938794439579756583835150081778633,True,384,384,0.0,1440.0,189.761474609375,275.3417765062191,c4eb50de4ee6f7c523d030572e92bbaaf9c653bf12895bdf064881e7d5be2097
train_series\1.2.826.0.1.3680043.8.498.12035938794439579756583835150081778633\1.2.826.0.1.3680043.8.498.11784716697612884220073966037567017796.dcm,1.2.826.0.1.3680043.8.498.12035938794439579756583835150081778633,True,384,384,0.0,1654.0,310.64670817057294,313.69306303687875,210b3400915ea3c315584e5cf8df7d5071235c35528417146cf12074012704fe
train_series\1.2.826.0.1.3680043.8.498.12035938794439579756583835150081778633\1.2.826.0.1.3680043.8.498.11788406296760347237101590689954041950.dcm,1.2.826.0.1.3680043.8.498.12035938794439579756583835150081778633,True,384,384,0.0,1368.0,172.309326171875,247.88429389992214,8412dced5dbd2daf10fb5d62b27d7974c80dfe9b4ec4b000ec4fe14f50e60381
train_series\1.2.826.0.1.3680043.8.498.12035938794439579756583835150081778633\1.2.826.0.1.3680043.8.498.11951729982381733506375313840352173972.dcm,1.2.826.0.1.3680043.8.498.12035938794439579756583835150081778633,True,384,384,0.0,1422.0,170.58197021484375,252.3931833034343,5263ffe6aea667b2e305b37cdfb73932cebf24a6e585974eaada972bcd858b31
train_series\1.2.826.0.1.3680043.8.498.12035938794439579756583835150081778633\1.2.826.0.1.3680043.8.498.12076282352353371414120728809869042452.dcm,1.2.826.0.1.3680043.8.498.12035938794439579756583835150081778633,True,384,384,0.0,1023.0,53.76909722222222,135.25322002614283,39389fbf62e217ea5d4e528460f7efaccb443636680bdc43546db569255b9544
train_series\1.2.826.0.1.3680043.8.498.12035938794439579756583835150081778633\1.2.826.0.1.3680043.8.498.12183517239753670476541230204279995828.dcm,1.2.826.0.1.3680043.8.498.12035938794439579756583835150081778633,True,384,384,0.0,1845.0,328.19687906901044,335.3036764329339,6978d8633a3e593488d6c134c17ded8756dbecf0753f21623ace798247d362f0
train_series\1.2.826.0.1.3680043.8.498.12035938794439579756583835150081778633\1.2.826.0.1.3680043.8.498.16711577427455756550176141126885728136.dcm,1.2.826.0.1.3680043.8.498.12035938794439579756583835150081778633,True,384,384,0.0,1684.0,348.39999050564234,336.6615420430253,1d16235118698d9b64353a9fd7157dac9f3e518189ccea7f0badf4630adfdedb
train_series\1.2.826.0.1.3680043.8.498.12035938794439579756583835150081778633\1.2.826.0.1.3680043.8.498.25823816011668680749273188516645596239.dcm,1.2.826.0.1.3680043.8.498.12035938794439579756583835150081778633,True,384,384,0.0,1804.0,288.06207275390625,318.80122812708726,c52b9f39a21629476b5051a06785494cd1473956995de44abff73167de59f5ea
train_series\1.2.826.0.1.3680043.8.498.12035938794439579756583835150081778633\1.2.826.0.1.3680043.8.498.31206828353791008060633417956216500202.dcm,1.2.826.0.1.3680043.8.498.12035938794439579756583835150081778633,True,384,384,0.0,1534.0,294.94609917534723,316.7168771185247,bc9b9bdf058c3fe4f22379b01f13a64c1b47273d6b8bac12207b1a126c33385d
train_series\1.2.826.0.1.3680043.8.498.12035938794439579756583835150081778633\1.2.826.0.1.3680043.8.498.39483676865673595988216072880122313616.dcm,1.2.826.0.1.3680043.8.498.12035938794439579756583835150081778633,True,384,384,0.0,1630.0,207.53685167100696,290.60968746702173,70cb1f01bf6fe75434630db2d6b39d1c852583e75914253d59d91ca7684efe34
train_series\1.2.826.0.1.3680043.8.498.12035938794439579756583835150081778633\1.2.826.0.1.3680043.8.498.42011505911729310264663014677050434926.dcm,1.2.826.0.1.3680043.8.498.12035938794439579756583835150081778633,True,384,384,0.0,1742.0,302.2689615885417,314.49709545259515,9f3e4684724469c1ef56e38a7f8c36e00c18a7d83caa0cfe404eea3cdc172867
train_series\1.2.826.0.1.3680043.8.498.12035938794439579756583835150081778633\1.2.826.0.1.3680043.8.498.46002936563407038873122664786463531854.dcm,1.2.826.0.1.3680043.8.498.12035938794439579756583835150081778633,True,384,384,0.0,1394.0,186.35000949435764,262.1129874660501,45c2cd9eb41abe5011f7bad347ecea4748451765a57081814828ed9c8bc75d80
train_series\1.2.826.0.1.3680043.8.498.12035938794439579756583835150081778633\1.2.826.0.1.3680043.8.498.50560281253388413108235399147634131675.dcm,1.2.826.0.1.3680043.8.498.12035938794439579756583835150081778633,True,384,384,0.0,1326.0,155.84298366970486,247.9352211741217,8c4733128c96065963c2964dc8f49b2e39591e7986448572d255305cae83cf83
train_series\1.2.826.0.1.3680043.8.498.12035938794439579756583835150081778633\1.2.826.0.1.3680043.8.498.51336972010644154696215272667466128569.dcm,1.2.826.0.1.3680043.8.498.12035938794439579756583835150081778633,True,384,384,0.0,1804.0,232.61766899956598,310.45929026006104,2ac3aa93cdd58e4c82b152881ff7acbaf7722664db3743f85384bcc5756c010a
train_series\1.2.826.0.1.3680043.8.498.12035938794439579756583835150081778633\1.2.826.0.1.3680043.8.498.54785727744869642441191559853932766256.dcm,1.2.826.0.1.3680043.8.498.12035938794439579756583835150081778633,True,384,384,0.0,1911.0,281.92949761284723,318.96987887692296,66740b8b4f4ab1fd35698b8c4fc893170086ada68922f924490900887f6c5584
train_series\1.2.826.0.1.3680043.8.498.12035938794439579756583835150081778633\1.2.826.0.1.3680043.8.498.57611402481107047925833144336215276764.dcm,1.2.826.0.1.3680043.8.498.12035938794439579756583835150081778633,True,384,384,0.0,1411.0,350.3787367078993,334.79450275431776,69d52fc30f68c7fab1c78ef55f4e72f8a57eed249c3bc1701dd2a59e3c08b47b
train_series\1.2.826.0.1.3680043.8.498.12035938794439579756583835150081778633\1.2.826.0.1.3680043.8.498.58112985526377549977555979182533037419.dcm,1.2.826.0.1.3680043.8.498.12035938794439579756583835150081778633,True,384,384,0.0,1683.0,203.5087415907118,322.21418866380725,a8c75568f9d33766629d97ba07a9b6148a09414dd808e03009f555f1830e18d0
train_series\1.2.826.0.1.3680043.8.498.12035938794439579756583835150081778633\1.2.826.0.1.3680043.8.498.63764814901495124585720461309227093455.dcm,1.2.826.0.1.3680043.8.498.12035938794439579756583835150081778633,True,384,384,0.0,1636.0,197.94769287109375,282.6411041787747,ca53ad8f180619188d407a963557e66adcd18c6602f29b29aa5952f7ef7bff75
train_series\1.2.826.0.1.3680043.8.498.12035938794439579756583835150081778633\1.2.826.0.1.3680043.8.498.81159201796696636861730343930827629281.dcm,1.2.826.0.1.3680043.8.498.12035938794439579756583835150081778633,True,384,384,0.0,1532.0,304.2903103298611,310.5683477070974,1d59bdd54edc859b15d2b9f4a7930169e157079d5de027f48d90d3b26ecbef72
train_series\1.2.826.0.1.3680043.8.498.12035938794439579756583835150081778633\1.2.826.0.1.3680043.8.498.86970862241979939136140447241027665459.dcm,1.2.826.0.1.3680043.8.498.12035938794439579756583835150081778633,True,384,384,0.0,1458.0,223.8814493815104,297.3242085357252,29565ef687e736744e3846c7ed4953c170e21fdb137332a4cb13a3f4740821a9
train_series\1.2.826.0.1.3680043.8.498.12035938794439579756583835150081778633\1.2.826.0.1.3680043.8.498.90601432435576703231827214747476951542.dcm,1.2.826.0.1.3680043.8.498.12035938794439579756583835150081778633,True,384,384,0.0,1803.0,249.2752888997396,320.20888752516487,7ece2853067e2dd3f8e8a058bd00d22d63b0f593c6706477ba7033a50b301ca5
train_series\1.2.826.0.1.3680043.8.498.12035938794439579756583835150081778633\1.2.826.0.1.3680043.8.498.90622788792223817875405165548453014311.dcm,1.2.826.0.1.3680043.8.498.12035938794439579756583835150081778633,True,384,384,0.0,1386.0,342.235588921441,330.04507137342364,f25a2840ede97da721f51411956e1dbaf2f56d9a645e338c377ab83b3caaf364
train_series\1.2.826.0.1.3680043.8.498.12343110195036213483454091715412333772\1.2.826.0.1.3680043.8.498.10374285052733466977592225981851620435.dcm,1.2.826.0.1.3680043.8.498.12343110195036213483454091715412333772,True,512,512,0.0,2271.45723,513.9197020502472,409.2848388885279,fda3060f3e93636f4c4f5995fa35c88004e1a7649d132c8af7e6fc97324252a8
train_series\1.2.826.0.1.3680043.8.498.12343110195036213483454091715412333772\1.2.826.0.1.3680043.8.498.10552300544162020167761688956919811803.dcm,1.2.826.0.1.3680043.8.498.12343110195036213483454091715412333772,True,512,512,0.0,2141.1486600000003,552.4148496051407,416.22847880790863,abf2dd7dd331b8a5e8d1a72690cdffabd97f8c7dae20c375e78f04712db228ff
train_series\1.2.826.0.1.3680043.8.498.12343110195036213483454091715412333772\1.2.826.0.1.3680043.8.498.10986732409717781858945381543460955371.dcm,1.2.826.0.1.3680043.8.498.12343110195036213483454091715412333772,True,512,512,0.0,2021.0603700000001,477.70415990970616,414.26348564242727,2bd18a08359cf4e461c0a7796e210639a3554c422cf8454a3cbef004678e4306
train_series\1.2.826.0.1.3680043.8.498.12343110195036213483454091715412333772\1.2.826.0.1.3680043.8.498.11560456494251875828657453454342564666.dcm,1.2.826.0.1.3680043.8.498.12343110195036213483454091715412333772,True,512,512,0.0,2266.34709,446.0727804533386,403.7365801348957,9dbfa466406c804f2f4efad544200d9928fe0b954d7be07e3fd03fedfe3c9bd7
train_series\1.2.826.0.1.3680043.8.498.12343110195036213483454091715412333772\1.2.826.0.1.3680043.8.498.12720245539969605839663420050899240578.dcm,1.2.826.0.1.3680043.8.498.12343110195036213483454091715412333772,True,512,512,0.0,2266.34709,536.8689469408037,398.8117154455722,eb2aecb42188a840deab4b2794a744c8c8e47f36d4ae9c837e29b7ac0a02e300
train_series\1.2.826.0.1.3680043.8.498.12343110195036213483454091715412333772\1.2.826.0.1.3680043.8.498.13270416360166070027275555170852805514.dcm,1.2.826.0.1.3680043.8.498.12343110195036213483454091715412333772,True,512,512,0.0,2253.5717400000003,561.6548043429566,452.41906786820005,47fd13c9f48a1d5718983e6a22d13c143ed884bf726d258957b81620e61d9678
train_series\1.2.826.0.1.3680043.8.498.12343110195036213483454091715412333772\1.2.826.0.1.3680043.8.498.16282623942824367613229214931863706593.dcm,1.2.826.0.1.3680043.8.498.12343110195036213483454091715412333772,True,512,512,0.0,2516.74395,566.3785707091141,468.18679585707434,9db9a7914e5a6be181b417a1fb801737b2e9a716b5a99550c632e3c77eb57655
train_series\1.2.826.0.1.3680043.8.498.12343110195036213483454091715412333772\1.2.826.0.1.3680043.8.498.23328002438949038536557188236149654821.dcm,1.2.826.0.1.3680043.8.498.12343110195036213483454091715412333772,True,512,512,0.0,2618.94675,540.99521383667,482.19230224081656,91d32dd22f79df8b58e41db5bfa699653b52e4c2ac148b29ba3508738112ad8a
train_series\1.2.826.0.1.3680043.8.498.12343110195036213483454091715412333772\1.2.826.0.1.3680043.8.498.25773224913662123081042636531507895788.dcm,1.2.826.0.1.3680043.8.498.12343110195036213483454091715412333772,True,512,512,0.0,2320.00356,508.531192912674,475.00019432970663,e80ed1f19a3765f51da6a429047ac65690e1cfe5b4efaff5f6079148ab7aacf0
train_series\1.2.826.0.1.3680043.8.498.12343110195036213483454091715412333772\1.2.826.0.1.3680043.8.498.33690734911291064161809205186196741576.dcm,1.2.826.0.1.3680043.8.498.12343110195036213483454091715412333772,True,512,512,0.0,2547.40479,551.3604777624894,469.9996402564898,06c5bcd6ae306490186f234517a2147c288788b60c58fd45711c368b336b9c68
train_series\1.2.826.0.1.3680043.8.498.12343110195036213483454091715412333772\1.2.826.0.1.3680043.8.498.42673944844785294518943020113657253754.dcm,1.2.826.0.1.3680043.8.498.12343110195036213483454091715412333772,True,512,512,0.0,2378.7701700000002,520.4085100394441,470.6460174110646,70bce86d4782befb96a907bab6921b4536064198ccd3a3d3289cdf33f8cc0636
train_series\1.2.826.0.1.3680043.8.498.12343110195036213483454091715412333772\1.2.826.0.1.3680043.8.498.44435284380654338446078448674021394881.dcm,1.2.826.0.1.3680043.8.498.12343110195036213483454091715412333772,True,512,512,0.0,2337.88905,397.5698627831269,490.33770728503913,5b89db35fab0ee077f6127a4f4296f8bc4b5a8c3d8cd6f60ac5948b226969d49
train_series\1.2.826.0.1.3680043.8.498.12343110195036213483454091715412333772\1.2.826.0.1.3680043.8.498.46159856332493360402365244633291513065.dcm,1.2.826.0.1.3680043.8.498.12343110195036213483454091715412333772,True,512,512,0.0,2192.2500600000003,530.5553672553635,396.226123757304,b3e4afe47c03e482ee03c72bb6fac166899f5910cd55dc2e8c66aca1894a6b39
train_series\1.2.826.0.1.3680043.8.498.12343110195036213483454091715412333772\1.2.826.0.1.3680043.8.498.56450775768487641304512746384338543527.dcm,1.2.826.0.1.3680043.8.498.12343110195036213483454091715412333772,True,512,512,0.0,2151.3689400000003,520.9665543882752,388.8914919787934,8cf39d36820892c35713c50d537b831cf2c37ec08635010671328d23871376ab
train_series\1.2.826.0.1.3680043.8.498.12343110195036213483454091715412333772\1.2.826.0.1.3680043.8.498.59737936249480831062759776785470043687.dcm,1.2.826.0.1.3680043.8.498.12343110195036213483454091715412333772,True,512,512,0.0,1985.2893900000001,460.8551953276062,459.2603810232969,e38f1e66ccbfda31501468764e442fdafccd190934f49dc8feb2fe1e2b3c7567
train_series\1.2.826.0.1.3680043.8.498.12343110195036213483454091715412333772\1.2.826.0.1.3680043.8.498.62696444312933722854177245172284641767.dcm,1.2.826.0.1.3680043.8.498.12343110195036213483454091715412333772,True,512,512,0.0,2468.1976200000004,552.4985845232392,483.76721543466175,4954df9e49515b96ac0c057704c1fb53403dbfd74225cf418d697a91c520ca96
train_series\1.2.826.0.1.3680043.8.498.12343110195036213483454091715412333772\1.2.826.0.1.3680043.8.498.71656435732714482639940164422051302783.dcm,1.2.826.0.1.3680043.8.498.12343110195036213483454091715412333772,True,512,512,0.0,2130.9283800000003,429.40780656486515,471.04990087277145,f690275c899d8152309d4b6faaa6b647077a7f000de9632f0788765c2ec22440
train_series\1.2.826.0.1.3680043.8.498.12343110195036213483454091715412333772\1.2.826.0.1.3680043.8.498.74175179936773179394750527095586711803.dcm,1.2.826.0.1.3680043.8.498.12343110195036213483454091715412333772,True,512,512,0.0,2325.1137000000003,564.1570173460007,438.3296559621007,6fb178fc462a0d864adecea2cd98abcf3af19e908c97b3b78d2ea870b851ad83
train_series\1.2.826.0.1.3680043.8.498.12343110195036213483454091715412333772\1.2.826.0.1.3680043.8.498.79341978025976159266844242719730732276.dcm,1.2.826.0.1.3680043.8.498.12343110195036213483454091715412333772,True,512,512,0.0,2289.34272,521.0388075541306,400.373459284199,a74cb30c30c8b1db29ca6492993a287e2a7d160be17c03a498474470547935b4
train_series\1.2.826.0.1.3680043.8.498.12343110195036213483454091715412333772\1.2.826.0.1.3680043.8.498.81077736138294550629230371168740398974.dcm,1.2.826.0.1.3680043.8.498.12343110195036213483454091715412333772,True,512,512,0.0,2153.92401,398.46658958267216,384.8538395168263,d665f22bcc25b277ef147cae47fe4fefd7b56504d6ba047ae2127f05955c0914
train_series\1.2.826.0.1.3680043.8.498.12343110195036213483454091715412333772\1.2.826.0.1.3680043.8.498.92820762186965516661504773122064038436.dcm,1.2.826.0.1.3680043.8.498.12343110195036213483454091715412333772,True,512,512,0.0,2693.04378,536.345572025528,471.76397031738213,70915c5632a28291675eb6f576da26755f6af499d7a32aa1815241c55a6a32a9
train_series\1.2.826.0.1.3680043.8.498.12343110195036213483454091715412333772\1.2.826.0.1.3680043.8.498.93755789787124953238372097127634273349.dcm,1.2.826.0.1.3680043.8.498.12343110195036213483454091715412333772,True,512,512,0.0,2251.01667,502.1801756972123,418.1840527674406,9223b672fdda8e919073ea8566704849e23c265d02d5f16fb04051154d74b2bc
train_series\1.2.826.0.1.3680043.8.498.12689544351656485342798482846432921455\1.2.826.0.1.3680043.8.498.10323189539836718523512188411875374402.dcm,1.2.826.0.1.3680043.8.498.12689544351656485342798482846432921455,True,416,416,0.0,373.0,99.52651164940828,76.59746908379512,5d3adc0d8e58af28c25e0fed65529a056f68dc5e3f5116b10dff9b9b6c54b835
train_series\1.2.826.0.1.3680043.8.498.12689544351656485342798482846432921455\1.2.826.0.1.3680043.8.498.10385711878454265627098281738357991831.dcm,1.2.826.0.1.3680043.8.498.12689544351656485342798482846432921455,True,416,416,0.0,597.0,62.50414894600592,59.176667301590086,e1e210506fbaf32c1b2d7ca8b05b59e4681a2d4acec91710c71934a62d52c823
train_series\1.2.826.0.1.3680043.8.498.12689544351656485342798482846432921455\1.2.826.0.1.3680043.8.498.10591388312014034516328022548143006415.dcm,1.2.826.0.1.3680043.8.498.12689544351656485342798482846432921455,True,416,416,0.0,451.0,107.43402135724853,77.67764406137682,d817ef92c804bf8f79a94fe2d95bf928010871f195956f4364645566e02cd6cc
train_series\1.2.826.0.1.3680043.8.498.12689544351656485342798482846432921455\1.2.826.0.1.3680043.8.498.10619808135024273415263864226436594802.dcm,1.2.826.0.1.3680043.8.498.12689544351656485342798482846432921455,True,416,416,0.0,531.0,44.50148506841716,57.90604017167897,c8cbd427d72a78f7ce3af21e6c6feb5bcf721bfbb74389cfc6c3c7b5150dfc4c
train_series\1.2.826.0.1.3680043.8.498.12689544351656485342798482846432921455\1.2.826.0.1.3680043.8.498.10973093133633053812147585458382310011.dcm,1.2.826.0.1.3680043.8.498.12689544351656485342798482846432921455,True,416,416,0.0,538.0,39.621417344674555,60.49100442979969,37a68d9b9ab4beb1f8ba5c5285445b7ef647f470ceea9c7ced139e8d15b31003
train_series\1.2.826.0.1.3680043.8.498.12689544351656485342798482846432921455\1.2.826.0.1.3680043.8.498.11119336241049378055605114610545634203.dcm,1.2.826.0.1.3680043.8.498.12689544351656485342798482846432921455,True,416,416,0.0,490.0,105.30267659023669,85.21494424229978,02fadac74cfe720299cf3afef09510ec324a5dd85ab0a42f04d91dce4591d975
train_series\1.2.826.0.1.3680043.8.498.12689544351656485342798482846432921455\1.2.826.0.1.3680043.8.498.11210058070332901175316195623543571945.dcm,1.2.826.0.1.3680043.8.498.12689544351656485342798482846432921455,True,416,416,0.0,520.0,87.20140879252959,66.77093241447704,a909c4210a7327005699d9bf3e38902fd969d2cb7b659b5ba840bdf6b8fa46b6
train_series\1.2.826.0.1.3680043.8.498.12689544351656485342798482846432921455\1.2.826.0.1.3680043.8.498.11234881119889202051859728154899063857.dcm,1.2.826.0.1.3680043.8.498.12689544351656485342798482846432921455,True,416,416,0.0,603.0,58.73242765347633,57.882167915136165,dab76b575dfc8ae87a4aeae2d668a7c385ed4d7235f6da431e3547354a4d6ba4
train_series\1.2.826.0.1.3680043.8.498.12689544351656485342798482846432921455\1.2.826.0.1.3680043.8.498.11413932088097907045751551013951892692.dcm,1.2.826.0.1.3680043.8.498.12689544351656485342798482846432921455,True,416,416,0.0,604.0,60.10214034763314,60.14349839716656,2064e850a1304798aa46a4ea48a5911332a2a15478a07a1e1c337b22724f2d1a
train_series\1.2.826.0.1.3680043.8.498.12689544351656485342798482846432921455\1.2.826.0.1.3680043.8.498.11445322067512108342032807157018862985.dcm,1.2.826.0.1.3680043.8.498.12689544351656485342798482846432921455,True,416,416,0.0,431.0,91.13282405695266,68.397747689671,cdfd06770146c30483da8ac600e4f88f2889e4bc70bd2f22674fb271ce0622e2
train_series\1.2.826.0.1.3680043.8.498.12689544351656485342798482846432921455\1.2.826.0.1.3680043.8.498.12475701908644344458792355937527998822.dcm,1.2.826.0.1.3680043.8.498.12689544351656485342798482846432921455,True,416,416,0.0,584.0,60.007205759985204,58.15657257604363,4ab37575e2714f3ad6e5bbc4f4fb3ef59602376daf51a6cb7e467795a005791e
train_series\1.2.826.0.1.3680043.8.498.12689544351656485342798482846432921455\1.2.826.0.1.3680043.8.498.12865263868968832955161323905637688481.dcm,1.2.826.0.1.3680043.8.498.12689544351656485342798482846432921455,True,416,416,0.0,550.0,79.45151858357988,65.38339635992962,b0735a358b085e3c0fe25b825dbd16d1c94cdca8a2ca55cb1ae8b9c81075ad04
train_series\1.2.826.0.1.3680043.8.498.12689544351656485342798482846432921455\1.2.826.0.1.3680043.8.498.19736966752617651092343904694009800708.dcm,1.2.826.0.1.3680043.8.498.12689544351656485342798482846432921455,True,416,416,0.0,606.0,65.91792830066568,61.154886551895,619e7c3dd4da6a6a8ac4ed887e941c2a6ee00acd1c7e6e8fdc86083cbe0c6102
train_series\1.2.826.0.1.3680043.8.498.12689544351656485342798482846432921455\1.2.826.0.1.3680043.8.498.22911399518629864367640264582266820545.dcm,1.2.826.0.1.3680043.8.498.12689544351656485342798482846432921455,True,416,416,0.0,383.0,23.798770340236686,50.658182997320466,40f43702db79c6c3e34c7506e2b788aa979108f17ec019bf029c95305655741e
train_series\1.2.826.0.1.3680043.8.498.12689544351656485342798482846432921455\1.2.826.0.1.3680043.8.498.23700557328492505241486327637740471154.dcm,1.2.826.0.1.3680043.8.498.12689544351656485342798482846432921455,True,416,416,0.0,663.0,55.539987056213015,60.03378904861092,1993a6befd4f9ecb229e7d75e8921a4b5d809d57ffb7257200b3cc0f69b0be22
train_series\1.2.826.0.1.3680043.8.498.12689544351656485342798482846432921455\1.2.826.0.1.3680043.8.498.25273278667682766515976743677910491884.dcm,1.2.826.0.1.3680043.8.498.12689544351656485342798482846432921455,True,416,416,0.0,573.0,56.89250300480769,57.0740413669434,b87eb9d55d1f580d503a6a09284cdc4b01d13e74f174489de3727c084f4660e0
train_series\1.2.826.0.1.3680043.8.498.12689544351656485342798482846432921455\1.2.826.0.1.3680043.8.498.27626649392751518562822095976735372587.dcm,1.2.826.0.1.3680043.8.498.12689544351656485342798482846432921455,True,416,416,0.0,676.0,53.85461931397929,60.727859757803536,16e5574b24ad5dbda6db6557decc213c20d1dc4db3a226b058226686ca0f1cf9
train_series\1.2.826.0.1.3680043.8.498.12689544351656485342798482846432921455\1.2.826.0.1.3680043.8.498.29786080472727491375010953563337936478.dcm,1.2.826.0.1.3680043.8.498.12689544351656485342798482846432921455,True,416,416,0.0,597.0,59.83997087647929,59.59607754558531,ee206db3b45129a3d8a586c7510209c90dacbc4e04e2c8782e9ec0ae61f6532d
train_series\1.2.826.0.1.3680043.8.498.12689544351656485342798482846432921455\1.2.826.0.1.3680043.8.498.30247135170365312279302990921128375713.dcm,1.2.826.0.1.3680043.8.498.12689544351656485342798482846432921455,True,416,416,0.0,428.0,27.65823779585799,49.60047356811847,705ae393711233cbde17709fb86fa1c39a401bdd06a25b5c3fd187646d07afe1
train_series\1.2.826.0.1.3680043.8.498.12689544351656485342798482846432921455\1.2.826.0.1.3680043.8.498.37501817876501304836998514044291311230.dcm,1.2.826.0.1.3680043.8.498.12689544351656485342798482846432921455,True,416,416,0.0,516.0,83.3223580806213,65.91143774123147,0f3bbdb80ea81c3913d21dd2f55c0e8102323fe28e895e7cc7778d5d2fe164aa
train_series\1.2.826.0.1.3680043.8.498.12689544351656485342798482846432921455\1.2.826.0.1.3680043.8.498.40717008086239662449137994839631786954.dcm,1.2.826.0.1.3680043.8.498.12689544351656485342798482846432921455,True,416,416,0.0,625.0,70.13489275147928,62.64890273952967,d08e205b440d861568ee4667fa4bfd76909d2398b2b8b1605abb4a2e0f4c84db
train_series\1.2.826.0.1.3680043.8.498.12689544351656485342798482846432921455\1.2.826.0.1.3680043.8.498.40894169237865431074919017197466885197.dcm,1.2.826.0.1.3680043.8.498.12689544351656485342798482846432921455,True,416,416,0.0,475.0,100.46274616309172,72.87144805648082,370ae819cca2813b8faf8190da8332950ce319e96eac38ba89e971c2c247a409
train_series\1.2.826.0.1.3680043.8.498.12689544351656485342798482846432921455\1.2.826.0.1.3680043.8.498.47860046350366547337940166921284787009.dcm,1.2.826.0.1.3680043.8.498.12689544351656485342798482846432921455,True,416,416,0.0,361.0,24.812511556952664,49.00694174321708,32b9e644c4d2ade6eda558f660a13b8ef5094a15c6ede5011104c9e2868ad484
train_series\1.2.826.0.1.3680043.8.498.12689544351656485342798482846432921455\1.2.826.0.1.3680043.8.498.51470704131112658479089175091896623005.dcm,1.2.826.0.1.3680043.8.498.12689544351656485342798482846432921455,True,416,416,0.0,609.0,61.833747457470416,58.27801692553501,2d7bf19bbfcc99d15de7031ca1b4d0383106d8e2f3921d85cdbe6c13fae92565
train_series\1.2.826.0.1.3680043.8.498.12689544351656485342798482846432921455\1.2.826.0.1.3680043.8.498.56774660541613529728263617853143049216.dcm,1.2.826.0.1.3680043.8.498.12689544351656485342798482846432921455,True,416,416,0.0,605.0,46.597136187130175,55.03821529175195,118c0a95c099ab9c043d0911f556efcc4a7c638f3e2497e9aae3c277327d231a
train_series\1.2.826.0.1.3680043.8.498.12689544351656485342798482846432921455\1.2.826.0.1.3680043.8.498.58012942048882352099637898421303921263.dcm,1.2.826.0.1.3680043.8.498.12689544351656485342798482846432921455,True,416,416,0.0,492.0,108.57242164386095,79.90259766058145,e2909d3c1d2bf96ce9f928e798f329b3526dfe656b66744750d8b78f31640f8f
train_series\1.2.826.0.1.3680043.8.498.12689544351656485342798482846432921455\1.2.826.0.1.3680043.8.498.59066071538037729637828791634729138348.dcm,1.2.826.0.1.3680043.8.498.12689544351656485342798482846432921455,True,416,416,0.0,409.0,104.97132720044378,77.4515527899328,de8679f148919479a861e0589808e2034052f7e6166b083a902865a28d35aa96
train_series\1.2.826.0.1.3680043.8.498.12689544351656485342798482846432921455\1.2.826.0.1.3680043.8.498.61843372362370326423626569113241231982.dcm,1.2.826.0.1.3680043.8.498.12689544351656485342798482846432921455,True,416,416,0.0,556.0,40.15549301960059,56.347425328916785,9d48bf15069219846900ebc9716a6186b1b3fc5aa0efc23f6d32da2ba78f2189
train_series\1.2.826.0.1.3680043.8.498.12689544351656485342798482846432921455\1.2.826.0.1.3680043.8.498.63314455008130077671561062538783033367.dcm,1.2.826.0.1.3680043.8.498.12689544351656485342798482846432921455,True,416,416,0.0,367.0,25.560824241863905,48.1441559798891,b8d068fc7fe7c59965b96be8cec32c9f5150780108ac2cc1de5012e101131e08
train_series\1.2.826.0.1.3680043.8.498.12689544351656485342798482846432921455\1.2.826.0.1.3680043.8.498.63760795801042126342070992439079744236.dcm,1.2.826.0.1.3680043.8.498.12689544351656485342798482846432921455,True,416,416,0.0,652.0,48.779707146819526,58.02559473514167,1958e4a895c415569e79856a80e037ada9480dd310f0cf6c74bd64f126f3b8d2
train_series\1.2.826.0.1.3680043.8.498.12689544351656485342798482846432921455\1.2.826.0.1.3680043.8.498.64116559099892334343074933367901809567.dcm,1.2.826.0.1.3680043.8.498.12689544351656485342798482846432921455,True,416,416,0.0,355.0,102.54525124815089,76.45406286752693,c9445863a3758d922d4a31ca1fb2cffe6892b9fbe8f3f73c910ffd66f86b78aa
train_series\1.2.826.0.1.3680043.8.498.12689544351656485342798482846432921455\1.2.826.0.1.3680043.8.498.76225764205263261929578860796062632933.dcm,1.2.826.0.1.3680043.8.498.12689544351656485342798482846432921455,True,416,416,0.0,489.0,37.47114806767752,61.568240989029086,b389fcd71e6edb73222e417461340a3f2e2f98163f013dbeb669ddba206f074c
train_series\1.2.826.0.1.3680043.8.498.12689544351656485342798482846432921455\1.2.826.0.1.3680043.8.498.85883734968801009929617321316052951473.dcm,1.2.826.0.1.3680043.8.498.12689544351656485342798482846432921455,True,416,416,0.0,367.0,31.76686737241124,54.7887280188061,13597ac884ce5ee152b3adb19969d2210fad388d6e7a4b0201b4f469f25984e2
train_series\1.2.826.0.1.3680043.8.498.12689544351656485342798482846432921455\1.2.826.0.1.3680043.8.498.87389556887825913281623415972762330184.dcm,1.2.826.0.1.3680043.8.498.12689544351656485342798482846432921455,True,416,416,0.0,601.0,61.19790703587278,58.10486170920305,a683baf61aca11c1016fccb20049d29c3e5add5f2c4aa1eafff7664491e7905d
train_series\1.2.826.0.1.3680043.8.498.12689544351656485342798482846432921455\1.2.826.0.1.3680043.8.498.87760800156384649314850315457933038304.dcm,1.2.826.0.1.3680043.8.498.12689544351656485342798482846432921455,True,416,416,0.0,641.0,76.09725753513314,65.30174905049887,1cb5ac7d8e391e9e7a28e0eb31712442aaf6d43fff3c877f4fe8a0c9bd9e9038
train_series\1.2.826.0.1.3680043.8.498.12689544351656485342798482846432921455\1.2.826.0.1.3680043.8.498.88220118972630235157813695961294309371.dcm,1.2.826.0.1.3680043.8.498.12689544351656485342798482846432921455,True,416,416,0.0,511.0,42.097199750369825,56.25564947401213,e518b8026ca0f71b29a2439e26c99947737eb135d36ab8d05b263d04c826c4a7
train_series\1.2.826.0.1.3680043.8.498.12689544351656485342798482846432921455\1.2.826.0.1.3680043.8.498.91272374724455924571454122245387255176.dcm,1.2.826.0.1.3680043.8.498.12689544351656485342798482846432921455,True,416,416,0.0,677.0,51.96907937315089,60.84656456245923,4432c89977c5cc1469c5aef2228ec150edf6b22fc141fe84a9eb807480a4496d
train_series\1.2.826.0.1.3680043.8.498.12689544351656485342798482846432921455\1.2.826.0.1.3680043.8.498.91501755805372641929488268822637261274.dcm,1.2.826.0.1.3680043.8.498.12689544351656485342798482846432921455,True,416,416,0.0,519.0,45.56165634245562,57.155724033110914,a0cc79a4c23261f67b0a5cfce5220791f4c0ff4c2a1872b1d65c98e865636bbb
train_series\1.2.826.0.1.3680043.8.498.12899608222010739549162228949977121036\1.2.826.0.1.3680043.8.498.10068628820823006249175665140321321108.dcm,1.2.826.0.1.3680043.8.498.12899608222010739549162228949977121036,True,640,640,0.0,718.0,55.63524169921875,63.93706894187522,75a1347a9da54d6241042b8cd378d8ac8e6bdb399fef9d376064ae2018f4b068
train_series\1.2.826.0.1.3680043.8.498.12899608222010739549162228949977121036\1.2.826.0.1.3680043.8.498.10183317548184556471384488615827398346.dcm,1.2.826.0.1.3680043.8.498.12899608222010739549162228949977121036,True,640,640,0.0,1224.0,59.58127197265625,87.27375569968878,e0df0a1e584dc76c951c7379cf94f2dea551d5c257ee8f1df7966904f8a4ccc0
train_series\1.2.826.0.1.3680043.8.498.12899608222010739549162228949977121036\1.2.826.0.1.3680043.8.498.10905515727471602927163768219602311691.dcm,1.2.826.0.1.3680043.8.498.12899608222010739549162228949977121036,True,640,640,0.0,1030.0,79.55857177734374,90.30144105090646,19940e0bda119adca9a2c24bf1dd2670c390164648918e8b79b7d6a814bcbd1b
train_series\1.2.826.0.1.3680043.8.498.12899608222010739549162228949977121036\1.2.826.0.1.3680043.8.498.11358641427280067825218901849249578660.dcm,1.2.826.0.1.3680043.8.498.12899608222010739549162228949977121036,True,640,640,0.0,1240.0,62.69003662109375,72.8717762295408,ec01bfdcd4f3ebeb83a1f25b41f32ade0dad0427cfd98f442581e169387c6037
train_series\1.2.826.0.1.3680043.8.498.12899608222010739549162228949977121036\1.2.826.0.1.3680043.8.498.12941797902317066696434084598464892218.dcm,1.2.826.0.1.3680043.8.498.12899608222010739549162228949977121036,True,640,640,0.0,883.0,55.87507568359375,68.3511865586382,5b3628322c5f5f77e20116f03b019433c1f430e564bd43498d1dcd25ce100954
train_series\1.2.826.0.1.3680043.8.498.12899608222010739549162228949977121036\1.2.826.0.1.3680043.8.498.13196039756863102329586858164204924675.dcm,1.2.826.0.1.3680043.8.498.12899608222010739549162228949977121036,True,640,640,0.0,1011.0,60.35187744140625,81.4034415190964,b376e1098c9285e8e5da92fdf94f5bcf38604fd7a156dffbda28309c756cf18f
train_series\1.2.826.0.1.3680043.8.498.12899608222010739549162228949977121036\1.2.826.0.1.3680043.8.498.19334098089868119782318756665696209969.dcm,1.2.826.0.1.3680043.8.498.12899608222010739549162228949977121036,True,640,640,0.0,1220.0,59.75381103515625,75.72763605306187,a36537ceccb26c618fba7fd965791a5d8d243eb2e95a6a1f052a93f19579b252
train_series\1.2.826.0.1.3680043.8.498.12899608222010739549162228949977121036\1.2.826.0.1.3680043.8.498.19970306355729472304008186435645016934.dcm,1.2.826.0.1.3680043.8.498.12899608222010739549162228949977121036,True,640,640,0.0,1112.0,53.34886474609375,75.36350026891974,926f9a905e7e8d8d79cc7c715bac8ad6b07825ae63bc7ec2af0bd88f458276f1
train_series\1.2.826.0.1.3680043.8.498.12899608222010739549162228949977121036\1.2.826.0.1.3680043.8.498.25370457446278221291542253620034395749.dcm,1.2.826.0.1.3680043.8.498.12899608222010739549162228949977121036,True,640,640,0.0,1058.0,75.41306640625,87.2677671299946,4045feb167eb8720bd7b043922dbe7d25a536196062fbc90946a4e40c7c891a8
train_series\1.2.826.0.1.3680043.8.498.12899608222010739549162228949977121036\1.2.826.0.1.3680043.8.498.26634045961728489407657555322949627898.dcm,1.2.826.0.1.3680043.8.498.12899608222010739549162228949977121036,True,640,640,0.0,1253.0,65.79443115234375,75.83846425714637,870d81634688b96f28ea9f457d2e591b8459d2aaeb5912321e5e01b7fb10949e
train_series\1.2.826.0.1.3680043.8.498.12899608222010739549162228949977121036\1.2.826.0.1.3680043.8.498.27120586771074871847152116163252546984.dcm,1.2.826.0.1.3680043.8.498.12899608222010739549162228949977121036,True,640,640,0.0,931.0,59.9706787109375,77.54252323592041,82ee491a5fcb93f09ae6cf4b22c4956df7f03f4fb493d23a7d757c806e1443b1
train_series\1.2.826.0.1.3680043.8.498.12899608222010739549162228949977121036\1.2.826.0.1.3680043.8.498.29265622229862519776613656433929932619.dcm,1.2.826.0.1.3680043.8.498.12899608222010739549162228949977121036,True,640,640,0.0,683.0,63.09925537109375,78.93369185212651,4908993d31bf869fa03b1ba6efd66613aba45e4e5dc00a4d30c5deb1a76d2f35
train_series\1.2.826.0.1.3680043.8.498.12899608222010739549162228949977121036\1.2.826.0.1.3680043.8.498.32505466175405675063894405366566940288.dcm,1.2.826.0.1.3680043.8.498.12899608222010739549162228949977121036,True,640,640,0.0,1137.0,51.24319580078125,63.9192831212011,5d8502429ee2b3904514a986ef528f5fc4b7b8b35bba3d3d478f097abc3def70
train_series\1.2.826.0.1.3680043.8.498.12899608222010739549162228949977121036\1.2.826.0.1.3680043.8.498.37029283315984790881483582159990840566.dcm,1.2.826.0.1.3680043.8.498.12899608222010739549162228949977121036,True,640,640,0.0,1226.0,62.2660498046875,74.23788640612219,07c9a421a4768cd26c8015e9916f323f7dd6384829847e864aca9661760e503e
train_series\1.2.826.0.1.3680043.8.498.12899608222010739549162228949977121036\1.2.826.0.1.3680043.8.498.39439831085835170169183821542048530176.dcm,1.2.826.0.1.3680043.8.498.12899608222010739549162228949977121036,True,640,640,0.0,1304.0,61.2733154296875,86.43278043110088,facd93be4ebf97c1e6fb53f5f4c557ea3266914a14846d2465d1a0c174fc41de
train_series\1.2.826.0.1.3680043.8.498.12899608222010739549162228949977121036\1.2.826.0.1.3680043.8.498.47580370569047097422474499641177808114.dcm,1.2.826.0.1.3680043.8.498.12899608222010739549162228949977121036,True,640,640,0.0,1054.0,54.7187890625,69.58332731995822,c6b36b8d923f91d39dc4b50fa28312eb289843c47b780b355fbef7eb51619755
train_series\1.2.826.0.1.3680043.8.498.12899608222010739549162228949977121036\1.2.826.0.1.3680043.8.498.55120445657879315478352188384017674427.dcm,1.2.826.0.1.3680043.8.498.12899608222010739549162228949977121036,True,640,640,0.0,523.0,61.37108642578125,73.89112234476147,5a80b66151d39ca7d053ae9db32973095b10c3ff73c6e5202bf98752d27e8240
train_series\1.2.826.0.1.3680043.8.498.12899608222010739549162228949977121036\1.2.826.0.1.3680043.8.498.61712702895697846973466682713996994455.dcm,1.2.826.0.1.3680043.8.498.12899608222010739549162228949977121036,True,640,640,0.0,984.0,65.4746142578125,93.908342323288,8a118028d1ebd1c4279190eee6130c82b70dda63a8d6dfd2dd1621c2b06ba796
train_series\1.2.826.0.1.3680043.8.498.12899608222010739549162228949977121036\1.2.826.0.1.3680043.8.498.68644548354233176607467401312131335090.dcm,1.2.826.0.1.3680043.8.498.12899608222010739549162228949977121036,True,640,640,0.0,1154.0,70.43767578125,83.75389285185612,9172b43881ee10767d92faddccacb183217d1d5dfcc3362519e609cb9d5c4e0a
train_series\1.2.826.0.1.3680043.8.498.12899608222010739549162228949977121036\1.2.826.0.1.3680043.8.498.78159275590328209221028289686727680097.dcm,1.2.826.0.1.3680043.8.498.12899608222010739549162228949977121036,True,640,640,0.0,779.0,57.27659912109375,66.18097461235406,a25fb05efb83bc086e6c3e43b140a3a4c90fb4d1b327308cd2af3e8867371b76
train_series\1.2.826.0.1.3680043.8.498.12899608222010739549162228949977121036\1.2.826.0.1.3680043.8.498.80051187999183518842846952815937497035.dcm,1.2.826.0.1.3680043.8.498.12899608222010739549162228949977121036,True,640,640,0.0,739.0,58.9575146484375,68.67962112650915,15fbc63f6bef61b83c68131994821affa8a54d2766c9e782c8413270de2b8e9f
train_series\1.2.826.0.1.3680043.8.498.12899608222010739549162228949977121036\1.2.826.0.1.3680043.8.498.80471569243636090632512730726690877803.dcm,1.2.826.0.1.3680043.8.498.12899608222010739549162228949977121036,True,640,640,0.0,1145.0,51.0741015625,66.38370229097555,c5a9dffcf4b1e9ed29f53179438745584dd430184a544e0f9d0eedad5e9b7dcd
train_series\1.2.826.0.1.3680043.8.498.12899608222010739549162228949977121036\1.2.826.0.1.3680043.8.498.88739252369980865109452010675908184511.dcm,1.2.826.0.1.3680043.8.498.12899608222010739549162228949977121036,True,640,640,0.0,1075.0,56.63113037109375,72.71410238519864,f73ec8b056537dbf2770425e1ad8dbeb5abf3d58670ce38d1555406c1787133f
train_series\1.2.826.0.1.3680043.8.498.12899608222010739549162228949977121036\1.2.826.0.1.3680043.8.498.92781452686133754519758677794894451989.dcm,1.2.826.0.1.3680043.8.498.12899608222010739549162228949977121036,True,640,640,0.0,1053.0,57.24058837890625,73.55833891657376,5a039fcaec5a042e098403b9ea36ea0d47ef63db5da0449dea56058edf8b22df
train_series\1.2.826.0.1.3680043.8.498.12899608222010739549162228949977121036\1.2.826.0.1.3680043.8.498.94030704595722022794436966190441705939.dcm,1.2.826.0.1.3680043.8.498.12899608222010739549162228949977121036,True,640,640,0.0,1179.0,58.3529345703125,89.29706142085537,2cd777a798e591d616f1a76483f256bb1f864ca1f13dbe84383f089f138fa359
train_series\1.2.826.0.1.3680043.8.498.12899608222010739549162228949977121036\1.2.826.0.1.3680043.8.498.95089190368352515728126844641677600078.dcm,1.2.826.0.1.3680043.8.498.12899608222010739549162228949977121036,True,640,640,0.0,1107.0,53.21599609375,69.54764105245356,7017cee7f24787c007de7522ef3a6a6e01195f4a9613a3bb8021c4b63e4a6445
train_series\1.2.826.0.1.3680043.8.498.12899608222010739549162228949977121036\1.2.826.0.1.3680043.8.498.96240827493896195635306345155674761216.dcm,1.2.826.0.1.3680043.8.498.12899608222010739549162228949977121036,True,640,640,0.0,654.0,59.400908203125,69.6980684261711,e2cf99fa44dd2a82841dc9f0724ab981feb82fcfdb10382d965ec96d0a0f6077
train_series\1.2.826.0.1.3680043.8.498.12899608222010739549162228949977121036\1.2.826.0.1.3680043.8.498.98644942826781258726387819158427247062.dcm,1.2.826.0.1.3680043.8.498.12899608222010739549162228949977121036,True,640,640,0.0,895.0,63.77150390625,83.62236313156318,1eacd8f7fdceb8449cd766bd64261dec2d4e6297cdbeddecdcea3dc63f1643e0
train_series\1.2.826.0.1.3680043.8.498.12899608222010739549162228949977121036\1.2.826.0.1.3680043.8.498.99447829191294078458113367804580544001.dcm,1.2.826.0.1.3680043.8.498.12899608222010739549162228949977121036,True,640,640,0.0,1000.0,56.33139404296875,71.05196721881855,54dfae32ff752a53d92394a223bf785cc2fa75e9765a50371214d64d3da78404
train_series\1.2.826.0.1.3680043.8.498.12899608222010739549162228949977121036\1.2.826.0.1.3680043.8.498.99749399656306727992856070298825361499.dcm,1.2.826.0.1.3680043.8.498.12899608222010739549162228949977121036,True,640,640,0.0,1095.0,62.1104638671875,81.37892586583946,43341e019d2b6b53e049e2dccd3e1ba734330957ff3281d75585e05a09e7e220
train_series\1.2.826.0.1.3680043.8.498.13821229744997220641575291927426543265\1.2.826.0.1.3680043.8.498.11421887690184506354786744807184755984.dcm,1.2.826.0.1.3680043.8.498.13821229744997220641575291927426543265,True,560,560,0.0,2535.48495,428.37249997767856,444.57964591299435,273674b33276af72bdd5e4c92b1b6ec61f940a2f9af570346017e6e018b42418
train_series\1.2.826.0.1.3680043.8.498.13821229744997220641575291927426543265\1.2.826.0.1.3680043.8.498.11436318858949150080047631669572315289.dcm,1.2.826.0.1.3680043.8.498.13821229744997220641575291927426543265,True,560,560,0.0,2979.37575,416.1935123222258,441.7507714423872,bf511ccb07b7ca3d187ca5a6288d0ffd3aaa2a62b5dd3bfc00a03365c4ad2a09
train_series\1.2.826.0.1.3680043.8.498.13821229744997220641575291927426543265\1.2.826.0.1.3680043.8.498.11982339602337111486546969660622517901.dcm,1.2.826.0.1.3680043.8.498.13821229744997220641575291927426543265,True,560,560,0.0,3266.4573000000005,418.7623946269133,469.9333519905605,33ac9ae421ed54df59b4825dcbf999757bf0f2e13efb23e8347159596303318c
train_series\1.2.826.0.1.3680043.8.498.13821229744997220641575291927426543265\1.2.826.0.1.3680043.8.498.12189988472371427667992190712566968320.dcm,1.2.826.0.1.3680043.8.498.13821229744997220641575291927426543265,True,560,560,0.0,3336.4183500000004,449.6461164226723,465.08835547554423,12f345116db4c3e92ea86c30649454d005166420a0df35e4e3f2bb386db58c5f
train_series\1.2.826.0.1.3680043.8.498.13821229744997220641575291927426543265\1.2.826.0.1.3680043.8.498.12732955977266558882646974219653035510.dcm,1.2.826.0.1.3680043.8.498.13821229744997220641575291927426543265,True,560,560,0.0,3264.04485,378.8987508080357,422.38022315655957,5eacf63622cd821d5a0869c933b8a5caab67ab9ba3ca2e7e943d776101f18132
train_series\1.2.826.0.1.3680043.8.498.13821229744997220641575291927426543265\1.2.826.0.1.3680043.8.498.12775157392541001678140668220432067537.dcm,1.2.826.0.1.3680043.8.498.13821229744997220641575291927426543265,True,560,560,0.0,2716.4187,384.0033980792411,427.625854030004,f68a2cddb7642a83df2ac3d4057e615c47e4a86f915119877552abe6b50603d7
train_series\1.2.826.0.1.3680043.8.498.13821229744997220641575291927426543265\1.2.826.0.1.3680043.8.498.12941656330369211477423846743530430815.dcm,1.2.826.0.1.3680043.8.498.13821229744997220641575291927426543265,True,560,560,0.0,3085.5235500000003,370.455260428412,416.0259855059426,b170f1ef346b3c5d039b0a577699cef4dcbf460d4a70b74c34c975e6be3f173e
train_series\1.2.826.0.1.3680043.8.498.13821229744997220641575291927426543265\1.2.826.0.1.3680043.8.498.13209491015186683860112137507548589016.dcm,1.2.826.0.1.3680043.8.498.13821229744997220641575291927426543265,True,560,560,0.0,3353.3055000000004,474.1060977507972,472.2461289160067,0a6201ee5742f2a16a2ce763b94d14e12597fc308a489bc348c589afde52270a
train_series\1.2.826.0.1.3680043.8.498.13821229744997220641575291927426543265\1.2.826.0.1.3680043.8.498.15886358223858887864951167095215211065.dcm,1.2.826.0.1.3680043.8.498.13821229744997220641575291927426543265,True,560,560,0.0,2516.18535,364.31469820360337,411.5176792468644,9a31e6979f86b3b22561e12919af452e8bc4b6e98ad711b54867743cc00b4084
train_series\1.2.826.0.1.3680043.8.498.13821229744997220641575291927426543265\1.2.826.0.1.3680043.8.498.22860207181937331149819491621461253063.dcm,1.2.826.0.1.3680043.8.498.13821229744997220641575291927426543265,True,560,560,0.0,2805.6793500000003,420.7539890318878,469.68988809220497,b20ee5ff846b77d2c8c577b2877a90a30955b7f96e39e13ec698352d175d9108
train_series\1.2.826.0.1.3680043.8.498.13821229744997220641575291927426543265\1.2.826.0.1.3680043.8.498.23504425956676543136725408676350418885.dcm,1.2.826.0.1.3680043.8.498.13821229744997220641575291927426543265,True,560,560,0.0,2844.2785500000005,480.5223916253189,464.84635635929953,cf64b44183a6eb7d5b102527849d1f309cb2f59982403bc6c108134f8a0b81e3
train_series\1.2.826.0.1.3680043.8.498.13821229744997220641575291927426543265\1.2.826.0.1.3680043.8.498.51290044590824165461429354587015028697.dcm,1.2.826.0.1.3680043.8.498.13821229744997220641575291927426543265,True,560,560,0.0,3654.8617500000005,410.36904566661354,445.33290858635036,6ed65be1a2e6893f468dfb142b765c277440532422cdbb2b61cd5431019a0620
train_series\1.2.826.0.1.3680043.8.498.13821229744997220641575291927426543265\1.2.826.0.1.3680043.8.498.52360535898848731757374356801482244916.dcm,1.2.826.0.1.3680043.8.498.13821229744997220641575291927426543265,True,560,560,0.0,3068.6364000000003,460.5180038968432,460.9392355162849,e909cda86a2ba784dabb694f227566f2d32ec2096a849b9ecd3b241f1070e6fe
train_series\1.2.826.0.1.3680043.8.498.13821229744997220641575291927426543265\1.2.826.0.1.3680043.8.498.59350981989101065846464866297147921212.dcm,1.2.826.0.1.3680043.8.498.13821229744997220641575291927426543265,True,560,560,0.0,3278.5195500000004,407.4228180258291,448.78532782543454,9c8a7c72765f7620ac84e7cb54f97b739df1e08833e60022b95d50e2afe93810
train_series\1.2.826.0.1.3680043.8.498.13821229744997220641575291927426543265\1.2.826.0.1.3680043.8.498.61958238336142943146815370989802580409.dcm,1.2.826.0.1.3680043.8.498.13821229744997220641575291927426543265,True,560,560,0.0,2687.4693,367.8674847015306,415.08265579653,b46bf76697fa96c03745af1db6bef80e558ae64f014facdbdec73a55be8852a8
train_series\1.2.826.0.1.3680043.8.498.13821229744997220641575291927426543265\1.2.826.0.1.3680043.8.498.67934338876245018387567671299115268489.dcm,1.2.826.0.1.3680043.8.498.13821229744997220641575291927426543265,True,560,560,0.0,3032.4496500000005,414.7935220460778,449.2627181455607,c754cf35d6a000cae47a9147a642314346e90f9c0a77d95057ba44b4998bf68c
train_series\1.2.826.0.1.3680043.8.498.13821229744997220641575291927426543265\1.2.826.0.1.3680043.8.498.86376033027879032223878542843846991204.dcm,1.2.826.0.1.3680043.8.498.13821229744997220641575291927426543265,True,560,560,0.0,3230.27055,369.27855255420917,424.84956483200034,baa87a06d010e38db97435110f9cebde51fc30a88c193fecc37038f666a01e49
train_series\1.2.826.0.1.3680043.8.498.13821229744997220641575291927426543265\1.2.826.0.1.3680043.8.498.99141897331533744988402877734196839189.dcm,1.2.826.0.1.3680043.8.498.13821229744997220641575291927426543265,True,560,560,0.0,3075.87375,366.17872354496177,409.4589866592763,a07997167a45176029d544b51d9d08208b779713694af23eb5f68d8b4a9c47a4
train_series\1.2.826.0.1.3680043.8.498.17496901872433262274477070632489305322\1.2.826.0.1.3680043.8.498.10517372290832154778936218589885142332.dcm,1.2.826.0.1.3680043.8.498.17496901872433262274477070632489305322,True,384,384,0.0,1328.0,291.6341145833333,271.4019134825099,87d4484f543fa62ed1e02892bec85926be8a58491606d797eb8e717849e5e815
train_series\1.2.826.0.1.3680043.8.498.17496901872433262274477070632489305322\1.2.826.0.1.3680043.8.498.10675011118974214440364841087807093914.dcm,1.2.826.0.1.3680043.8.498.17496901872433262274477070632489305322,True,384,384,0.0,1386.0,322.9757554796007,302.4033415281303,8abb784e6062da1fbe99250f6039b926caf58815110e9dd2dc422a926b8ef524
train_series\1.2.826.0.1.3680043.8.498.17496901872433262274477070632489305322\1.2.826.0.1.3680043.8.498.10682253402970040014514446539694040970.dcm,1.2.826.0.1.3680043.8.498.17496901872433262274477070632489305322,True,384,384,0.0,1123.0,166.71681043836804,282.484569249754,5d38572be92436da90d3ee0d308b362fa6d9b20dbf6bedee4772d9bc6b0fda15
train_series\1.2.826.0.1.3680043.8.498.17496901872433262274477070632489305322\1.2.826.0.1.3680043.8.498.11100705195806024811964886046110791980.dcm,1.2.826.0.1.3680043.8.498.17496901872433262274477070632489305322,True,384,384,0.0,1130.0,153.88817681206598,227.08471928851614,47d9dc1487ec559a9c02b1b980db954f34b0b9d3ff7877abc4931ca1a9a31c81
train_series\1.2.826.0.1.3680043.8.498.17496901872433262274477070632489305322\1.2.826.0.1.3680043.8.498.11178132439136946578435142882099038323.dcm,1.2.826.0.1.3680043.8.498.17496901872433262274477070632489305322,True,384,384,0.0,1263.0,136.09076605902777,273.0997334137216,0798de50e495d72e6e8f27a7ae5dd54ebce4bdbe4145ece8245d8bc23e9d76ea
train_series\1.2.826.0.1.3680043.8.498.17496901872433262274477070632489305322\1.2.826.0.1.3680043.8.498.12332498824599411363715188194980615875.dcm,1.2.826.0.1.3680043.8.498.17496901872433262274477070632489305322,True,384,384,0.0,1633.0,299.77206081814234,274.41907019867534,329ae5b6f4f7a603de895d41b0431931e357175358ff6173653e9f15e00d43ad
train_series\1.2.826.0.1.3680043.8.498.17496901872433262274477070632489305322\1.2.826.0.1.3680043.8.498.12715493153071337983670683511095942078.dcm,1.2.826.0.1.3680043.8.498.17496901872433262274477070632489305322,True,384,384,0.0,1273.0,211.85863579644098,254.57757541553823,f62647f2b159ff37936b86ca6a541a3c73d0e29a24b1a46cbe68fc0d9075e84e
train_series\1.2.826.0.1.3680043.8.498.17496901872433262274477070632489305322\1.2.826.0.1.3680043.8.498.12770788884927122718201587691327505993.dcm,1.2.826.0.1.3680043.8.498.17496901872433262274477070632489305322,True,384,384,0.0,1154.0,167.13418918185764,218.75458783939368,87424b4cb8ad32b7ff87ce4033151ea472f3f9bed5b420edc6b0191ab70b79bf
train_series\1.2.826.0.1.3680043.8.498.17496901872433262274477070632489305322\1.2.826.0.1.3680043.8.498.14791311650047695311379826301295035238.dcm,1.2.826.0.1.3680043.8.498.17496901872433262274477070632489305322,True,384,384,0.0,1432.0,332.2030978732639,290.7499482845511,c2b3650110ca2d31d0d0297ef704a428a7902209a7fce0b02c0985a894f2b6af
train_series\1.2.826.0.1.3680043.8.498.17496901872433262274477070632489305322\1.2.826.0.1.3680043.8.498.15557130933621842107484891249011790022.dcm,1.2.826.0.1.3680043.8.498.17496901872433262274477070632489305322,True,384,384,0.0,1400.0,314.0450168185764,277.4508818807521,63db598cb9724bcec0746916f0131269f7e23f800e6498d56044100800c186e5
train_series\1.2.826.0.1.3680043.8.498.17496901872433262274477070632489305322\1.2.826.0.1.3680043.8.498.15931002483971938473663702486341147337.dcm,1.2.826.0.1.3680043.8.498.17496901872433262274477070632489305322,True,384,384,0.0,1317.0,232.51636420355902,267.02340998850144,d33cb80512e79a33303f1118f66f268fc87de64b854ecd2e1e56f126d0d8dca3
train_series\1.2.826.0.1.3680043.8.498.17496901872433262274477070632489305322\1.2.826.0.1.3680043.8.498.16899296164826594262345306482894338169.dcm,1.2.826.0.1.3680043.8.498.17496901872433262274477070632489305322,True,384,384,0.0,1539.0,333.09100341796875,291.5301404544828,924e6b58030b1d407ac66b985978a3038c78f2b5b7799bfd2dd3488b68216139
train_series\1.2.826.0.1.3680043.8.498.17496901872433262274477070632489305322\1.2.826.0.1.3680043.8.498.18869358044362245021732375569859988798.dcm,1.2.826.0.1.3680043.8.498.17496901872433262274477070632489305322,True,384,384,0.0,1273.0,268.78653293185766,259.2265928822971,e358062772e23834d10b6a5880c5e4669224e5bf879ff2dc4697aa51865a147c
train_series\1.2.826.0.1.3680043.8.498.17496901872433262274477070632489305322\1.2.826.0.1.3680043.8.498.20445449592104998124197058890700033618.dcm,1.2.826.0.1.3680043.8.498.17496901872433262274477070632489305322,True,384,384,0.0,1225.0,281.0603298611111,282.698935787755,f7cafe8e5d70b8643e1c1ca0753d6bf62daf92fb367a5c09c60af896ac594c74
train_series\1.2.826.0.1.3680043.8.498.17496901872433262274477070632489305322\1.2.826.0.1.3680043.8.498.21574346683427566405969472150317782760.dcm,1.2.826.0.1.3680043.8.498.17496901872433262274477070632489305322,True,384,384,0.0,1301.0,270.0980631510417,276.84391995627504,010c3d411c9584666f10282c133478b4aad42091b42599c2570fa9345060aaba
train_series\1.2.826.0.1.3680043.8.498.17496901872433262274477070632489305322\1.2.826.0.1.3680043.8.498.26730424914111464913098050839618875837.dcm,1.2.826.0.1.3680043.8.498.17496901872433262274477070632489305322,True,384,384,0.0,1272.0,297.8543701171875,289.5128997727375,04abf97bbf1021bf66eff16d6a0461e577fcb7ec3855a3065d69f288b38573d8
train_series\1.2.826.0.1.3680043.8.498.17496901872433262274477070632489305322\1.2.826.0.1.3680043.8.498.30628981036488740213827454306130243543.dcm,1.2.826.0.1.3680043.8.498.17496901872433262274477070632489305322,True,384,384,0.0,1535.0,333.49696858723956,300.0698118759601,d0142c3ef083ce2e1b941a1cf6df116ee21feac4d54adfc6f3461640b04746d1
train_series\1.2.826.0.1.3680043.8.498.17496901872433262274477070632489305322\1.2.826.0.1.3680043.8.498.40137449719083131264940339483076807874.dcm,1.2.826.0.1.3680043.8.498.17496901872433262274477070632489305322,True,384,384,0.0,1214.0,204.38424343532986,268.018048213613,b7fdbbc16c66de58f96c1e53a3f1224d739142421f3c32416135cdc2fa9ca182
train_series\1.2.826.0.1.3680043.8.498.17496901872433262274477070632489305322\1.2.826.0.1.3680043.8.498.40551864734984046434581032903139610318.dcm,1.2.826.0.1.3680043.8.498.17496901872433262274477070632489305322,True,384,384,0.0,1386.0,270.5901150173611,284.49658881097724,44082c58432bbc82cc93e82757246b654f72bbbc269ed4fc45b0879b6382a310
train_series\1.2.826.0.1.3680043.8.498.17496901872433262274477070632489305322\1.2.826.0.1.3680043.8.498.41014476780411995039013472723162297825.dcm,1.2.826.0.1.3680043.8.498.17496901872433262274477070632489305322,True,384,384,0.0,1122.0,244.03624810112848,259.7757400554385,5b378437d28661ca594d22facde67548d8f35c01f7a884532cc4631093109a9b
train_series\1.2.826.0.1.3680043.8.498.17496901872433262274477070632489305322\1.2.826.0.1.3680043.8.498.55054265600123083913812289828838090432.dcm,1.2.826.0.1.3680043.8.498.17496901872433262274477070632489305322,True,384,384,0.0,1386.0,319.707512749566,284.8778058633705,cce7c8da4e129b8f7f3e2652f9bd6f7f00d5871ef3683134d16b65933b77e60b
train_series\1.2.826.0.1.3680043.8.498.17496901872433262274477070632489305322\1.2.826.0.1.3680043.8.498.58689800903835547146189796464102329220.dcm,1.2.826.0.1.3680043.8.498.17496901872433262274477070632489305322,True,384,384,0.0,1225.0,184.82305230034723,226.2641624268737,324a20858d64570b3f89c2cd79b3aa5fc0c1ba1771b5b939056628c0591dbedf
train_series\1.2.826.0.1.3680043.8.498.17496901872433262274477070632489305322\1.2.826.0.1.3680043.8.498.61284160748378630094709225285707465548.dcm,1.2.826.0.1.3680043.8.498.17496901872433262274477070632489305322,True,384,384,0.0,1464.0,310.1590101453993,277.86568231254677,9c4673cba2fd686c2c99af96ea9714f42e4fa341842eec4ca4fadda684f5cc31
train_series\1.2.826.0.1.3680043.8.498.17496901872433262274477070632489305322\1.2.826.0.1.3680043.8.498.61300645044300862265784950990171083624.dcm,1.2.826.0.1.3680043.8.498.17496901872433262274477070632489305322,True,384,384,0.0,1431.0,266.05524359809027,266.38461710067975,3a41ff99c5ae848ce04c4b809f0d2315f8a5ea69fd8253281216f08b9a793049
train_series\1.2.826.0.1.3680043.8.498.17496901872433262274477070632489305322\1.2.826.0.1.3680043.8.498.61827810140776510829832466691304838374.dcm,1.2.826.0.1.3680043.8.498.17496901872433262274477070632489305322,True,384,384,0.0,1358.0,320.74627007378473,282.9665036031308,43ba5cd8156c3bd15b650b031d7fc2be90a0232b0baa507c8339e65eb2b87a0d
train_series\1.2.826.0.1.3680043.8.498.17496901872433262274477070632489305322\1.2.826.0.1.3680043.8.498.68648843256278200706171262071209822532.dcm,1.2.826.0.1.3680043.8.498.17496901872433262274477070632489305322,True,384,384,0.0,1221.0,165.40233018663196,272.48275473132634,b3e5c26f1d53f314295f9d4feb2daa4dea44de7a78d419573850646a0dc2d2df
train_series\1.2.826.0.1.3680043.8.498.17496901872433262274477070632489305322\1.2.826.0.1.3680043.8.498.69746245965578777304599819838879065745.dcm,1.2.826.0.1.3680043.8.498.17496901872433262274477070632489305322,True,384,384,0.0,1313.0,333.54461669921875,291.6313856598884,37901d7b1016e653cf12b7bd8be19f70ae1c627e87f22b2880f9123c1f9eee20
train_series\1.2.826.0.1.3680043.8.498.17496901872433262274477070632489305322\1.2.826.0.1.3680043.8.498.71016189314946175888111136293282015197.dcm,1.2.826.0.1.3680043.8.498.17496901872433262274477070632489305322,True,384,384,0.0,1174.0,213.86719428168402,243.41733855068023,a3bf396ec87a16d1ced39e15385516c503821a3007831108a29b1e4d32cb983b
train_series\1.2.826.0.1.3680043.8.498.17496901872433262274477070632489305322\1.2.826.0.1.3680043.8.498.74668130106434200486845300000656412369.dcm,1.2.826.0.1.3680043.8.498.17496901872433262274477070632489305322,True,384,384,0.0,1322.0,328.6223958333333,301.2029302086666,83a1a4d514a64612907d2133b4a2bd6dc72ed4767290ba96626311920858c1dc
train_series\1.2.826.0.1.3680043.8.498.17496901872433262274477070632489305322\1.2.826.0.1.3680043.8.498.85641427019205416443724385091454336380.dcm,1.2.826.0.1.3680043.8.498.17496901872433262274477070632489305322,True,384,384,0.0,1209.0,199.25603569878473,285.9322767437632,76e96e0a154f89fb88adff31a607ffc05580784bb1b96cf41bb469d8485ef5a8
train_series\1.2.826.0.1.3680043.8.498.17496901872433262274477070632489305322\1.2.826.0.1.3680043.8.498.90616751413693551109536226003728770094.dcm,1.2.826.0.1.3680043.8.498.17496901872433262274477070632489305322,True,384,384,0.0,1238.0,206.59969075520834,261.04580743218395,b5dbfcc7a131af68b22bc17828f2b5e8b48a7c58dedf955ce056f9048841b4c6
train_series\1.2.826.0.1.3680043.8.498.17496901872433262274477070632489305322\1.2.826.0.1.3680043.8.498.95740446102031557582557219644379514177.dcm,1.2.826.0.1.3680043.8.498.17496901872433262274477070632489305322,True,384,384,0.0,1387.0,254.49671766493054,279.3470644785849,2aa0e4ce50906c27965d2532aac471c578cf7975ab10735371c8bbb22ededffd
train_series\1.2.826.0.1.3680043.8.498.17496901872433262274477070632489305322\1.2.826.0.1.3680043.8.498.95811560945253010422163714057223444472.dcm,1.2.826.0.1.3680043.8.498.17496901872433262274477070632489305322,True,384,384,0.0,1420.0,340.02549235026044,293.00013307806944,f895b5ea6e81a43a8149d23b229455db55a17d685e0463a27bf52684a2a569b8
train_series\1.2.826.0.1.3680043.8.498.17496901872433262274477070632489305322\1.2.826.0.1.3680043.8.498.97137645174468434503316301740017933817.dcm,1.2.826.0.1.3680043.8.498.17496901872433262274477070632489305322,True,384,384,0.0,1354.0,324.97088623046875,288.5958536290322,4459c431e1de15435d46b7f0b419173616fb233b7469f182dd4a63f9967a7754
train_series\1.2.826.0.1.3680043.8.498.17496901872433262274477070632489305322\1.2.826.0.1.3680043.8.498.99066865447518453550904922119484598917.dcm,1.2.826.0.1.3680043.8.498.17496901872433262274477070632489305322,True,384,384,0.0,1320.0,334.949211968316,295.3726956608592,d03b72d8825fb8f3b1b51e61066bf7fa29ff91f23397ae52dcc88935d1b61200
train_series\1.2.826.0.1.3680043.8.498.18313433830014722992362938871973097711\1.2.826.0.1.3680043.8.498.10344718495966096221578770232362146991.dcm,1.2.826.0.1.3680043.8.498.18313433830014722992362938871973097711,True,640,640,0.0,962.0,73.5969287109375,93.02313149169032,2c7352732d2b622d082e2465f2b3d5e24a7350d117a2f4dc1777645d22d1d6ac
train_series\1.2.826.0.1.3680043.8.498.18313433830014722992362938871973097711\1.2.826.0.1.3680043.8.498.10379248530649788411042594239990366217.dcm,1.2.826.0.1.3680043.8.498.18313433830014722992362938871973097711,True,640,640,0.0,1025.0,94.92479248046875,129.37908213887798,690ea2b3ec9fa61291a6e918bb3c2ad702c80ec71392f6d67b9dac5cfa1797fc
train_series\1.2.826.0.1.3680043.8.498.18313433830014722992362938871973097711\1.2.826.0.1.3680043.8.498.10535183580358237226337888610770419446.dcm,1.2.826.0.1.3680043.8.498.18313433830014722992362938871973097711,True,640,640,0.0,910.0,96.87515625,123.68545787686587,ed9afa4b2d5abc970e6136c989a46956113674ed11a2f6436de6d0966d535553
train_series\1.2.826.0.1.3680043.8.498.18313433830014722992362938871973097711\1.2.826.0.1.3680043.8.498.10987372423991070707796039676013317792.dcm,1.2.826.0.1.3680043.8.498.18313433830014722992362938871973097711,True,640,640,0.0,913.0,106.222783203125,115.4392570439673,0bae0c4b6b57a10e50999908e21cdf394b1b973d73404a5991569aeb6877b940
train_series\1.2.826.0.1.3680043.8.498.18313433830014722992362938871973097711\1.2.826.0.1.3680043.8.498.11343836882071804487924527081253113929.dcm,1.2.826.0.1.3680043.8.498.18313433830014722992362938871973097711,True,640,640,0.0,1096.0,82.8345947265625,116.96786947588784,925eb039f50c6966684f1e2698639136bb5a8ae0f155c0a7f9fb730005a8de2c
train_series\1.2.826.0.1.3680043.8.498.18313433830014722992362938871973097711\1.2.826.0.1.3680043.8.498.11640695587497710949874840693362208560.dcm,1.2.826.0.1.3680043.8.498.18313433830014722992362938871973097711,True,640,640,0.0,427.0,38.4528076171875,57.362473862662426,08739f41bdd87b3e831b4cdcdc056adf6869f4dbd4f6a7d2a752537afacff583
train_series\1.2.826.0.1.3680043.8.498.18313433830014722992362938871973097711\1.2.826.0.1.3680043.8.498.12176426549634607418473832514912188229.dcm,1.2.826.0.1.3680043.8.498.18313433830014722992362938871973097711,True,640,640,0.0,1243.0,55.43429931640625,112.75647351333032,1c549baa0b072d23fee3495f9132874ded0c7b966d5501bdc59bf68e0f95b11d
train_series\1.2.826.0.1.3680043.8.498.18313433830014722992362938871973097711\1.2.826.0.1.3680043.8.498.12426852903520392586425811800563495408.dcm,1.2.826.0.1.3680043.8.498.18313433830014722992362938871973097711,True,640,640,0.0,780.0,64.3461865234375,85.83386113528267,76130c0a726762fe5daaee24332ea265e69335085f914b389a836dda83c02132
train_series\1.2.826.0.1.3680043.8.498.18313433830014722992362938871973097711\1.2.826.0.1.3680043.8.498.12439328692040372680807419306973241449.dcm,1.2.826.0.1.3680043.8.498.18313433830014722992362938871973097711,True,640,640,0.0,1067.0,78.69662841796875,128.92048557516807,c482569eb3549c01a263644a6a29c4ea0ff7cc11fd67b84a15014dbe1a2d34bc
train_series\1.2.826.0.1.3680043.8.498.18313433830014722992362938871973097711\1.2.826.0.1.3680043.8.498.12487606065128889195697411187056640725.dcm,1.2.826.0.1.3680043.8.498.18313433830014722992362938871973097711,True,640,640,0.0,948.0,83.62677734375,100.32679567024074,0a23ae9f9185a9fab23cbfef375390c88c17de13dd606d2592fec8f8b314465d
train_series\1.2.826.0.1.3680043.8.498.18313433830014722992362938871973097711\1.2.826.0.1.3680043.8.498.12752540952212343564778279606725969249.dcm,1.2.826.0.1.3680043.8.498.18313433830014722992362938871973097711,True,640,640,0.0,840.0,92.70658935546875,102.47672685737336,46f6c17068c9d962923a1724a2f241be9e45a81e072d8e86da41508255c2e9b9
train_series\1.2.826.0.1.3680043.8.498.18313433830014722992362938871973097711\1.2.826.0.1.3680043.8.498.13119478475311445719077748531525901324.dcm,1.2.826.0.1.3680043.8.498.18313433830014722992362938871973097711,True,640,640,0.0,975.0,107.2120751953125,116.28302620036452,67108229d963f28503a7ce1a986c78b0084801ae6c2c897363bbe125cb23f376
train_series\1.2.826.0.1.3680043.8.498.18313433830014722992362938871973097711\1.2.826.0.1.3680043.8.498.14089569502739021629573582857679226873.dcm,1.2.826.0.1.3680043.8.498.18313433830014722992362938871973097711,True,640,640,0.0,1010.0,69.33416748046875,91.75284890824149,8ad90584fca188f415ba62865eedff24b96ca3570b43f369af574c29701b2f09
train_series\1.2.826.0.1.3680043.8.498.18313433830014722992362938871973097711\1.2.826.0.1.3680043.8.498.16548402803121022797922535176191210653.dcm,1.2.826.0.1.3680043.8.498.18313433830014722992362938871973097711,True,640,640,0.0,853.0,103.4940234375,110.71732878367162,fdadf1b8713f0358b584b343465f1fe0f7c388ed0d16f709b59e1e350958b483
train_series\1.2.826.0.1.3680043.8.498.18313433830014722992362938871973097711\1.2.826.0.1.3680043.8.498.22827544073325679846010856915492452534.dcm,1.2.826.0.1.3680043.8.498.18313433830014722992362938871973097711,True,640,640,0.0,1012.0,72.05589111328125,96.14575809935592,be7d6557841664d665f6f7c7156f2a590da54d0ceb87fe184479f3089d905e8b
train_series\1.2.826.0.1.3680043.8.498.18313433830014722992362938871973097711\1.2.826.0.1.3680043.8.498.26033216172917132751445537311899733923.dcm,1.2.826.0.1.3680043.8.498.18313433830014722992362938871973097711,True,640,640,0.0,760.0,104.35742919921876,122.57172742917926,fb6e4acd50217905e627d29189e89e4a13d8452b361a1c4a5a844df52a1fcf1f
train_series\1.2.826.0.1.3680043.8.498.18313433830014722992362938871973097711\1.2.826.0.1.3680043.8.498.28819272157256403640330840615385719299.dcm,1.2.826.0.1.3680043.8.498.18313433830014722992362938871973097711,True,640,640,0.0,783.0,105.79339599609375,116.8176190727269,00aaf31793a53834414c3f3b527a91494ed93952d919bde068066d4c2325396d
train_series\1.2.826.0.1.3680043.8.498.18313433830014722992362938871973097711\1.2.826.0.1.3680043.8.498.38788907091026280799813112780434729657.dcm,1.2.826.0.1.3680043.8.498.18313433830014722992362938871973097711,True,640,640,0.0,431.0,19.33669677734375,37.22785326365153,e5398338c8d2244bda90c5d5d01b8bb2edb8988cd71153d70a722f7cfff32be7
train_series\1.2.826.0.1.3680043.8.498.18313433830014722992362938871973097711\1.2.826.0.1.3680043.8.498.43146314666452009153566838223043652698.dcm,1.2.826.0.1.3680043.8.498.18313433830014722992362938871973097711,True,640,640,0.0,1020.0,96.843662109375,136.67662367731776,51c358f22b0b1d59ccd0f85fde3605965f45f12f81f76a426fade77d6524e53a
train_series\1.2.826.0.1.3680043.8.498.18313433830014722992362938871973097711\1.2.826.0.1.3680043.8.498.43493769060341455098098609155442607387.dcm,1.2.826.0.1.3680043.8.498.18313433830014722992362938871973097711,True,640,640,0.0,866.0,102.70613037109375,123.49765468783248,2978e8b39d9f736921c5abb0b9c3015655b4c9cd5a95968df60bfa8c52e9bebf
train_series\1.2.826.0.1.3680043.8.498.18313433830014722992362938871973097711\1.2.826.0.1.3680043.8.498.46848988663938395993212214445505857429.dcm,1.2.826.0.1.3680043.8.498.18313433830014722992362938871973097711,True,640,640,0.0,1013.0,67.7635791015625,93.48497857632847,1208d2c69e5323512b0c1746d5ee43f84cc99720fcb4c9c1a9b1631584dec4f3
train_series\1.2.826.0.1.3680043.8.498.18313433830014722992362938871973097711\1.2.826.0.1.3680043.8.498.54317310813207105424924040239927711544.dcm,1.2.826.0.1.3680043.8.498.18313433830014722992362938871973097711,True,640,640,0.0,974.0,90.9185498046875,115.5314009949922,d33f565710de9f059a5c500ddd351ce70a54917f2fc9cb6ac66ceeed18faf918
train_series\1.2.826.0.1.3680043.8.498.18313433830014722992362938871973097711\1.2.826.0.1.3680043.8.498.56788288186419181612317080308053779121.dcm,1.2.826.0.1.3680043.8.498.18313433830014722992362938871973097711,True,640,640,0.0,967.0,107.41444580078125,117.27423394369522,933f9161d7499208cbeb27ad3825cb5d4251b327908d13247a32bf32ff857bc8
train_series\1.2.826.0.1.3680043.8.498.18313433830014722992362938871973097711\1.2.826.0.1.3680043.8.498.57851754506713574703148463011815139157.dcm,1.2.826.0.1.3680043.8.498.18313433830014722992362938871973097711,True,640,640,0.0,569.0,55.953349609375,75.79628753193568,0f354421f6c98785ba2cb63ad2decf12aa06ce3155fccea98f4d2c5c166e50eb
train_series\1.2.826.0.1.3680043.8.498.18313433830014722992362938871973097711\1.2.826.0.1.3680043.8.498.62606376086191634346339791153452774158.dcm,1.2.826.0.1.3680043.8.498.18313433830014722992362938871973097711,True,640,640,0.0,1036.0,64.740048828125,86.95246739192908,0660d89c03bdd00b1e250d1f7ebba9d9d28d16fe48b12b2a1fbd5c867673b746
train_series\1.2.826.0.1.3680043.8.498.18313433830014722992362938871973097711\1.2.826.0.1.3680043.8.498.68855459658371100493853420774053182240.dcm,1.2.826.0.1.3680043.8.498.18313433830014722992362938871973097711,True,640,640,0.0,685.0,107.1489453125,121.84265904175021,48a39c813c33c195c26c84907ef353e540bf677e4c56dcd1470ef75956a91302
train_series\1.2.826.0.1.3680043.8.498.18313433830014722992362938871973097711\1.2.826.0.1.3680043.8.498.87410622169520118946541323432125498280.dcm,1.2.826.0.1.3680043.8.498.18313433830014722992362938871973097711,True,640,640,0.0,1014.0,69.64458740234375,96.46284624564636,645fa19ab7f14b07440cf5de3a359058b94bed768a0d53d15c9cb70d4b7a3ead
train_series\1.2.826.0.1.3680043.8.498.18313433830014722992362938871973097711\1.2.826.0.1.3680043.8.498.89831836401435997505470041661436399437.dcm,1.2.826.0.1.3680043.8.498.18313433830014722992362938871973097711,True,640,640,0.0,850.0,79.34159912109375,95.76522348576621,25babe866cce1f827d425e46e09fec0f0143a06eca6a12d5a0f406ead3b44f16
train_series\1.2.826.0.1.3680043.8.498.18313433830014722992362938871973097711\1.2.826.0.1.3680043.8.498.94082076831583686299285699659845799131.dcm,1.2.826.0.1.3680043.8.498.18313433830014722992362938871973097711,True,640,640,0.0,927.0,78.34290771484375,95.37254174288488,c085cc9a9d47b32892906f3dea53fe606678b9f38bdf76d1a47d3408f01f3067
train_series\1.2.826.0.1.3680043.8.498.23084836536722595275828690293168736174\1.2.826.0.1.3680043.8.498.10495577636158696564159171941019069223.dcm,1.2.826.0.1.3680043.8.498.23084836536722595275828690293168736174,True,576,576,0.0,2099.06788,290.46893621515727,577.6777814072209,a33ee24032e9f5992f37c2b07ecc5718f97377ee7a71be8063659f2deb31650b
train_series\1.2.826.0.1.3680043.8.498.23084836536722595275828690293168736174\1.2.826.0.1.3680043.8.498.11749154280613455677683590761692026009.dcm,1.2.826.0.1.3680043.8.498.23084836536722595275828690293168736174,True,576,576,0.0,3918.0403600000004,922.4615951243007,804.3790008957076,b33b7eb339bbe5f62f719458c1a7cf0454466846fa62c7c9d707745efc64a441
train_series\1.2.826.0.1.3680043.8.498.23084836536722595275828690293168736174\1.2.826.0.1.3680043.8.498.12098739564387780587308082414503153172.dcm,1.2.826.0.1.3680043.8.498.23084836536722595275828690293168736174,True,576,576,0.0,2728.45872,1003.7203148996914,824.2747560661369,3c6ec897b9e3ed6e00be949c33ec4a2df03695077d027d91547f57e068c04deb
train_series\1.2.826.0.1.3680043.8.498.23084836536722595275828690293168736174\1.2.826.0.1.3680043.8.498.13849887556780670228449878437426718659.dcm,1.2.826.0.1.3680043.8.498.23084836536722595275828690293168736174,True,576,576,0.0,4240.9738800000005,984.2908080940152,822.49468170826,caa45b15bbb02d468ce0367588a027f5c3321e7ca4d05e8d38a0ed6fefb07e65
train_series\1.2.826.0.1.3680043.8.498.23084836536722595275828690293168736174\1.2.826.0.1.3680043.8.498.21821900345293357201908464058987983501.dcm,1.2.826.0.1.3680043.8.498.23084836536722595275828690293168736174,True,576,576,0.0,2593.35388,1153.3806511811583,796.2925694450233,b7c09fd2a5a23b205e9ef03a7eebb7900a23b7b9d0692c4f5745568d2469c1c3
train_series\1.2.826.0.1.3680043.8.498.23084836536722595275828690293168736174\1.2.826.0.1.3680043.8.498.25747237802734014070426592335161763573.dcm,1.2.826.0.1.3680043.8.498.23084836536722595275828690293168736174,True,576,576,0.0,2313.25848,435.7416678261237,680.5731231026624,6fc69030d39a1ed3641a645d39e4933d4f32cec24200850962628eff45c02cb3
train_series\1.2.826.0.1.3680043.8.498.23084836536722595275828690293168736174\1.2.826.0.1.3680043.8.498.29407659899414987287393223147925970366.dcm,1.2.826.0.1.3680043.8.498.23084836536722595275828690293168736174,True,576,576,0.0,2665.84916,1099.5738621631463,816.2143443130382,8cbbbb2f9a293d51c16d0d5792b8f43730fca0fb4e728e79815bcb5ff36d400e
train_series\1.2.826.0.1.3680043.8.498.23084836536722595275828690293168736174\1.2.826.0.1.3680043.8.498.33343575687934303560920882371651054925.dcm,1.2.826.0.1.3680043.8.498.23084836536722595275828690293168736174,True,576,576,0.0,3044.8017600000003,843.4401654841822,868.4291659571405,3c8c5024220d34c12870a4bbb1aeb9861c704d9eff0813f8a811fed124a784ca
train_series\1.2.826.0.1.3680043.8.498.23084836536722595275828690293168736174\1.2.826.0.1.3680043.8.498.44294368027808316962607507074243103655.dcm,1.2.826.0.1.3680043.8.498.23084836536722595275828690293168736174,True,576,576,0.0,3107.41132,1076.4998423243394,762.1233793240204,36d19bdbfac17c8d9dd8c2148e870f76733e320d0e4df44b0c0161f55c3b52ad
train_series\1.2.826.0.1.3680043.8.498.23084836536722595275828690293168736174\1.2.826.0.1.3680043.8.498.59115868838863767829722012455809246572.dcm,1.2.826.0.1.3680043.8.498.23084836536722595275828690293168736174,True,576,576,0.0,2646.07772,1107.1689962565106,721.8034797295057,8daa24294ab1b23862f5afadc0ed3daad961d5cf4efca0490873cf5496378ebf
train_series\1.2.826.0.1.3680043.8.498.23084836536722595275828690293168736174\1.2.826.0.1.3680043.8.498.61208159346373941133202499159013997835.dcm,1.2.826.0.1.3680043.8.498.23084836536722595275828690293168736174,True,576,576,0.0,2497.79192,594.7015997401863,741.3176388724047,c59847407e9b3b54a3840d23ae67445ef93814b7de6b17a775ed1a7242dd3d27
train_series\1.2.826.0.1.3680043.8.498.23084836536722595275828690293168736174\1.2.826.0.1.3680043.8.498.69808294194351844779338997441019598471.dcm,1.2.826.0.1.3680043.8.498.23084836536722595275828690293168736174,True,576,576,0.0,3499.5448800000004,920.6506711599393,829.0927750672157,7cd0fbbc6cd1d3818d91ac28d7eba7bdb774423327fe5c8a4dc69274cca65586
train_series\1.2.826.0.1.3680043.8.498.23084836536722595275828690293168736174\1.2.826.0.1.3680043.8.498.74090003727178597144898278950251365655.dcm,1.2.826.0.1.3680043.8.498.23084836536722595275828690293168736174,True,576,576,0.0,2481.31572,1158.4549032347127,763.7225427051216,ed96662625365c4852feeb52d76e79b3b62299d6ba1eb052e4e87e10d7156beb
train_series\1.2.826.0.1.3680043.8.498.23084836536722595275828690293168736174\1.2.826.0.1.3680043.8.498.83345818693769231719303569869804524598.dcm,1.2.826.0.1.3680043.8.498.23084836536722595275828690293168736174,True,576,576,0.0,3980.6499200000003,1029.00981393193,801.2606809236391,44655a61e698af82df7a6c54725b423cb451241e54c5cf90936e32975a9559c4
train_series\1.2.826.0.1.3680043.8.498.23084836536722595275828690293168736174\1.2.826.0.1.3680043.8.498.91419439092942252990237162346007961685.dcm,1.2.826.0.1.3680043.8.498.23084836536722595275828690293168736174,True,576,576,0.0,3011.84936,1049.1436175030142,722.5166867922073,8889dfbe0d81e3aed143d8805e7ac305579d5c89efe60b824eeb40e4c5d80715
train_series\1.2.826.0.1.3680043.8.498.23084836536722595275828690293168736174\1.2.826.0.1.3680043.8.498.95778390425298933615308728699332124625.dcm,1.2.826.0.1.3680043.8.498.23084836536722595275828690293168736174,True,576,576,0.0,2636.192,839.0835192406926,806.0868396909871,1ee1747e97f23fabee45326cde678d0e1fbde8f401408b84e66508ee4ee1ba5e
train_series\1.2.826.0.1.3680043.8.498.26515132645256697953312631089055309042\1.2.826.0.1.3680043.8.498.10909969853695615962775542233123317443.dcm,1.2.826.0.1.3680043.8.498.26515132645256697953312631089055309042,True,416,416,0.0,609.0,46.5858277089497,68.638918262367,812025a661ad6069c8be26914167d6f43ed1b6552ce9cc28bf2af5191b281bc8
train_series\1.2.826.0.1.3680043.8.498.26515132645256697953312631089055309042\1.2.826.0.1.3680043.8.498.10937872083212798591972229954929532594.dcm,1.2.826.0.1.3680043.8.498.26515132645256697953312631089055309042,True,416,416,0.0,665.0,69.05796389607988,80.60852335410861,6da49b715ef7183e3ed1ba70f4b85678ac7bdb4d6040614bee81cbf957bcd1ea
train_series\1.2.826.0.1.3680043.8.498.26515132645256697953312631089055309042\1.2.826.0.1.3680043.8.498.10966383430329940108415803383248579517.dcm,1.2.826.0.1.3680043.8.498.26515132645256697953312631089055309042,True,416,416,0.0,456.0,50.125693417159766,72.49372198818078,9d1c89400237c7f936e34756b680537837377656320698ce97abd4860f0e15af
train_series\1.2.826.0.1.3680043.8.498.26515132645256697953312631089055309042\1.2.826.0.1.3680043.8.498.11413935856700450362682275008947673119.dcm,1.2.826.0.1.3680043.8.498.26515132645256697953312631089055309042,True,416,416,0.0,583.0,71.88832516642012,80.42336058203318,684e682f465c83f109374c333369158a6037046f3b7484d61988678f9a5fa594
train_series\1.2.826.0.1.3680043.8.498.26515132645256697953312631089055309042\1.2.826.0.1.3680043.8.498.11786709247264622768966434976319418557.dcm,1.2.826.0.1.3680043.8.498.26515132645256697953312631089055309042,True,416,416,0.0,752.0,56.62069503513314,72.2622911950029,d535ee4372657422da0465bfde04bbebee8bf239f736899636fcbcdd644d6104
train_series\1.2.826.0.1.3680043.8.498.26515132645256697953312631089055309042\1.2.826.0.1.3680043.8.498.12177182905236411492382712674939530554.dcm,1.2.826.0.1.3680043.8.498.26515132645256697953312631089055309042,True,416,416,0.0,613.0,45.03282174556213,66.6105586002531,0157902d95e9606a82d0df7903024fe4f1b546ab7a34dea7150d43143c6be2f7
train_series\1.2.826.0.1.3680043.8.498.26515132645256697953312631089055309042\1.2.826.0.1.3680043.8.498.12465477600696897309907116635181623769.dcm,1.2.826.0.1.3680043.8.498.26515132645256697953312631089055309042,True,416,416,0.0,582.0,48.163137943786985,70.14426859353266,87e6122850fc5d6d877bec5f2dd54313fa1698c22ad8438e549dba451a996759
train_series\1.2.826.0.1.3680043.8.498.26515132645256697953312631089055309042\1.2.826.0.1.3680043.8.498.12502020129475412856894652807319966229.dcm,1.2.826.0.1.3680043.8.498.26515132645256697953312631089055309042,True,416,416,0.0,658.0,54.87554895525148,76.06910169433317,a7af9ac34eda15b432081af54e2bb7d0cb7b7ed16a5255b9e76268fcc1c13f11
train_series\1.2.826.0.1.3680043.8.498.26515132645256697953312631089055309042\1.2.826.0.1.3680043.8.498.12626240892734983394503611173703410658.dcm,1.2.826.0.1.3680043.8.498.26515132645256697953312631089055309042,True,416,416,0.0,620.0,45.58955482618343,67.48161715148692,c6eeceb12088cd10b159f3bdd06d5b4b9ecdca7c5051bee0000d11eb4972a110
train_series\1.2.826.0.1.3680043.8.498.26515132645256697953312631089055309042\1.2.826.0.1.3680043.8.498.12994800946674193993280084155494594916.dcm,1.2.826.0.1.3680043.8.498.26515132645256697953312631089055309042,True,416,416,0.0,723.0,45.124520386464496,66.14177444775383,2daccbf1daeda706109e31591d1a4ef0d4666ce5ecd174d8687a4206b4f95bb1
train_series\1.2.826.0.1.3680043.8.498.26515132645256697953312631089055309042\1.2.826.0.1.3680043.8.498.13093490040751718020232169594403996402.dcm,1.2.826.0.1.3680043.8.498.26515132645256697953312631089055309042,True,416,416,0.0,520.0,75.59989252034023,81.75896244355151,3108a9e3f96147024372938d216e94e6be709f151f6e615a9d21650adbc87c9e
train_series\1.2.826.0.1.3680043.8.498.26515132645256697953312631089055309042\1.2.826.0.1.3680043.8.498.13276748324706014043943329773746685735.dcm,1.2.826.0.1.3680043.8.498.26515132645256697953312631089055309042,True,416,416,0.0,811.0,54.90984999075444,71.4715083976129,d5ec6948a5e5073d66ad87cf9b34b0bc7f84b21eb77d6928b8fe576cd9a1ffc0
train_series\1.2.826.0.1.3680043.8.498.26515132645256697953312631089055309042\1.2.826.0.1.3680043.8.498.13360061461238388650062035535770763173.dcm,1.2.826.0.1.3680043.8.498.26515132645256697953312631089055309042,True,416,416,0.0,739.0,61.6378051035503,78.61669889992886,1094f6cccc354bf36452a73b2af86a40562c50df350729372a5664d0a5ab156e
train_series\1.2.826.0.1.3680043.8.498.26515132645256697953312631089055309042\1.2.826.0.1.3680043.8.498.13506073230946734668352682822231201969.dcm,1.2.826.0.1.3680043.8.498.26515132645256697953312631089055309042,True,416,416,0.0,789.0,60.41028337647929,77.6238953283456,16ac6d663a49ce4b6a368fcdd27683f2194267a1e1df5f6291d7fea9a8228291
train_series\1.2.826.0.1.3680043.8.498.26515132645256697953312631089055309042\1.2.826.0.1.3680043.8.498.13748673666600356227278812772034461244.dcm,1.2.826.0.1.3680043.8.498.26515132645256697953312631089055309042,True,416,416,0.0,770.0,57.27504391642012,78.26637653598976,6dd4980186435eeba78da9f967687f716341a2d42abee40de4a160be5d9010ae
train_series\1.2.826.0.1.3680043.8.498.26515132645256697953312631089055309042\1.2.826.0.1.3680043.8.498.19738641223848649512575518153657500421.dcm,1.2.826.0.1.3680043.8.498.26515132645256697953312631089055309042,True,416,416,0.0,813.0,65.85685558431953,79.09202970862461,0eaa96a3d9bff652682f20e00d299a931e08685b73b7319efa93e294102582ab
train_series\1.2.826.0.1.3680043.8.498.26515132645256697953312631089055309042\1.2.826.0.1.3680043.8.498.21064880141339899729625214428175819629.dcm,1.2.826.0.1.3680043.8.498.26515132645256697953312631089055309042,True,416,416,0.0,753.0,52.601418038091715,69.86647065560457,335949506bcb864bb2c32182dc40293c1c49d88d735c4351af0f3d9244532a1e
train_series\1.2.826.0.1.3680043.8.498.26515132645256697953312631089055309042\1.2.826.0.1.3680043.8.498.26249710329515619364271470231592456405.dcm,1.2.826.0.1.3680043.8.498.26515132645256697953312631089055309042,True,416,416,0.0,741.0,52.76647443602071,69.48332404093313,95bbd1ba415d1d82126f0fdf56e215e0c9565d596f4bcdb361793d948553b034
train_series\1.2.826.0.1.3680043.8.498.26515132645256697953312631089055309042\1.2.826.0.1.3680043.8.498.28771487907091569124035043769709424168.dcm,1.2.826.0.1.3680043.8.498.26515132645256697953312631089055309042,True,416,416,0.0,553.0,44.12564718934911,65.5154065140819,330ff31d6f5413ca7e649d89667e9adb52df4548c94a884ba497a412f88ec75a
train_series\1.2.826.0.1.3680043.8.498.26515132645256697953312631089055309042\1.2.826.0.1.3680043.8.498.29461958580077705627376283515144979252.dcm,1.2.826.0.1.3680043.8.498.26515132645256697953312631089055309042,True,416,416,0.0,489.0,78.21039432322485,82.157450702522,ed9a78324cf9f02338c6fc3a8dfdad919b4e59e1e6ff3921478e5be6787dbfb3
train_series\1.2.826.0.1.3680043.8.498.26515132645256697953312631089055309042\1.2.826.0.1.3680043.8.498.29756280944388171303360840557107066238.dcm,1.2.826.0.1.3680043.8.498.26515132645256697953312631089055309042,True,416,416,0.0,765.0,53.94420303254438,72.55065329480608,53045ce5c3add0868972febb90eba44155c0039d205e7f8546ca0301b95a7c0e
train_series\1.2.826.0.1.3680043.8.498.26515132645256697953312631089055309042\1.2.826.0.1.3680043.8.498.30299773731697512443259941292282435535.dcm,1.2.826.0.1.3680043.8.498.26515132645256697953312631089055309042,True,416,416,0.0,409.0,73.19107687684911,71.59663021760045,e4976d8404fc41ac1471fdd32fd616d6eebb61f8b8eebf173c3683c2e87c6d15
train_series\1.2.826.0.1.3680043.8.498.26515132645256697953312631089055309042\1.2.826.0.1.3680043.8.498.33329278491899492882823099946974204696.dcm,1.2.826.0.1.3680043.8.498.26515132645256697953312631089055309042,True,416,416,0.0,463.0,80.22735992973372,81.6992350186718,1c25566a03196b8f5f58e336fb1ce38dc8010262b6ecac0292a790a29b762369
train_series\1.2.826.0.1.3680043.8.498.26515132645256697953312631089055309042\1.2.826.0.1.3680043.8.498.34742998474227137618533226772897924010.dcm,1.2.826.0.1.3680043.8.498.26515132645256697953312631089055309042,True,416,416,0.0,411.0,53.22035641642012,75.83064622377078,ed31c026e9856ba6d816e6a032822a681a9778a6a8e033f3c29ec43080cadf60
train_series\1.2.826.0.1.3680043.8.498.26515132645256697953312631089055309042\1.2.826.0.1.3680043.8.498.36387507275578526935474099563584131229.dcm,1.2.826.0.1.3680043.8.498.26515132645256697953312631089055309042,True,416,416,0.0,418.0,77.12877912352072,76.39832226709751,fedca84b9d3e406a74e3f1536079727edf9b631138d2f0f4144c6c2d181680e3
train_series\1.2.826.0.1.3680043.8.498.26515132645256697953312631089055309042\1.2.826.0.1.3680043.8.498.37538530867996369260824815348941888247.dcm,1.2.826.0.1.3680043.8.498.26515132645256697953312631089055309042,True,416,416,0.0,566.0,69.2433836446006,78.23807740915862,1c3d977e31ae33aceafd95155bf2fb65508c1954233f1e70274925b3f5a0c39c
train_series\1.2.826.0.1.3680043.8.498.26515132645256697953312631089055309042\1.2.826.0.1.3680043.8.498.47884140747266124078368567269972435084.dcm,1.2.826.0.1.3680043.8.498.26515132645256697953312631089055309042,True,416,416,0.0,465.0,52.103949010724854,74.72799445126685,04bcbb64e9f0a92158abbdf96d7794b41683a43c6788edc693d3422195a201b7
train_series\1.2.826.0.1.3680043.8.498.26515132645256697953312631089055309042\1.2.826.0.1.3680043.8.498.48093774321843435113158233953073131941.dcm,1.2.826.0.1.3680043.8.498.26515132645256697953312631089055309042,True,416,416,0.0,742.0,46.0973615477071,65.84320323068755,1be62f1d30b4d159a572117254049e9da8411033ed05952c0a5dcdc04433178d
train_series\1.2.826.0.1.3680043.8.498.26515132645256697953312631089055309042\1.2.826.0.1.3680043.8.498.50022121246371395137906231494802908960.dcm,1.2.826.0.1.3680043.8.498.26515132645256697953312631089055309042,True,416,416,0.0,725.0,66.63687476886095,82.59606673982343,28fa955ee5ced666839f542fa751bb298849293153cef66df7be37d171934a67
train_series\1.2.826.0.1.3680043.8.498.26515132645256697953312631089055309042\1.2.826.0.1.3680043.8.498.52141677559907517718618853891205463608.dcm,1.2.826.0.1.3680043.8.498.26515132645256697953312631089055309042,True,416,416,0.0,536.0,76.67998798076923,81.85858436682908,d473c3af5bb28a168dabbc8592dd1e52ca81ac340281e4efc289cde838eb54cd
train_series\1.2.826.0.1.3680043.8.498.26515132645256697953312631089055309042\1.2.826.0.1.3680043.8.498.53968778255358783163932610585703734369.dcm,1.2.826.0.1.3680043.8.498.26515132645256697953312631089055309042,True,416,416,0.0,395.0,52.68231092825444,74.94293224905459,be4a93cc992f1159595968012979641a057bcdeac7c9a5b0c98e50a063405cb5
train_series\1.2.826.0.1.3680043.8.498.26515132645256697953312631089055309042\1.2.826.0.1.3680043.8.498.55715232372230645487262528655460013231.dcm,1.2.826.0.1.3680043.8.498.26515132645256697953312631089055309042,True,416,416,0.0,539.0,79.5621879622781,82.41814403706623,dc1d88d3f93a6638c318b4cc7568cd2264e2a35b0f9aa2e1a387033fce0e8b3a
train_series\1.2.826.0.1.3680043.8.498.26515132645256697953312631089055309042\1.2.826.0.1.3680043.8.498.57810641551369028161255981701023952431.dcm,1.2.826.0.1.3680043.8.498.26515132645256697953312631089055309042,True,416,416,0.0,559.0,50.36524015347633,72.89833533218123,2730ea8be0a4fc8b49f7a91e6996ffc2399e8f44fa385d7ce09c1d9bbc822fe3
train_series\1.2.826.0.1.3680043.8.498.26515132645256697953312631089055309042\1.2.826.0.1.3680043.8.498.59909634396378796845459898693027618004.dcm,1.2.826.0.1.3680043.8.498.26515132645256697953312631089055309042,True,416,416,0.0,484.0,78.97925526997041,79.53576601197135,57cab44273705979b52a838d36fb9b295ec8c26e70b165f168e7c5998c957d24
train_series\1.2.826.0.1.3680043.8.498.26515132645256697953312631089055309042\1.2.826.0.1.3680043.8.498.60891837918552780886819210685029551057.dcm,1.2.826.0.1.3680043.8.498.26515132645256697953312631089055309042,True,416,416,0.0,347.0,70.14954696745562,68.18966507647261,f12c5c90bc643c497a36be1fbc1611329d1b6a9ae1ce0e5b5d16aa8f546d2eb5
train_series\1.2.826.0.1.3680043.8.498.26515132645256697953312631089055309042\1.2.826.0.1.3680043.8.498.62088196180068335489492813894511191267.dcm,1.2.826.0.1.3680043.8.498.26515132645256697953312631089055309042,True,416,416,0.0,384.0,64.39183848002959,62.2143102272663,73c7639b5d1c9a018f0369079772c3ca355e496e0b241432d0ea20bc8199812d
train_series\1.2.826.0.1.3680043.8.498.26515132645256697953312631089055309042\1.2.826.0.1.3680043.8.498.62663252766665995144736138059377155369.dcm,1.2.826.0.1.3680043.8.498.26515132645256697953312631089055309042,True,416,416,0.0,667.0,46.63374283468935,70.13184774813742,278b59ec665e09828d8151bb98506baafff81688334b15773b5f5ad0dfcaacd3
train_series\1.2.826.0.1.3680043.8.498.26515132645256697953312631089055309042\1.2.826.0.1.3680043.8.498.65081159566127257834188066390143883842.dcm,1.2.826.0.1.3680043.8.498.26515132645256697953312631089055309042,True,416,416,0.0,307.0,47.688800157174555,67.46370018099805,b246a73ad7fd4d2a533e22472fe038cc83bffa1552c057767aa5623bbd325ade
train_series\1.2.826.0.1.3680043.8.498.26515132645256697953312631089055309042\1.2.826.0.1.3680043.8.498.67355408486649609638913720194652517459.dcm,1.2.826.0.1.3680043.8.498.26515132645256697953312631089055309042,True,416,416,0.0,663.0,53.71338179548817,72.16601125393137,124b2b99836ef59c4c3f4f0b7e5f1644811d4cecb080dba684d6825d0c62e88a
train_series\1.2.826.0.1.3680043.8.498.26515132645256697953312631089055309042\1.2.826.0.1.3680043.8.498.76198903475982655551412039393341729287.dcm,1.2.826.0.1.3680043.8.498.26515132645256697953312631089055309042,True,416,416,0.0,796.0,51.970986270340234,71.85367774971732,5fa06a9e9a673f149fcc593baa949faa04d1bee9d26b0d0ad58a4a000ae2d682
train_series\1.2.826.0.1.3680043.8.498.26515132645256697953312631089055309042\1.2.826.0.1.3680043.8.498.77624825536089284910254604170358450990.dcm,1.2.826.0.1.3680043.8.498.26515132645256697953312631089055309042,True,416,416,0.0,348.0,53.21023252588758,75.84388593365037,48eb84655ea98df4881e0944749cb5790269163e3b51db415bd12736cf369459
train_series\1.2.826.0.1.3680043.8.498.26515132645256697953312631089055309042\1.2.826.0.1.3680043.8.498.87879279717380513833471014097517976939.dcm,1.2.826.0.1.3680043.8.498.26515132645256697953312631089055309042,True,416,416,0.0,726.0,49.775442631286985,67.7292849178285,2f614eae2a6b0ecf7e32433c5b606e07ca44db44965357b8a8794e6eda60921c
train_series\1.2.826.0.1.3680043.8.498.26515132645256697953312631089055309042\1.2.826.0.1.3680043.8.498.89150309383814605520992717325602176040.dcm,1.2.826.0.1.3680043.8.498.26515132645256697953312631089055309042,True,416,416,0.0,276.0,45.50108057507396,63.867159598659946,8b89ca6824852bb35e3e9bcf23ddd50f99039fdced2ded5c44f80e4ceec292db
train_series\1.2.826.0.1.3680043.8.498.26515132645256697953312631089055309042\1.2.826.0.1.3680043.8.498.93704124290869126696615890050470408726.dcm,1.2.826.0.1.3680043.8.498.26515132645256697953312631089055309042,True,416,416,0.0,687.0,59.417130870931956,84.38031498894445,dedfee3b6150ea3fc86bf4d73d182a4e4f74acbb701cd85dbf2b34e1cc73a6aa
train_series\1.2.826.0.1.3680043.8.498.26515132645256697953312631089055309042\1.2.826.0.1.3680043.8.498.96652226147797146845587149632254143376.dcm,1.2.826.0.1.3680043.8.498.26515132645256697953312631089055309042,True,416,416,0.0,460.0,52.70249514607988,75.23679842010314,7f7570a0861de8a910fc8ef57a5e2c25c6976664a6f5165b4aaac7e5320aa39f
train_series\1.2.826.0.1.3680043.8.498.26515132645256697953312631089055309042\1.2.826.0.1.3680043.8.498.97481438963580249045778175278131333369.dcm,1.2.826.0.1.3680043.8.498.26515132645256697953312631089055309042,True,416,416,0.0,699.0,58.232184957470416,80.59658623245545,82a34e5d9f559cd824e26a82eed78efd8086cad0fe0502c6ae5788fe21b70d10
train_series\1.2.826.0.1.3680043.8.498.26515132645256697953312631089055309042\1.2.826.0.1.3680043.8.498.97651126309953042778805848472438732979.dcm,1.2.826.0.1.3680043.8.498.26515132645256697953312631089055309042,True,416,416,0.0,608.0,47.79712347448225,69.66392224127279,5e9c7d6693ddc54ffae5682be43830912a2c85289c4b0d268f90d8803a284b7b
train_series\1.2.826.0.1.3680043.8.498.26515132645256697953312631089055309042\1.2.826.0.1.3680043.8.498.97809607106424042095208418236340172238.dcm,1.2.826.0.1.3680043.8.498.26515132645256697953312631089055309042,True,416,416,0.0,376.0,52.56407174556213,74.48486876694702,d295ec904839d4c30d1a4bcf9b1ebb864a70013c69acac8bc8ac9be86c21e798
train_series\1.2.826.0.1.3680043.8.498.27845969797953115400959653384511165237\1.2.826.0.1.3680043.8.498.11113037817423835631916468081726445529.dcm,1.2.826.0.1.3680043.8.498.27845969797953115400959653384511165237,True,768,768,0.0,1161.0,220.301272922092,248.12660138925688,5d6581f1eee8bd1693f8ee0a166ab433b9cc3296188b4d8fdf1781be2ebec6a3
train_series\1.2.826.0.1.3680043.8.498.27845969797953115400959653384511165237\1.2.826.0.1.3680043.8.498.11645684030726298843048532746863200273.dcm,1.2.826.0.1.3680043.8.498.27845969797953115400959653384511165237,True,768,768,0.0,1242.0,155.73395114474826,217.56135283871643,19a159e8a93ed866fd74bb201c3c3fc474ce1c607388fa1038de3d3038a46ca5
train_series\1.2.826.0.1.3680043.8.498.27845969797953115400959653384511165237\1.2.826.0.1.3680043.8.498.12367777279000914615462751196361349524.dcm,1.2.826.0.1.3680043.8.498.27845969797953115400959653384511165237,True,768,768,0.0,1041.0,181.56902737087674,217.57885880033015,0e136a41445bc0705191bcef3af901a31176000710adc006cde909af027ff070
train_series\1.2.826.0.1.3680043.8.498.27845969797953115400959653384511165237\1.2.826.0.1.3680043.8.498.12410175081423135053706377444313057144.dcm,1.2.826.0.1.3680043.8.498.27845969797953115400959653384511165237,True,768,768,0.0,1065.0,203.55804443359375,229.81914727030775,9655a9697ea262e4afdde0399f3f42265a38067898b60003dfe3d1d2f2644ba2
train_series\1.2.826.0.1.3680043.8.498.27845969797953115400959653384511165237\1.2.826.0.1.3680043.8.498.12491500906268293573563117818327136319.dcm,1.2.826.0.1.3680043.8.498.27845969797953115400959653384511165237,True,768,768,0.0,973.0,161.19205390082465,213.53409466582724,74efbb7a3d9ae20c3be3b1ca0525866d44781a54ed9bed6be75ff798d6b30cf8
train_series\1.2.826.0.1.3680043.8.498.27845969797953115400959653384511165237\1.2.826.0.1.3680043.8.498.12649114304339220471002439578277903685.dcm,1.2.826.0.1.3680043.8.498.27845969797953115400959653384511165237,True,768,768,0.0,1122.0,177.91088189019098,255.23148467215123,6de402d92f13514f9ec0dd51d005a934ea13b76bb1cc3ef36fb5ca7979372dea
train_series\1.2.826.0.1.3680043.8.498.27845969797953115400959653384511165237\1.2.826.0.1.3680043.8.498.12798796367654179255711147444042625857.dcm,1.2.826.0.1.3680043.8.498.27845969797953115400959653384511165237,True,768,768,0.0,991.0,141.87811279296875,202.2672582944379,71836731647fb261a7a965f8014360360e80eec69f993a08be7bf9c0b91ec907
train_series\1.2.826.0.1.3680043.8.498.27845969797953115400959653384511165237\1.2.826.0.1.3680043.8.498.13301170492088803036149941385992532932.dcm,1.2.826.0.1.3680043.8.498.27845969797953115400959653384511165237,True,768,768,0.0,1041.0,204.1056654188368,229.35523157958193,20ac12fac5f02a580adafbc3bdb0fc08d12fefb16a3208213ee06fcc47774689
train_series\1.2.826.0.1.3680043.8.498.27845969797953115400959653384511165237\1.2.826.0.1.3680043.8.498.13383946831885380000261342691289748082.dcm,1.2.826.0.1.3680043.8.498.27845969797953115400959653384511165237,True,768,768,0.0,1151.0,126.25518968370226,214.05618218344352,618093df1e24e278a321327d96df67f0d0760baaa55080ea98da791ec741c6b4
train_series\1.2.826.0.1.3680043.8.498.27845969797953115400959653384511165237\1.2.826.0.1.3680043.8.498.18883407982967755224265763152245618847.dcm,1.2.826.0.1.3680043.8.498.27845969797953115400959653384511165237,True,768,768,0.0,1255.0,135.4333733452691,234.93839476818678,66f67913605e2f8f0a3af37bde51c73df4c0b43c56e44677337b5c34fc453739
train_series\1.2.826.0.1.3680043.8.498.27845969797953115400959653384511165237\1.2.826.0.1.3680043.8.498.21544236051916959607441214943826587797.dcm,1.2.826.0.1.3680043.8.498.27845969797953115400959653384511165237,True,768,768,0.0,1151.0,134.01732211642795,208.28920978067515,4cd04db3ff1fe40c132232055b82c5e6ba6c70963479a79c554a24a1bb801adf
train_series\1.2.826.0.1.3680043.8.498.27845969797953115400959653384511165237\1.2.826.0.1.3680043.8.498.21693174598788934414719460237063724592.dcm,1.2.826.0.1.3680043.8.498.27845969797953115400959653384511165237,True,768,768,0.0,1224.0,164.6693352593316,208.33551885707874,14053ee8fe608f31eafde55309a9d8f6587abbe65953c66b8e68d6f54ab9c452
train_series\1.2.826.0.1.3680043.8.498.27845969797953115400959653384511165237\1.2.826.0.1.3680043.8.498.29833597979061840824020199713764085949.dcm,1.2.826.0.1.3680043.8.498.27845969797953115400959653384511165237,True,768,768,0.0,1190.0,181.03963555230035,252.2767685595478,a94c2b5a32bb4a155d14ac9450d5aa7823dc321f10116d23b1413df5d784b3fb
train_series\1.2.826.0.1.3680043.8.498.27845969797953115400959653384511165237\1.2.826.0.1.3680043.8.498.30705061494671115335548289199498218599.dcm,1.2.826.0.1.3680043.8.498.27845969797953115400959653384511165237,True,768,768,0.0,1072.0,207.35009256998697,240.91714569798913,1f037236503482ba9eb88c791980b7cdd348336d11aaa3bc9e2f3c5ce6d6b03a
train_series\1.2.826.0.1.3680043.8.498.27845969797953115400959653384511165237\1.2.826.0.1.3680043.8.498.35722245002327626144022565847214608199.dcm,1.2.826.0.1.3680043.8.498.27845969797953115400959653384511165237,True,768,768,0.0,1233.0,157.66707865397134,224.18548412316446,bbae5a1acf383b74dccf0874bd0fb20a963427e60f545c3a07e68552107087dd
train_series\1.2.826.0.1.3680043.8.498.27845969797953115400959653384511165237\1.2.826.0.1.3680043.8.498.37122038125062144651962244784766854823.dcm,1.2.826.0.1.3680043.8.498.27845969797953115400959653384511165237,True,768,768,0.0,1087.0,202.06431749131946,234.52436604799854,12157bd8a1ac6a1372f07f6ae571a3b7e6b7935c8700172257009ff62fcfbd1c
train_series\1.2.826.0.1.3680043.8.498.27845969797953115400959653384511165237\1.2.826.0.1.3680043.8.498.40026023147162952382395886832850680376.dcm,1.2.826.0.1.3680043.8.498.27845969797953115400959653384511165237,True,768,768,0.0,1171.0,211.62985568576389,241.1784163654169,92a893574801070fa18e943308dd607df7ea0d311425647598dcabfa91a920be
train_series\1.2.826.0.1.3680043.8.498.27845969797953115400959653384511165237\1.2.826.0.1.3680043.8.498.41609965086194119888781699138121545963.dcm,1.2.826.0.1.3680043.8.498.27845969797953115400959653384511165237,True,768,768,0.0,1164.0,165.54727851019965,206.23997964002263,58448fafee77e1c63c6c5e6ed2619d87f19ce94671bd5698a2b6958378dd3810
train_series\1.2.826.0.1.3680043.8.498.27845969797953115400959653384511165237\1.2.826.0.1.3680043.8.498.46556523822134542509337304682614702399.dcm,1.2.826.0.1.3680043.8.498.27845969797953115400959653384511165237,True,768,768,0.0,994.0,177.98855251736111,223.34170405213564,3ee63a4f83899c2599789617c6ce1eff6158aafa0cd374d5ac0480428bb751e7
train_series\1.2.826.0.1.3680043.8.498.27845969797953115400959653384511165237\1.2.826.0.1.3680043.8.498.49372767192352129401609267811290456410.dcm,1.2.826.0.1.3680043.8.498.27845969797953115400959653384511165237,True,768,768,0.0,1085.0,155.5243648952908,213.54091129761952,97a6f9864fd8d143dd07db1c13619572b58350b544377e84543b9125398eff9b
train_series\1.2.826.0.1.3680043.8.498.27845969797953115400959653384511165237\1.2.826.0.1.3680043.8.498.50744136358196637346909476570690278761.dcm,1.2.826.0.1.3680043.8.498.27845969797953115400959653384511165237,True,768,768,0.0,1376.0,178.87774658203125,286.271803860855,d91bf2717779512922da1fbeb82d96754404b485a39d228fc37797ede940c3d8
train_series\1.2.826.0.1.3680043.8.498.27845969797953115400959653384511165237\1.2.826.0.1.3680043.8.498.51095215964886499819653869409119910869.dcm,1.2.826.0.1.3680043.8.498.27845969797953115400959653384511165237,True,768,768,0.0,1028.0,191.36538357204861,229.73218841361762,785db9a98f1874bcf8f6c96b5fab8bb59f5e3baf4630491b7b0da2c09d02d172
train_series\1.2.826.0.1.3680043.8.498.27845969797953115400959653384511165237\1.2.826.0.1.3680043.8.498.51481970864274460697457830123329395759.dcm,1.2.826.0.1.3680043.8.498.27845969797953115400959653384511165237,True,768,768,0.0,1281.0,160.7549794514974,253.59595503095,23b1072dba64b1c00718991340809ce868af7321c11afb22f0be4b3097813f73
train_series\1.2.826.0.1.3680043.8.498.27845969797953115400959653384511165237\1.2.826.0.1.3680043.8.498.63958941326919445333068927972480054877.dcm,1.2.826.0.1.3680043.8.498.27845969797953115400959653384511165237,True,768,768,0.0,1152.0,160.1222669813368,210.8147616024642,cb3aad1b7acef43526d5f9486c6a7d9838b336e00cca160f6f5ee8bb52a64ad5
train_series\1.2.826.0.1.3680043.8.498.27845969797953115400959653384511165237\1.2.826.0.1.3680043.8.498.74864683706271886785848952117279710569.dcm,1.2.826.0.1.3680043.8.498.27845969797953115400959653384511165237,True,768,768,0.0,1181.0,170.50103251139322,209.4458879570457,df8a30af593171e5543c28af7a90ad8fb6c4a9addf7ae786402b3d2209442ac2
train_series\1.2.826.0.1.3680043.8.498.27845969797953115400959653384511165237\1.2.826.0.1.3680043.8.498.77756517467776667012148651615052441797.dcm,1.2.826.0.1.3680043.8.498.27845969797953115400959653384511165237,True,768,768,0.0,1212.0,150.91793823242188,228.6130329550004,cf66a19c93497d59959ec697da944369e3dfb1e9091f029b9464baa2d2b87e60
train_series\1.2.826.0.1.3680043.8.498.27845969797953115400959653384511165237\1.2.826.0.1.3680043.8.498.78556281932674217301166109621358650976.dcm,1.2.826.0.1.3680043.8.498.27845969797953115400959653384511165237,True,768,768,0.0,1198.0,163.31248813205295,209.7789799465309,a3b94b5c13b74cbca8b592173a8ea33b249e35cac10b1fc2c2a86975251e2c50
train_series\1.2.826.0.1.3680043.8.498.27845969797953115400959653384511165237\1.2.826.0.1.3680043.8.498.82937661895429170996892352539013323813.dcm,1.2.826.0.1.3680043.8.498.27845969797953115400959653384511165237,True,768,768,0.0,1147.0,224.8449469672309,255.07937697025824,eb2804dcdad0e88e265020f240d7d4c22b62ea912da5e021b995654d96edabf3
train_series\1.2.826.0.1.3680043.8.498.27845969797953115400959653384511165237\1.2.826.0.1.3680043.8.498.84791130557114792362855192198702770117.dcm,1.2.826.0.1.3680043.8.498.27845969797953115400959653384511165237,True,768,768,0.0,1138.0,220.3312700059679,249.69380080544394,bc766e735e221e5b87caa2db687d0fa43997a304fe29f08b5e1d99a2c767ab2f
train_series\1.2.826.0.1.3680043.8.498.27845969797953115400959653384511165237\1.2.826.0.1.3680043.8.498.86232214013516461217397409998118167409.dcm,1.2.826.0.1.3680043.8.498.27845969797953115400959653384511165237,True,768,768,0.0,1212.0,224.07319132486978,253.28238555954619,6f4ffbbba882156f64379f342e3a723758d1b0f092dd45f6991f85a130fe5905
train_series\1.2.826.0.1.3680043.8.498.27845969797953115400959653384511165237\1.2.826.0.1.3680043.8.498.90032734660927745606112301469315366756.dcm,1.2.826.0.1.3680043.8.498.27845969797953115400959653384511165237,True,768,768,0.0,1198.0,145.07903035481772,232.34057665763677,f99f467211f491264f3e45aca8c5827a134076811fe3edf0d42129cfb56eff56
train_series\1.2.826.0.1.3680043.8.498.27845969797953115400959653384511165237\1.2.826.0.1.3680043.8.498.90878910627823977997969460038836472399.dcm,1.2.826.0.1.3680043.8.498.27845969797953115400959653384511165237,True,768,768,0.0,1043.0,191.36012437608508,226.07997751462653,cb29ec463aac0f2a217d69cddd5067da41351b828adc886ba5191114ebe53e2b
train_series\1.2.826.0.1.3680043.8.498.27845969797953115400959653384511165237\1.2.826.0.1.3680043.8.498.94261507904171847742098901321678009336.dcm,1.2.826.0.1.3680043.8.498.27845969797953115400959653384511165237,True,768,768,0.0,1213.0,164.87350802951389,233.65929310397738,74bc4e46ef80fc7822df2ac3ab05164bbbae773741c3fd1871adc3b86e3b33df
train_series\1.2.826.0.1.3680043.8.498.27845969797953115400959653384511165237\1.2.826.0.1.3680043.8.498.95909491483000807273204424308277219835.dcm,1.2.826.0.1.3680043.8.498.27845969797953115400959653384511165237,True,768,768,0.0,1287.0,228.08495585123697,255.19006736007574,7177dcbbe6dfb04aa9902b58f7aa4eee9d3591449533741302490be532df1cf2
train_series\1.2.826.0.1.3680043.8.498.30827030879314217305902637111255984309\1.2.826.0.1.3680043.8.498.10145031428927157301171743486569594162.dcm,1.2.826.0.1.3680043.8.498.30827030879314217305902637111255984309,True,416,416,0.0,978.0,212.94451507026628,216.07201706606187,4994894270fe414ee5b3a5e79072d013fd63eacdaca3b883c6e5f65762b2c2fd
train_series\1.2.826.0.1.3680043.8.498.30827030879314217305902637111255984309\1.2.826.0.1.3680043.8.498.10940859731724072271533358237749794948.dcm,1.2.826.0.1.3680043.8.498.30827030879314217305902637111255984309,True,416,416,0.0,1048.0,166.36910595414201,201.72884449743475,ef322ea228b5af9f7a54eb5553fd3e826f775e315aea4ebd782b80fd6be065b3
train_series\1.2.826.0.1.3680043.8.498.30827030879314217305902637111255984309\1.2.826.0.1.3680043.8.498.11165395300289597091421808784186891744.dcm,1.2.826.0.1.3680043.8.498.30827030879314217305902637111255984309,True,416,416,0.0,1094.0,202.29079604289942,208.61242321871882,32e69091483c2cde81b2f12485087605e26dd750df648e71524e60bcfef6fd2f
train_series\1.2.826.0.1.3680043.8.498.30827030879314217305902637111255984309\1.2.826.0.1.3680043.8.498.11256404653019058167343962846978744067.dcm,1.2.826.0.1.3680043.8.498.30827030879314217305902637111255984309,True,416,416,0.0,1143.0,177.51834088387574,214.51471723103717,4ee3d651351e3e5310cad1a0a74322569fc231c8928fb040a8c30426197e9a66
train_series\1.2.826.0.1.3680043.8.498.30827030879314217305902637111255984309\1.2.826.0.1.3680043.8.498.12667426163228287359127445928536544394.dcm,1.2.826.0.1.3680043.8.498.30827030879314217305902637111255984309,True,416,416,0.0,1123.0,165.26099066198225,197.78535094782634,4ec822c3bf7cdb45abf1c64526b9208a30e2fb247b79d105aebbc20e2ac3cec3
train_series\1.2.826.0.1.3680043.8.498.30827030879314217305902637111255984309\1.2.826.0.1.3680043.8.498.12782887799102672759956175038190125131.dcm,1.2.826.0.1.3680043.8.498.30827030879314217305902637111255984309,True,416,416,0.0,1045.0,210.97020039755918,214.75107420628837,1482a6c4ff230e564bdd1fdff53b631eaeb5928610e51783f09932768bca68f7
train_series\1.2.826.0.1.3680043.8.498.30827030879314217305902637111255984309\1.2.826.0.1.3680043.8.498.12797231904127300602123807451940085465.dcm,1.2.826.0.1.3680043.8.498.30827030879314217305902637111255984309,True,416,416,0.0,1157.0,172.47022928994082,197.23578913264527,3e29484f2866a5a945ea0e13cb9fac4266f28d31c038fcf5c599004c6761eea1
train_series\1.2.826.0.1.3680043.8.498.30827030879314217305902637111255984309\1.2.826.0.1.3680043.8.498.12852689270706391981384912689799519626.dcm,1.2.826.0.1.3680043.8.498.30827030879314217305902637111255984309,True,416,416,0.0,1117.0,164.2871498243343,194.64703382603375,800d1ab7f7639816c260d73c77e9a4831913d51d60462f5eacd2328e81937fa3
train_series\1.2.826.0.1.3680043.8.498.30827030879314217305902637111255984309\1.2.826.0.1.3680043.8.498.12948254333729495857279082588230304591.dcm,1.2.826.0.1.3680043.8.498.30827030879314217305902637111255984309,True,416,416,0.0,757.0,76.74433709319527,147.5211238613411,ccc94460117c6f5bb558fe8905e9074bd8c40c2e7c11c2108f6378f0e0f3a7cf
train_series\1.2.826.0.1.3680043.8.498.30827030879314217305902637111255984309\1.2.826.0.1.3680043.8.498.13845694195574964169879278024001547372.dcm,1.2.826.0.1.3680043.8.498.30827030879314217305902637111255984309,True,416,416,0.0,777.0,100.85658399593196,164.02082327713282,aee2f67e4d254e85114f6e79ec9cecda0f4560117c40c0f52e7dbfbd6d470e8e
train_series\1.2.826.0.1.3680043.8.498.30827030879314217305902637111255984309\1.2.826.0.1.3680043.8.498.14790940973714918838103019621952425298.dcm,1.2.826.0.1.3680043.8.498.30827030879314217305902637111255984309,True,416,416,0.0,724.0,51.05308108357988,121.27204571619737,a5fbae333955274875779d8ca18c80ddc5e01dca734d42ba6f813966cda67b81
train_series\1.2.826.0.1.3680043.8.498.30827030879314217305902637111255984309\1.2.826.0.1.3680043.8.498.20725456029007002728869991818534293633.dcm,1.2.826.0.1.3680043.8.498.30827030879314217305902637111255984309,True,416,416,0.0,963.0,209.4253189718935,214.6427302691531,d05b75a322b18f91ba511838fa28c40c86f5ab34affb945281b7dafea4b1ca5f
train_series\1.2.826.0.1.3680043.8.498.30827030879314217305902637111255984309\1.2.826.0.1.3680043.8.498.22417560977822732596618714602197065619.dcm,1.2.826.0.1.3680043.8.498.30827030879314217305902637111255984309,True,416,416,0.0,700.0,54.3602417714497,123.80610751136676,f41bfab3084e559bb26e8940a95aab89f249873508f3a25dee1420443580a319
train_series\1.2.826.0.1.3680043.8.498.30827030879314217305902637111255984309\1.2.826.0.1.3680043.8.498.33418363740858209456919643468152647841.dcm,1.2.826.0.1.3680043.8.498.30827030879314217305902637111255984309,True,416,416,0.0,820.0,126.58809287167159,175.38455975323075,d16f211dae77468b46c2be90bc5056e5c1f0a15b207737116ac2f6d558641ff7
train_series\1.2.826.0.1.3680043.8.498.30827030879314217305902637111255984309\1.2.826.0.1.3680043.8.498.36913761823885872303316815661721255946.dcm,1.2.826.0.1.3680043.8.498.30827030879314217305902637111255984309,True,416,416,0.0,913.0,195.99861316568047,205.026611900477,8666dcbccd8120493af40dfd10b5723bd5ce244756b2a6345570a5b34c4227e2
train_series\1.2.826.0.1.3680043.8.498.30827030879314217305902637111255984309\1.2.826.0.1.3680043.8.498.36957027012869916571593109859026871409.dcm,1.2.826.0.1.3680043.8.498.30827030879314217305902637111255984309,True,416,416,0.0,906.0,187.1517543454142,206.2037490535154,0d2c832e56bbf21aff1ffffb88c40559199563a328f137555667d9a27b925cee
train_series\1.2.826.0.1.3680043.8.498.30827030879314217305902637111255984309\1.2.826.0.1.3680043.8.498.39045349422419431502053263977088168347.dcm,1.2.826.0.1.3680043.8.498.30827030879314217305902637111255984309,True,416,416,0.0,923.0,192.70271472818047,205.6394591653062,80a2eeb61b63d2782bcae80242f1ffdc8960291cbb0ea096ece407a14bb6607f
train_series\1.2.826.0.1.3680043.8.498.30827030879314217305902637111255984309\1.2.826.0.1.3680043.8.498.39890205789337207872551778158827651381.dcm,1.2.826.0.1.3680043.8.498.30827030879314217305902637111255984309,True,416,416,0.0,804.0,138.53131356323965,182.34182287735686,8973549e87552329f6a314e44358107a22f758d884650890b02843e7bf1ed557
train_series\1.2.826.0.1.3680043.8.498.30827030879314217305902637111255984309\1.2.826.0.1.3680043.8.498.40908130986364851742547339786904326113.dcm,1.2.826.0.1.3680043.8.498.30827030879314217305902637111255984309,True,416,416,0.0,808.0,150.3896715514053,188.49027970075326,7a092eeac06b198237eafb4ff65d704089fb37023bf841179e642e4faeb9e8ce
train_series\1.2.826.0.1.3680043.8.498.30827030879314217305902637111255984309\1.2.826.0.1.3680043.8.498.42956176202728416629655174385258314449.dcm,1.2.826.0.1.3680043.8.498.30827030879314217305902637111255984309,True,416,416,0.0,847.0,160.65540634245562,194.22463555537053,c499e3e3a135e221185029a6b566c654b4d6bfb7df8d4f52074d0bb559967b89
train_series\1.2.826.0.1.3680043.8.498.30827030879314217305902637111255984309\1.2.826.0.1.3680043.8.498.43859380460092208602419231813217058347.dcm,1.2.826.0.1.3680043.8.498.30827030879314217305902637111255984309,True,416,416,0.0,1150.0,168.54842941013314,194.65910399331582,221004baca42a731ee054af8f9d61413c8d61f4315d37f060a6854583f24e2f2
train_series\1.2.826.0.1.3680043.8.498.30827030879314217305902637111255984309\1.2.826.0.1.3680043.8.498.50870962629659854300194537804483315552.dcm,1.2.826.0.1.3680043.8.498.30827030879314217305902637111255984309,True,416,416,0.0,946.0,190.6951622596154,201.83825918063795,5b65f79e3a082aabfa1a07fdc438d8183317f1b1e2a6fcea7024b3305e1c85b2
train_series\1.2.826.0.1.3680043.8.498.30827030879314217305902637111255984309\1.2.826.0.1.3680043.8.498.51219893582588188891892174287035714346.dcm,1.2.826.0.1.3680043.8.498.30827030879314217305902637111255984309,True,416,416,0.0,929.0,185.58129738350593,198.03087012808538,e794502fa33cfe52d1dacf59c64fb2ad662e2cee66af3e19ea8b7b3206b0134b
train_series\1.2.826.0.1.3680043.8.498.30827030879314217305902637111255984309\1.2.826.0.1.3680043.8.498.52390300437093775298801277917630383305.dcm,1.2.826.0.1.3680043.8.498.30827030879314217305902637111255984309,True,416,416,0.0,990.0,206.83002611871302,211.75617172145155,00fa3a8e2416ea2e3858d25d64b75c05d2f5e4755fe78f6abe0083b5b7a53de2
train_series\1.2.826.0.1.3680043.8.498.30827030879314217305902637111255984309\1.2.826.0.1.3680043.8.498.58434678043575146738230023148886366385.dcm,1.2.826.0.1.3680043.8.498.30827030879314217305902637111255984309,True,416,416,0.0,785.0,90.63163369082841,157.22929503390165,8e59c0fe9dcc1d3c83ba28054590ff67f5335ea38e76398b0a10351718cfc882
train_series\1.2.826.0.1.3680043.8.498.30827030879314217305902637111255984309\1.2.826.0.1.3680043.8.498.60478405627361013806988151670982853105.dcm,1.2.826.0.1.3680043.8.498.30827030879314217305902637111255984309,True,416,416,0.0,958.0,200.6816637389053,207.2675507249749,c4b2749debb3f5592e548c401fb03bcbe7b16f3504b2af00e808e8129eaf29a8
train_series\1.2.826.0.1.3680043.8.498.30827030879314217305902637111255984309\1.2.826.0.1.3680043.8.498.60520550980153993712213924016875966522.dcm,1.2.826.0.1.3680043.8.498.30827030879314217305902637111255984309,True,416,416,0.0,734.0,66.84522928994083,140.0195305609236,a370be434ba9c6c6fe99716ab8c4c60afae9b4648d3808bf138abccabcffb17d
train_series\1.2.826.0.1.3680043.8.498.30827030879314217305902637111255984309\1.2.826.0.1.3680043.8.498.60581311342056079379259744413486463701.dcm,1.2.826.0.1.3680043.8.498.30827030879314217305902637111255984309,True,416,416,0.0,875.0,176.77344327847632,202.22910166978548,d3f45f5ff8c3d37b146ffb86a4ca4c0a8eae0a8fb4a2fee21ce46b1ba899b451
train_series\1.2.826.0.1.3680043.8.498.30827030879314217305902637111255984309\1.2.826.0.1.3680043.8.498.61235210526353527844613259475869566829.dcm,1.2.826.0.1.3680043.8.498.30827030879314217305902637111255984309,True,416,416,0.0,925.0,193.84608450443787,201.68994996320288,bb7b69dba8ec6b080d01e91762eb5165f84d230d794dbf1268aef9d2ab7089ad
train_series\1.2.826.0.1.3680043.8.498.30827030879314217305902637111255984309\1.2.826.0.1.3680043.8.498.64004232477243662499299354977142760531.dcm,1.2.826.0.1.3680043.8.498.30827030879314217305902637111255984309,True,416,416,0.0,748.0,57.652863812869825,128.3539002024821,e80dbf4eb46672ca7bb6286959cba20812331147d6f05abd6bb0f357ec7e601b
train_series\1.2.826.0.1.3680043.8.498.30827030879314217305902637111255984309\1.2.826.0.1.3680043.8.498.69484480533810144550457415187482248481.dcm,1.2.826.0.1.3680043.8.498.30827030879314217305902637111255984309,True,416,416,0.0,783.0,107.1018225314349,164.76536134625806,a22e337e7c4f3b0eae5b1d73c7cd11ebf0ee7b0032b3e2d967c674a3bea360d2
train_series\1.2.826.0.1.3680043.8.498.30827030879314217305902637111255984309\1.2.826.0.1.3680043.8.498.70808678184906479467702371581679364499.dcm,1.2.826.0.1.3680043.8.498.30827030879314217305902637111255984309,True,416,416,0.0,947.0,191.5584088387574,207.92106939507784,9a96e07328bdac415cfe32e654f33b5fb14e76f5b03bf4796be36d4641b18bb9
train_series\1.2.826.0.1.3680043.8.498.30827030879314217305902637111255984309\1.2.826.0.1.3680043.8.498.83090350172486010849660680141973882604.dcm,1.2.826.0.1.3680043.8.498.30827030879314217305902637111255984309,True,416,416,0.0,1115.0,180.67137227255918,202.48296107632672,f0d343f39a5ed4bfde78ed7de93f761557080713212933accf48c03569f989c0
train_series\1.2.826.0.1.3680043.8.498.30827030879314217305902637111255984309\1.2.826.0.1.3680043.8.498.83837755976307649717821296292153859794.dcm,1.2.826.0.1.3680043.8.498.30827030879314217305902637111255984309,True,416,416,0.0,826.0,114.19252727440828,166.3936494516819,8e004721e06ca5517fbfdc9dd8e2567d9c43ff626e8a9f198bc430187c2dbe77
train_series\1.2.826.0.1.3680043.8.498.30827030879314217305902637111255984309\1.2.826.0.1.3680043.8.498.84740731766351672958585311950446019703.dcm,1.2.826.0.1.3680043.8.498.30827030879314217305902637111255984309,True,416,416,0.0,714.0,60.02499191013314,133.26565675425798,fddb1d4cf6c1d03fd79ede98b374c7f2fde4bc195930d800a79cfc189fb76eb4
train_series\1.2.826.0.1.3680043.8.498.30827030879314217305902637111255984309\1.2.826.0.1.3680043.8.498.89614329400591614362879833142701412534.dcm,1.2.826.0.1.3680043.8.498.30827030879314217305902637111255984309,True,416,416,0.0,1136.0,168.5966796875,194.63014806001337,d35665a847510c09a4564b6dd479cf3c5d1624f4c2e0779d7d57a19641d36dfa
train_series\1.2.826.0.1.3680043.8.498.30827030879314217305902637111255984309\1.2.826.0.1.3680043.8.498.91032506361082721841677255520862056354.dcm,1.2.826.0.1.3680043.8.498.30827030879314217305902637111255984309,True,416,416,0.0,904.0,182.90679895525147,204.65638203771417,daaf41fc57c2c36709a13a2fc49c595d0645ad735f819c956f4e902c77afd0db
train_series\1.2.826.0.1.3680043.8.498.30827030879314217305902637111255984309\1.2.826.0.1.3680043.8.498.93861600751065142638810642794455933049.dcm,1.2.826.0.1.3680043.8.498.30827030879314217305902637111255984309,True,416,416,0.0,899.0,169.05498798076923,198.23979541065427,bd01dcd8fef1e561d32067259a18501165c370a524dbbce15bbcf528b4bf4849
train_series\1.2.826.0.1.3680043.8.498.33836648034724869721686434744559693623\1.2.826.0.1.3680043.8.498.10097742365642453720394002172621735242.dcm,1.2.826.0.1.3680043.8.498.33836648034724869721686434744559693623,True,416,416,0.0,1078.0,159.56733658468934,195.656335150808,c77c29d26da75d9cb87496ed2814a28e644c899ffc8fe5c01a9bf3a59a264b8e
train_series\1.2.826.0.1.3680043.8.498.33836648034724869721686434744559693623\1.2.826.0.1.3680043.8.498.10358670851964297053054624491569801522.dcm,1.2.826.0.1.3680043.8.498.33836648034724869721686434744559693623,True,416,416,0.0,823.0,121.84124214127219,164.91592455286786,ccad30f50ba34f0dfb35c188298de26f942699320df1a88649b58c3e54e28d50
train_series\1.2.826.0.1.3680043.8.498.33836648034724869721686434744559693623\1.2.826.0.1.3680043.8.498.10572707189235201422062782881153422583.dcm,1.2.826.0.1.3680043.8.498.33836648034724869721686434744559693623,True,416,416,0.0,1096.0,149.22719813239644,190.14451645023502,104f054f950ccb0e97b05ee7cc951e2ad27fc177c14bc7c76b79a2a8e34f44f8
train_series\1.2.826.0.1.3680043.8.498.33836648034724869721686434744559693623\1.2.826.0.1.3680043.8.498.10874252013796459542190491177385009212.dcm,1.2.826.0.1.3680043.8.498.33836648034724869721686434744559693623,True,416,416,0.0,953.0,134.59070474297337,184.6539389424792,03238d29f3964903cf6526d22529f0fe5450e7c495f3d1e731a033c9c2f11fa1
train_series\1.2.826.0.1.3680043.8.498.33836648034724869721686434744559693623\1.2.826.0.1.3680043.8.498.10930276864778752885844707931016873069.dcm,1.2.826.0.1.3680043.8.498.33836648034724869721686434744559693623,True,416,416,0.0,876.0,138.1523033006657,192.16903569150494,cdefca075cdfc93751caf1337054c0aebf1bc91a3a9fd46458fcaca614261ea1
train_series\1.2.826.0.1.3680043.8.498.33836648034724869721686434744559693623\1.2.826.0.1.3680043.8.498.11299097161003377066819151496644228397.dcm,1.2.826.0.1.3680043.8.498.33836648034724869721686434744559693623,True,416,416,0.0,997.0,136.4213376017012,201.08428332971076,a8fdcdb8c865a522f83efd378fe9b669159714fbf123569f63b4f34264fa7ea9
train_series\1.2.826.0.1.3680043.8.498.33836648034724869721686434744559693623\1.2.826.0.1.3680043.8.498.11750212226687682754856596055605850666.dcm,1.2.826.0.1.3680043.8.498.33836648034724869721686434744559693623,True,416,416,0.0,883.0,154.10251017011834,175.76946858068854,6c0af58a73f558be5059e96b624d4135e559c159d81073d867ed6866ccb85d70
train_series\1.2.826.0.1.3680043.8.498.33836648034724869721686434744559693623\1.2.826.0.1.3680043.8.498.12402315377371394690671620303686662084.dcm,1.2.826.0.1.3680043.8.498.33836648034724869721686434744559693623,True,416,416,0.0,908.0,134.8002669656065,185.3112386894244,7911e4e41ae80a585a9f253365a179ee8cfb9cfafcb881ed1cb005e20427491c
train_series\1.2.826.0.1.3680043.8.498.33836648034724869721686434744559693623\1.2.826.0.1.3680043.8.498.12450426973301129668572514315603489062.dcm,1.2.826.0.1.3680043.8.498.33836648034724869721686434744559693623,True,416,416,0.0,1002.0,182.72200328217457,202.599373583332,12058f0ba2a3de1468bd0b2ec834cb5d13e495109c553121105cc5fe866bac22
train_series\1.2.826.0.1.3680043.8.498.33836648034724869721686434744559693623\1.2.826.0.1.3680043.8.498.12504276711946136668428982527609866187.dcm,1.2.826.0.1.3680043.8.498.33836648034724869721686434744559693623,True,416,416,0.0,768.0,106.96515000924556,169.13934106318283,cfd1c423e9f2b919e8643d559160d4adbd524f502dc61239576cf9a715554851
train_series\1.2.826.0.1.3680043.8.498.33836648034724869721686434744559693623\1.2.826.0.1.3680043.8.498.12737093030794562350603585980842805853.dcm,1.2.826.0.1.3680043.8.498.33836648034724869721686434744559693623,True,416,416,0.0,895.0,143.27979960244082,200.91262215814538,022c83042368a8276a126bf1729fe5f7e31047372f1f913469180033fb552e5f
train_series\1.2.826.0.1.3680043.8.498.33836648034724869721686434744559693623\1.2.826.0.1.3680043.8.498.13073807907531423865357053262088603463.dcm,1.2.826.0.1.3680043.8.498.33836648034724869721686434744559693623,True,416,416,0.0,779.0,142.948224852071,173.53845617906651,a8d737f34aee554f207a86fa93dfa057ef8c17992aa30bc93f0f91554d2dc302
train_series\1.2.826.0.1.3680043.8.498.33836648034724869721686434744559693623\1.2.826.0.1.3680043.8.498.13383231258635961620038744490380220595.dcm,1.2.826.0.1.3680043.8.498.33836648034724869721686434744559693623,True,416,416,0.0,812.0,107.30331800110947,151.4547507390996,35ceb5dcee925788970be59481848b35d38411f8c38f28b352694d7e1b4a0ee5
train_series\1.2.826.0.1.3680043.8.498.33836648034724869721686434744559693623\1.2.826.0.1.3680043.8.498.14939808154284874666048887080441870542.dcm,1.2.826.0.1.3680043.8.498.33836648034724869721686434744559693623,True,416,416,0.0,975.0,139.47522767196745,206.75374690339976,c49ebbcfc78362df502fa2ba9fafd7654463c754e6c008f93f7e4ecf73786808
train_series\1.2.826.0.1.3680043.8.498.33836648034724869721686434744559693623\1.2.826.0.1.3680043.8.498.15910895586640103483508390534208689951.dcm,1.2.826.0.1.3680043.8.498.33836648034724869721686434744559693623,True,416,416,0.0,1058.0,140.67964127218934,188.3158947954715,50653c3b0691660aa0e5433e554223d7f3b27accd073fc2c3acbe607d952b00a
train_series\1.2.826.0.1.3680043.8.498.33836648034724869721686434744559693623\1.2.826.0.1.3680043.8.498.17905031502679836863526628257364136990.dcm,1.2.826.0.1.3680043.8.498.33836648034724869721686434744559693623,True,416,416,0.0,997.0,185.59097633136093,197.50891055574516,4c6ba52f2179d7f0dba850d8932034217ee7a96a0c68c21bdf8fba4a8ead8951
train_series\1.2.826.0.1.3680043.8.498.33836648034724869721686434744559693623\1.2.826.0.1.3680043.8.498.18561918041741126325524457461588634416.dcm,1.2.826.0.1.3680043.8.498.33836648034724869721686434744559693623,True,416,416,0.0,1007.0,163.93147882766272,182.88621537413997,e48a8b9f9cf1399282b912f655c8273002ae75caa9f4dac80455219f33a8ea03
train_series\1.2.826.0.1.3680043.8.498.33836648034724869721686434744559693623\1.2.826.0.1.3680043.8.498.19730259751148324438059900004623888243.dcm,1.2.826.0.1.3680043.8.498.33836648034724869721686434744559693623,True,416,416,0.0,976.0,197.9956372503698,208.09651910596511,79f309aedf27b0ca7717fe2f8ad832864e4c76cadab4f09e46af65d68c1c3b8f
train_series\1.2.826.0.1.3680043.8.498.33836648034724869721686434744559693623\1.2.826.0.1.3680043.8.498.27511045014610491508548267866386241038.dcm,1.2.826.0.1.3680043.8.498.33836648034724869721686434744559693623,True,416,416,0.0,790.0,148.89713734282543,175.63934457737324,8e0616b52a76ea28cdda28f60be3d776a1659a874e48790b3b35a0f9d45526ae
train_series\1.2.826.0.1.3680043.8.498.33836648034724869721686434744559693623\1.2.826.0.1.3680043.8.498.40985805861112245876690758203767297815.dcm,1.2.826.0.1.3680043.8.498.33836648034724869721686434744559693623,True,416,416,0.0,825.0,149.05837416789942,173.01872940453734,0741fe7c5914c044457d88fcb077757376b4dd9e620470e6f0dda61af1a0614d
train_series\1.2.826.0.1.3680043.8.498.33836648034724869721686434744559693623\1.2.826.0.1.3680043.8.498.43242674620852633040418579200386866706.dcm,1.2.826.0.1.3680043.8.498.33836648034724869721686434744559693623,True,416,416,0.0,932.0,208.2899292714497,207.8985323636808,31679b2a4b6e2c25912cf75fc69b1ffb5fa726e605487c5b6e918da877a94bdd
train_series\1.2.826.0.1.3680043.8.498.33836648034724869721686434744559693623\1.2.826.0.1.3680043.8.498.46882631510913639315566310538120178012.dcm,1.2.826.0.1.3680043.8.498.33836648034724869721686434744559693623,True,416,416,0.0,780.0,112.13355792344674,158.23622442710194,d0dfbf59662aa4a41ae5b4248cf273733212cebc83670f76d25be38fa1af9a3e
train_series\1.2.826.0.1.3680043.8.498.33836648034724869721686434744559693623\1.2.826.0.1.3680043.8.498.51491311709819476451224524468655720543.dcm,1.2.826.0.1.3680043.8.498.33836648034724869721686434744559693623,True,416,416,0.0,970.0,202.0690007858728,203.07205444847517,5f17ec541e84a67947d4bfbebd1650d4c58e09fa1885f7134d553e8f98758eea
train_series\1.2.826.0.1.3680043.8.498.33836648034724869721686434744559693623\1.2.826.0.1.3680043.8.498.51752384399635817998368622103860559538.dcm,1.2.826.0.1.3680043.8.498.33836648034724869721686434744559693623,True,416,416,0.0,1020.0,150.5531735392012,232.79024789284736,0ee1c92787f67fe60a7961448f4e4364c46d1f015d7309bc3e9a88d8fc07d493
train_series\1.2.826.0.1.3680043.8.498.33836648034724869721686434744559693623\1.2.826.0.1.3680043.8.498.52027385846357670889529528898935075146.dcm,1.2.826.0.1.3680043.8.498.33836648034724869721686434744559693623,True,416,416,0.0,1096.0,148.80076969304733,240.71847646104283,ff0cd5f67017d150ea6d19378cecf065df4eca5865aa43aad9c0bc78a7c9c04d
train_series\1.2.826.0.1.3680043.8.498.33836648034724869721686434744559693623\1.2.826.0.1.3680043.8.498.55181160179753369106950709407924243448.dcm,1.2.826.0.1.3680043.8.498.33836648034724869721686434744559693623,True,416,416,0.0,931.0,202.75183177699705,206.2699760996934,f28f43323b132f7f0276cdea1dca3531ef5855c86991952daad5f18a3deeeac2
train_series\1.2.826.0.1.3680043.8.498.33836648034724869721686434744559693623\1.2.826.0.1.3680043.8.498.55845193152398508714267244096058496592.dcm,1.2.826.0.1.3680043.8.498.33836648034724869721686434744559693623,True,416,416,0.0,994.0,138.60757789386093,187.84580410353712,33d210bd8125e68876086c8c7ce4ee10e3c7b4262df3d2cd059a4e3b6f61a909
train_series\1.2.826.0.1.3680043.8.498.33836648034724869721686434744559693623\1.2.826.0.1.3680043.8.498.61113637637528195177910482264746580271.dcm,1.2.826.0.1.3680043.8.498.33836648034724869721686434744559693623,True,416,416,0.0,1149.0,204.16073987610946,203.39677786793473,a174a3a41fd26654d413ee008cb5fc9a85fdd28348546f1281cf88a51691f1c2
train_series\1.2.826.0.1.3680043.8.498.33836648034724869721686434744559693623\1.2.826.0.1.3680043.8.498.62277067441533639945186967475862635584.dcm,1.2.826.0.1.3680043.8.498.33836648034724869721686434744559693623,True,416,416,0.0,1071.0,146.00657590606508,191.13109913950092,243aec021e1f0799aa205512f632b71651dbc4dcab58158b177581e39313a153
train_series\1.2.826.0.1.3680043.8.498.33836648034724869721686434744559693623\1.2.826.0.1.3680043.8.498.65244328777750440116051776371353510178.dcm,1.2.826.0.1.3680043.8.498.33836648034724869721686434744559693623,True,416,416,0.0,918.0,203.16532798631656,200.49979091993313,2ff1a138401c4762af483f4ccb5d5a11430235133bd40f16abea4cf8f63922bb
train_series\1.2.826.0.1.3680043.8.498.33836648034724869721686434744559693623\1.2.826.0.1.3680043.8.498.73164161979336112647930622936438260777.dcm,1.2.826.0.1.3680043.8.498.33836648034724869721686434744559693623,True,416,416,0.0,789.0,74.84611917529585,146.45501304157403,208ff5b4592c061ca842e85db6efe7495432c8f9d22d2e927efec0c488d7b1b9
train_series\1.2.826.0.1.3680043.8.498.33836648034724869721686434744559693623\1.2.826.0.1.3680043.8.498.73424615976063818233078584383626012176.dcm,1.2.826.0.1.3680043.8.498.33836648034724869721686434744559693623,True,416,416,0.0,958.0,137.7820416512574,190.0672161180699,98de179986cf9db095a3f6c21d4225af4f70dcf37103541cef775349aa780e54
train_series\1.2.826.0.1.3680043.8.498.33836648034724869721686434744559693623\1.2.826.0.1.3680043.8.498.73924547996792188756188529218086309875.dcm,1.2.826.0.1.3680043.8.498.33836648034724869721686434744559693623,True,416,416,0.0,1068.0,205.03940343010356,205.44610978529317,a7a5bb2c1fa11be626f36207fe8e395b01a9aa6c2d3fad0a8b4911192b6c57b3
train_series\1.2.826.0.1.3680043.8.498.33836648034724869721686434744559693623\1.2.826.0.1.3680043.8.498.83401861426670199536615347637365865940.dcm,1.2.826.0.1.3680043.8.498.33836648034724869721686434744559693623,True,416,416,0.0,1087.0,172.1165056397929,199.59026239371937,f54afa21c9d150e958fc9214479db586c5570b5403daf4765268d8f1b1aef7de
train_series\1.2.826.0.1.3680043.8.498.33836648034724869721686434744559693623\1.2.826.0.1.3680043.8.498.83531423046397321537580931176737671968.dcm,1.2.826.0.1.3680043.8.498.33836648034724869721686434744559693623,True,416,416,0.0,815.0,133.76723141642012,171.07053445842817,750828671c649dc15f53e13095b2ef82fe35d46881e92bada309642bef28b528
train_series\1.2.826.0.1.3680043.8.498.33836648034724869721686434744559693623\1.2.826.0.1.3680043.8.498.84314798943464092297481601627109793445.dcm,1.2.826.0.1.3680043.8.498.33836648034724869721686434744559693623,True,416,416,0.0,1014.0,173.9276939256657,189.97803511035855,e1b3654a8cafe8309279c4a2d43eb745634f65a562216c6dbdcd87b060141527
train_series\1.2.826.0.1.3680043.8.498.33836648034724869721686434744559693623\1.2.826.0.1.3680043.8.498.88532203967585551571854073514856217642.dcm,1.2.826.0.1.3680043.8.498.33836648034724869721686434744559693623,True,416,416,0.0,998.0,197.48501063239644,201.70178744179748,9e154befbbc83ce71a01d5226c67851f9a2e9105b19462e511105dbe0a959d3d
train_series\1.2.826.0.1.3680043.8.498.33836648034724869721686434744559693623\1.2.826.0.1.3680043.8.498.89705743753154661352562132721474718058.dcm,1.2.826.0.1.3680043.8.498.33836648034724869721686434744559693623,True,416,416,0.0,894.0,105.9516514885355,148.83786559619242,6124e0d3339b3fd8e236de588055e5e70bb37c79c758ea5c417a324e2d56999e
train_series\1.2.826.0.1.3680043.8.498.40734206102458723096154687147390476697\1.2.826.0.1.3680043.8.498.11833676104474858119165818271785232721.dcm,1.2.826.0.1.3680043.8.498.40734206102458723096154687147390476697,True,560,560,0.0,2912.5800000000004,435.40209501600765,611.1114450288323,4a92001fff9be2f1925fab43a9223626b8db3dac8ed56e56444958fa9e794bb8
train_series\1.2.826.0.1.3680043.8.498.40734206102458723096154687147390476697\1.2.826.0.1.3680043.8.498.12956040595344187843453529957722570952.dcm,1.2.826.0.1.3680043.8.498.40734206102458723096154687147390476697,True,560,560,0.0,2391.22818,227.1334276216837,336.7117222059095,bde4797cd0357ee5ca7b9b4f5aad3981de8ebe155443bbd41005fe14a9da15e1
train_series\1.2.826.0.1.3680043.8.498.40734206102458723096154687147390476697\1.2.826.0.1.3680043.8.498.13331221257457459619511506852842388761.dcm,1.2.826.0.1.3680043.8.498.40734206102458723096154687147390476697,True,560,560,0.0,2449.47978,739.4763943475128,472.3141340489683,a3d7c2af962168ff7f747da4ad7fb0263e8d07cf8cee55d9abaa4b9dff94ffe6
train_series\1.2.826.0.1.3680043.8.498.40734206102458723096154687147390476697\1.2.826.0.1.3680043.8.498.31066553483567909142189031879812297531.dcm,1.2.826.0.1.3680043.8.498.40734206102458723096154687147390476697,True,560,560,0.0,2953.3561200000004,730.5614290555485,455.3904725896837,2b5161d85e0c930bdd3ec2138f54f384330795b89d61db14d799665fb11614f5
train_series\1.2.826.0.1.3680043.8.498.40734206102458723096154687147390476697\1.2.826.0.1.3680043.8.498.32646589118651404301508733643185714344.dcm,1.2.826.0.1.3680043.8.498.40734206102458723096154687147390476697,True,560,560,0.0,2988.30708,486.7377663759566,393.13739029301485,63889835f5519e3edadaaad993ae45be02ad59567eec301e352246962469c4ae
train_series\1.2.826.0.1.3680043.8.498.40734206102458723096154687147390476697\1.2.826.0.1.3680043.8.498.43250951278060755964105018359236868934.dcm,1.2.826.0.1.3680043.8.498.40734206102458723096154687147390476697,True,560,560,0.0,3069.85932,501.71875534687507,358.6049427472898,2241aecc187e76b1492167ab670f7f53d2672b07ad69cf39e4e85dae16c49a02
train_series\1.2.826.0.1.3680043.8.498.40734206102458723096154687147390476697\1.2.826.0.1.3680043.8.498.47647528655734832704233179493989934741.dcm,1.2.826.0.1.3680043.8.498.40734206102458723096154687147390476697,True,560,560,0.0,2764.0384200000003,697.0808297146684,466.5178604114636,f5068da35440e3e2029880d9fc9b50aebf70303101bf21713b728c05636a620a
train_series\1.2.826.0.1.3680043.8.498.40734206102458723096154687147390476697\1.2.826.0.1.3680043.8.498.52749055414271652152426650918722293276.dcm,1.2.826.0.1.3680043.8.498.40734206102458723096154687147390476697,True,560,560,0.0,3023.25804,458.04653148501285,407.54306750483664,5d20633d1f7d66ec90ddaa36442f6b31b7451839ec609bc120cf0d6d93d8247b
train_series\1.2.826.0.1.3680043.8.498.40734206102458723096154687147390476697\1.2.826.0.1.3680043.8.498.63162298405408441101612268437087245185.dcm,1.2.826.0.1.3680043.8.498.40734206102458723096154687147390476697,True,560,560,0.0,2201.91048,640.4276751658164,482.75968214893294,0a7fcc8a98073e2b8aab843329635287314a2fe0e3aa8ce2b8359d3def4251c5
train_series\1.2.826.0.1.3680043.8.498.40734206102458723096154687147390476697\1.2.826.0.1.3680043.8.498.74281164370579621741004318059217344489.dcm,1.2.826.0.1.3680043.8.498.40734206102458723096154687147390476697,True,560,560,0.0,1837.83798,563.027904929847,497.85387166777815,a6063b295a385972a924148bc268dd0feb89805c27c3e511100717ac44a872ca
train_series\1.2.826.0.1.3680043.8.498.40734206102458723096154687147390476697\1.2.826.0.1.3680043.8.498.79254440414905802713884332105993803458.dcm,1.2.826.0.1.3680043.8.498.40734206102458723096154687147390476697,True,560,560,0.0,2865.97872,546.7721328177934,363.5751337473455,9e7caae89f26c602cd59df35c3ea9a4ecd372a373bd96b8ba842bfb3a0e3bcd2
train_series\1.2.826.0.1.3680043.8.498.40734206102458723096154687147390476697\1.2.826.0.1.3680043.8.498.84913836316808807096047230273138119285.dcm,1.2.826.0.1.3680043.8.498.40734206102458723096154687147390476697,True,560,560,0.0,1680.5586600000001,147.9558876531888,274.08774100923,ed55e5cb6c4aef2e16e1d2845fa1b81790995037d90f34502d5cbad28e688fc7
train_series\1.2.826.0.1.3680043.8.498.40734206102458723096154687147390476697\1.2.826.0.1.3680043.8.498.84940587737063172414458197536498603352.dcm,1.2.826.0.1.3680043.8.498.40734206102458723096154687147390476697,True,560,560,0.0,2755.3006800000003,623.3193604245536,404.3837430388438,4596feb4de491cf3992dc63c28543f1f500ba207a987037ee48d3d08d6cb27da
train_series\1.2.826.0.1.3680043.8.498.40734206102458723096154687147390476697\1.2.826.0.1.3680043.8.498.90588142993806851126302159762054520484.dcm,1.2.826.0.1.3680043.8.498.40734206102458723096154687147390476697,True,560,560,0.0,2711.61198,671.8687719394134,407.8259375143794,c3c3e59267314b3e4f7b520eb4d6fb8e2946f5037dede896f5e0de91205c2843
train_series\1.2.826.0.1.3680043.8.498.40734206102458723096154687147390476697\1.2.826.0.1.3680043.8.498.91292040887489625093990241170279410150.dcm,1.2.826.0.1.3680043.8.498.40734206102458723096154687147390476697,True,560,560,0.0,2950.44354,467.0464779855229,511.80174268024774,7c8aac75438923d5774e939f14d6c2c1744cfdb9d157c9f5b4968d4f89ee938e
train_series\1.2.826.0.1.3680043.8.498.40734206102458723096154687147390476697\1.2.826.0.1.3680043.8.498.99435129020823778247825836092850724032.dcm,1.2.826.0.1.3680043.8.498.40734206102458723096154687147390476697,True,560,560,0.0,2927.1429000000003,522.1195764595026,354.6048397357337,f3031d7e8b30dbb4fb91300af24046156ef7d88cbb953fd291979e9ccdd8993b
train_series\1.2.826.0.1.3680043.8.498.70243599053060014636616038265618938578\1.2.826.0.1.3680043.8.498.10297597951882427563131920978184857461.dcm,1.2.826.0.1.3680043.8.498.70243599053060014636616038265618938578,True,320,320,0.0,1199.0,69.311455078125,72.00991276727069,8dc3aaf4b89c380fb3b41cce2fb2bbe223e073201d1a7435f683453aa1fb2d48
train_series\1.2.826.0.1.3680043.8.498.70243599053060014636616038265618938578\1.2.826.0.1.3680043.8.498.10359955740176206802195174597708357573.dcm,1.2.826.0.1.3680043.8.498.70243599053060014636616038265618938578,True,320,320,0.0,1098.0,66.6222265625,106.31535702236256,e9217a74a050a55432310e2ed0519260137ac445c89c7587f3069ac5e16ccc94
train_series\1.2.826.0.1.3680043.8.498.70243599053060014636616038265618938578\1.2.826.0.1.3680043.8.498.11381145642416829254271572435430544493.dcm,1.2.826.0.1.3680043.8.498.70243599053060014636616038265618938578,True,320,320,0.0,1201.0,69.332666015625,81.37784789636503,cc7642deb10f3f7afab8c17652831145c6cc586d77465281f12bf6b767c77c16
train_series\1.2.826.0.1.3680043.8.498.70243599053060014636616038265618938578\1.2.826.0.1.3680043.8.498.11890750913622790984862603836984019454.dcm,1.2.826.0.1.3680043.8.498.70243599053060014636616038265618938578,True,320,320,0.0,1134.0,69.825146484375,93.60731518180056,55c486ecb034e22fe759c7076b3ab0f86d7029c62b2a60723735c559098d5ead
train_series\1.2.826.0.1.3680043.8.498.70243599053060014636616038265618938578\1.2.826.0.1.3680043.8.498.12018247952335400070861192336194100749.dcm,1.2.826.0.1.3680043.8.498.70243599053060014636616038265618938578,True,320,320,0.0,1031.0,78.47173828125,92.20787085368039,c2bdf396a45cfe21b452a39b9d9a09ba1ae559cb6a07e33de48729e09ca9838a
train_series\1.2.826.0.1.3680043.8.498.70243599053060014636616038265618938578\1.2.826.0.1.3680043.8.498.12201300967514594510371899925488577714.dcm,1.2.826.0.1.3680043.8.498.70243599053060014636616038265618938578,True,320,320,0.0,516.0,45.05939453125,57.65214778448984,1af9067ef2417779c6f37c5af7b5e7afc7bc3e264fe4012713f189d78f9be524
train_series\1.2.826.0.1.3680043.8.498.70243599053060014636616038265618938578\1.2.826.0.1.3680043.8.498.12243075934366997405138567942491233933.dcm,1.2.826.0.1.3680043.8.498.70243599053060014636616038265618938578,True,320,320,0.0,535.0,50.481240234375,56.57580575218256,71cbf5121628e7e948e0ebb84e65296f3b8b7d052ae9092981bd3c355638a177
train_series\1.2.826.0.1.3680043.8.498.70243599053060014636616038265618938578\1.2.826.0.1.3680043.8.498.12244064126074883933662844339974550799.dcm,1.2.826.0.1.3680043.8.498.70243599053060014636616038265618938578,True,320,320,0.0,1191.0,64.49455078125,82.75570664325672,ecc209e3ab4ef3ab6b9fc4c1dafc5f3713bb73b52d7bd142d00cef55cfea41a9
train_series\1.2.826.0.1.3680043.8.498.70243599053060014636616038265618938578\1.2.826.0.1.3680043.8.498.12767527913484707421713653062874061546.dcm,1.2.826.0.1.3680043.8.498.70243599053060014636616038265618938578,True,320,320,0.0,515.0,38.000859375,60.543484818343366,13b6c28c4f611c330af6b3ea07e0e91befd8782c30ed79a031ecf7ac062fa9be
train_series\1.2.826.0.1.3680043.8.498.70243599053060014636616038265618938578\1.2.826.0.1.3680043.8.498.12801056466063264637135428275900980647.dcm,1.2.826.0.1.3680043.8.498.70243599053060014636616038265618938578,True,320,320,0.0,825.0,60.305791015625,62.62029468397516,0a6d96b573aca95e5da9f5652517fd48cd1cf6eaca34e452cbb7d8faafe67962
train_series\1.2.826.0.1.3680043.8.498.70243599053060014636616038265618938578\1.2.826.0.1.3680043.8.498.13909235022505671052982414771166740379.dcm,1.2.826.0.1.3680043.8.498.70243599053060014636616038265618938578,True,320,320,0.0,1151.0,75.29873046875,98.11419406239492,773ec3d9034c1aa904f8a706c3e69e5d3ca47bfb751e70756ad40e405f9ac5eb
train_series\1.2.826.0.1.3680043.8.498.70243599053060014636616038265618938578\1.2.826.0.1.3680043.8.498.16452657278488656076794445496150561464.dcm,1.2.826.0.1.3680043.8.498.70243599053060014636616038265618938578,True,320,320,0.0,1144.0,58.77244140625,74.16779312746814,5021a023410bbd9d8629c37a0afab6a881fccdc1805cc914c8bf722a9545f31a
train_series\1.2.826.0.1.3680043.8.498.70243599053060014636616038265618938578\1.2.826.0.1.3680043.8.498.17957189944413645954417600766280311267.dcm,1.2.826.0.1.3680043.8.498.70243599053060014636616038265618938578,True,320,320,0.0,1194.0,78.7265625,96.81893103993063,66fde7cdbaf1d0ea8f8394338700c3ce4d1ffc4710518c48712c96bc2f298400
train_series\1.2.826.0.1.3680043.8.498.70243599053060014636616038265618938578\1.2.826.0.1.3680043.8.498.20851576883433851493995358902655628729.dcm,1.2.826.0.1.3680043.8.498.70243599053060014636616038265618938578,True,320,320,0.0,1176.0,68.672412109375,79.7774481360227,4e68f1d5d51d9de0f093310878bf61e7cae2599c404da7b8643a223a5e90f106
train_series\1.2.826.0.1.3680043.8.498.70243599053060014636616038265618938578\1.2.826.0.1.3680043.8.498.31082572072275649760930466563824983647.dcm,1.2.826.0.1.3680043.8.498.70243599053060014636616038265618938578,True,320,320,0.0,1036.0,69.743837890625,74.80859479754378,75843339398ade4e12219a9e1032324df3bced35508f3662271f8055b54223af
train_series\1.2.826.0.1.3680043.8.498.70243599053060014636616038265618938578\1.2.826.0.1.3680043.8.498.31473836804618825411471802153043444553.dcm,1.2.826.0.1.3680043.8.498.70243599053060014636616038265618938578,True,320,320,0.0,1128.0,80.673017578125,94.68430773535766,f175834d500ce128941a4082e3ccf628fbd63a7b4b31ec3ef133d198feafb3ff
train_series\1.2.826.0.1.3680043.8.498.70243599053060014636616038265618938578\1.2.826.0.1.3680043.8.498.31883528058321182889068547307201630489.dcm,1.2.826.0.1.3680043.8.498.70243599053060014636616038265618938578,True,320,320,0.0,598.0,42.7225,57.72859185853012,18084ce4d7d53edbfef278ffb15a9dbd47b29ade96ff40da4b8f22e88d16024e
train_series\1.2.826.0.1.3680043.8.498.70243599053060014636616038265618938578\1.2.826.0.1.3680043.8.498.45815537217315096517337708341213837199.dcm,1.2.826.0.1.3680043.8.498.70243599053060014636616038265618938578,True,320,320,0.0,540.0,33.33873046875,55.89083273260957,9d6f0dccabe6f063d3e097724bf182623ae2e4c029031a5f6e4965a0564e9029
train_series\1.2.826.0.1.3680043.8.498.70243599053060014636616038265618938578\1.2.826.0.1.3680043.8.498.46838505592675938480404587876102347716.dcm,1.2.826.0.1.3680043.8.498.70243599053060014636616038265618938578,True,320,320,0.0,967.0,58.500205078125,89.36224144050128,f62ff0aa5689d0d788ea4855ba74147d4eda2d312ad6c26ab30bcde83fd69cd2
train_series\1.2.826.0.1.3680043.8.498.70243599053060014636616038265618938578\1.2.826.0.1.3680043.8.498.51579136273880946633572586131522393720.dcm,1.2.826.0.1.3680043.8.498.70243599053060014636616038265618938578,True,320,320,0.0,971.0,61.8423046875,70.00180184177165,86c8e1938522fea51cc093f86efc0763331f9f6ae872eafb60522dfd1bee27e7
train_series\1.2.826.0.1.3680043.8.498.70243599053060014636616038265618938578\1.2.826.0.1.3680043.8.498.56948487422351217411867283069317484370.dcm,1.2.826.0.1.3680043.8.498.70243599053060014636616038265618938578,True,320,320,0.0,1134.0,68.18318359375,74.84333871508527,fd2deec466115d32913e661951670062f9d0a6a155fb919900b23efb7f192c45
train_series\1.2.826.0.1.3680043.8.498.70243599053060014636616038265618938578\1.2.826.0.1.3680043.8.498.61833763389482983935704155707819965628.dcm,1.2.826.0.1.3680043.8.498.70243599053060014636616038265618938578,True,320,320,0.0,512.0,39.992353515625,54.7032310421711,97802eaa8a13668bc735474867fad6fdbf2a0a76435375dc54544a5d8ea25baf
train_series\1.2.826.0.1.3680043.8.498.70243599053060014636616038265618938578\1.2.826.0.1.3680043.8.498.66119487378347427658413207176413695263.dcm,1.2.826.0.1.3680043.8.498.70243599053060014636616038265618938578,True,320,320,0.0,1180.0,63.9244921875,80.77874344355853,893340bcb6736256035e3c74f99ea51971d762e7e94bfefb0830ad07c60b5102
train_series\1.2.826.0.1.3680043.8.498.70243599053060014636616038265618938578\1.2.826.0.1.3680043.8.498.66392773637568400208457310331620001349.dcm,1.2.826.0.1.3680043.8.498.70243599053060014636616038265618938578,True,320,320,0.0,977.0,55.11322265625,64.00339631006985,0787c0b11c7d73343cfbb15c2efcc1f7d652fcf9971f2843ba724827ab4969a9
train_series\1.2.826.0.1.3680043.8.498.70243599053060014636616038265618938578\1.2.826.0.1.3680043.8.498.68765468544019550938726822954593105282.dcm,1.2.826.0.1.3680043.8.498.70243599053060014636616038265618938578,True,320,320,0.0,1058.0,62.5883203125,108.8384008174098,d46bf0dd011f421b56fbd5b7acef48e5f95f31aed2d4560129d8a57e9cc86330
train_series\1.2.826.0.1.3680043.8.498.70243599053060014636616038265618938578\1.2.826.0.1.3680043.8.498.71723805935991035054497371430350307708.dcm,1.2.826.0.1.3680043.8.498.70243599053060014636616038265618938578,True,320,320,0.0,899.0,52.804833984375,59.35607993019308,b09ee2877b76ac2bf93cf258eeeb03c3737716cf06792d1cde12829d35d8aeb9
train_series\1.2.826.0.1.3680043.8.498.70243599053060014636616038265618938578\1.2.826.0.1.3680043.8.498.74448353750619338090511488202613893803.dcm,1.2.826.0.1.3680043.8.498.70243599053060014636616038265618938578,True,320,320,0.0,638.0,28.42232421875,60.507696934753746,02ff61d73bb41b27dace269a259d0a5672cf30ca47c828030f29e793de9e0147
train_series\1.2.826.0.1.3680043.8.498.70243599053060014636616038265618938578\1.2.826.0.1.3680043.8.498.74705322735555292855687110804266817052.dcm,1.2.826.0.1.3680043.8.498.70243599053060014636616038265618938578,True,320,320,0.0,1114.0,60.26623046875,69.62242954361949,8b9c35d58be001fd87e62e39f04385096e04914086f2966785d1069d64702d42
train_series\1.2.826.0.1.3680043.8.498.70243599053060014636616038265618938578\1.2.826.0.1.3680043.8.498.75006422796076352789048935087257865055.dcm,1.2.826.0.1.3680043.8.498.70243599053060014636616038265618938578,True,320,320,0.0,978.0,61.088720703125,73.99979208245259,a60890e3d411b5ad49dbe0401c9134aa5a6f96849b2696d0671262d3bc1ae56b
train_series\1.2.826.0.1.3680043.8.498.70243599053060014636616038265618938578\1.2.826.0.1.3680043.8.498.75960470824843774820369326564288185538.dcm,1.2.826.0.1.3680043.8.498.70243599053060014636616038265618938578,True,320,320,0.0,734.0,51.96767578125,59.69494480786151,8e31d9d4e163374862df5134ba2a48f03c77d9264b7b88fd4a1e313e701ddc9e
train_series\1.2.826.0.1.3680043.8.498.70243599053060014636616038265618938578\1.2.826.0.1.3680043.8.498.86935632090829379635019507936652911882.dcm,1.2.826.0.1.3680043.8.498.70243599053060014636616038265618938578,True,320,320,0.0,1175.0,58.964072265625,75.08615889780239,d8f94df416567300b91e835d68316627aa154dacf892715abd47511486b3cbec
train_series\1.2.826.0.1.3680043.8.498.70243599053060014636616038265618938578\1.2.826.0.1.3680043.8.498.90236314453082281202947371546670581254.dcm,1.2.826.0.1.3680043.8.498.70243599053060014636616038265618938578,True,320,320,0.0,525.0,40.4112109375,54.53182867975941,16e34150ec8a34c493b86c93dccabfa84b8b82eae43b691584eab1c92ec63230
train_series\1.2.826.0.1.3680043.8.498.70243599053060014636616038265618938578\1.2.826.0.1.3680043.8.498.90519482950824823961408120912268467172.dcm,1.2.826.0.1.3680043.8.498.70243599053060014636616038265618938578,True,320,320,0.0,1184.0,66.037578125,80.65109808949146,af22484eb954c665a22739b4bbd710c5930b541452beae85a078bcc112b05c72
train_series\1.2.826.0.1.3680043.8.498.70243599053060014636616038265618938578\1.2.826.0.1.3680043.8.498.96250874216163256221078261222662563291.dcm,1.2.826.0.1.3680043.8.498.70243599053060014636616038265618938578,True,320,320,0.0,493.0,46.35525390625,52.81932339180751,e33913635055f8123af53003c15a14ed900e59c51b39813b621fafd9549ae470
train_series\1.2.826.0.1.3680043.8.498.70243599053060014636616038265618938578\1.2.826.0.1.3680043.8.498.96295914345332136573415061202569324477.dcm,1.2.826.0.1.3680043.8.498.70243599053060014636616038265618938578,True,320,320,0.0,951.0,81.877529296875,98.12749196153568,9dc2b0fa7088ff354f4529d5523da51a335d56fe70e44f87324889225b5ce92b
train_series\1.2.826.0.1.3680043.8.498.72137122913943091996840828871969421711\1.2.826.0.1.3680043.8.498.10333513105084714987868206205213014744.dcm,1.2.826.0.1.3680043.8.498.72137122913943091996840828871969421711,True,768,768,0.0,499.0,60.93848334418403,53.87556509430586,b1dea2ae6d606925ad99bd760fef38a557a80898a2c1799082b90bb1a2cbe52e
train_series\1.2.826.0.1.3680043.8.498.72137122913943091996840828871969421711\1.2.826.0.1.3680043.8.498.11951155922616942022220794057089197366.dcm,1.2.826.0.1.3680043.8.498.72137122913943091996840828871969421711,True,768,768,0.0,409.0,43.1042972140842,61.02178578480326,00bb63dae6d3aa15acedb089f5f8dda54d992f5b30370d330c4d001648973a65
train_series\1.2.826.0.1.3680043.8.498.72137122913943091996840828871969421711\1.2.826.0.1.3680043.8.498.12025321390307066447498642892115084971.dcm,1.2.826.0.1.3680043.8.498.72137122913943091996840828871969421711,True,768,768,0.0,569.0,44.32208930121528,52.241017727244014,5db68f42e0d48107d11856c66da31ab721e3c3b55573079005799b19ddec22ed
train_series\1.2.826.0.1.3680043.8.498.72137122913943091996840828871969421711\1.2.826.0.1.3680043.8.498.12125449969913891551647230184481475734.dcm,1.2.826.0.1.3680043.8.498.72137122913943091996840828871969421711,True,768,768,0.0,332.0,45.46199035644531,52.468972084321955,b5fd7b0ec78239419c012bb796478c58be0bee8358f5b45775de1a906c0df55e
train_series\1.2.826.0.1.3680043.8.498.72137122913943091996840828871969421711\1.2.826.0.1.3680043.8.498.12996812131557785802801935655242427937.dcm,1.2.826.0.1.3680043.8.498.72137122913943091996840828871969421711,True,768,768,0.0,607.0,57.87049357096354,53.17398064862945,fcae7a2ec9640dceea0b50b286ef967841c197a9bf2c7dd65ec6db5e73c6500c
train_series\1.2.826.0.1.3680043.8.498.72137122913943091996840828871969421711\1.2.826.0.1.3680043.8.498.13040840310264308369539274063464280127.dcm,1.2.826.0.1.3680043.8.498.72137122913943091996840828871969421711,True,768,768,0.0,608.0,51.041666666666664,52.44146681987502,f7b4cf4cce1fd48dbd2ca13d7d2eca3eed57161fd4776e0554c7e7287442cc8d
train_series\1.2.826.0.1.3680043.8.498.72137122913943091996840828871969421711\1.2.826.0.1.3680043.8.498.13176999663899138207588023973729837591.dcm,1.2.826.0.1.3680043.8.498.72137122913943091996840828871969421711,True,768,768,0.0,433.0,53.25286187065972,56.944145263088494,1b6df11399286ce6d3fa00aa84de2cb3c6eaff80e2735900b5f4884c2928cc3f
train_series\1.2.826.0.1.3680043.8.498.72137122913943091996840828871969421711\1.2.826.0.1.3680043.8.498.15142581884800011977565201807381047059.dcm,1.2.826.0.1.3680043.8.498.72137122913943091996840828871969421711,True,768,768,0.0,516.0,62.43938530815972,57.86065504697502,6911ae1aa8c7e10de42f7f4d4771a0d24b977b6cba46f591c21cca4c94c57f26
train_series\1.2.826.0.1.3680043.8.498.72137122913943091996840828871969421711\1.2.826.0.1.3680043.8.498.16829038315303710525714929576517283110.dcm,1.2.826.0.1.3680043.8.498.72137122913943091996840828871969421711,True,768,768,0.0,639.0,56.65903557671441,53.38885091192501,cd2a311b103ff45ce5d5e5063875736f0808216e9bd7ec85d9d4c7c0cc5b7180
train_series\1.2.826.0.1.3680043.8.498.72137122913943091996840828871969421711\1.2.826.0.1.3680043.8.498.18610138429194704351925231753345901027.dcm,1.2.826.0.1.3680043.8.498.72137122913943091996840828871969421711,True,768,768,0.0,438.0,61.12983873155382,52.85083113873057,20ab748c475fafbf63a41a21bb0985010538d7e0be407ccd4655a4507487a907
train_series\1.2.826.0.1.3680043.8.498.72137122913943091996840828871969421711\1.2.826.0.1.3680043.8.498.19466800028850659915512105358830284733.dcm,1.2.826.0.1.3680043.8.498.72137122913943091996840828871969421711,True,768,768,0.0,494.0,60.134060329861114,53.3491544078966,f15dc02d3795999f31e763db271a5e56eaedfbc3f8f8a07267d1e002015966e3
train_series\1.2.826.0.1.3680043.8.498.72137122913943091996840828871969421711\1.2.826.0.1.3680043.8.498.20792912672758799664408791202352579701.dcm,1.2.826.0.1.3680043.8.498.72137122913943091996840828871969421711,True,768,768,0.0,630.0,53.92315165201823,52.318755266801396,1b29d80540f760963b85b079096a0fb009b99cddb11405229f0c0f57c638a975
train_series\1.2.826.0.1.3680043.8.498.72137122913943091996840828871969421711\1.2.826.0.1.3680043.8.498.20980112388566722161779847589549375722.dcm,1.2.826.0.1.3680043.8.498.72137122913943091996840828871969421711,True,768,768,0.0,567.0,58.60174560546875,54.63438793112916,f0c5a581f46fa33530237f7dea2c151e713a2bf4cc46db2620a74276c6b5e735
train_series\1.2.826.0.1.3680043.8.498.72137122913943091996840828871969421711\1.2.826.0.1.3680043.8.498.31949001479190568104780651263958254614.dcm,1.2.826.0.1.3680043.8.498.72137122913943091996840828871969421711,True,768,768,0.0,581.0,58.716583251953125,53.593220375238666,b9d18b3a05f5f58a118447cfb3cf2d0b4998afceff54b34e1c075a4b912729de
train_series\1.2.826.0.1.3680043.8.498.72137122913943091996840828871969421711\1.2.826.0.1.3680043.8.498.32570172350364813117840868117689567092.dcm,1.2.826.0.1.3680043.8.498.72137122913943091996840828871969421711,True,768,768,0.0,573.0,56.32731458875868,60.3636568037756,715f4f209bac9268fef7e53ea7b360e99ec0a14a9afe31d2c976882188390dae
train_series\1.2.826.0.1.3680043.8.498.72137122913943091996840828871969421711\1.2.826.0.1.3680043.8.498.41382777517944665768969229370930441695.dcm,1.2.826.0.1.3680043.8.498.72137122913943091996840828871969421711,True,768,768,0.0,609.0,65.60457526312933,59.96618614623702,0fa2728bba8c746483a373b14d35cc59bf2f879a31695ae5b678caa05e53a269
train_series\1.2.826.0.1.3680043.8.498.72137122913943091996840828871969421711\1.2.826.0.1.3680043.8.498.41472009174183684377057435135043243448.dcm,1.2.826.0.1.3680043.8.498.72137122913943091996840828871969421711,True,768,768,0.0,586.0,53.78142293294271,63.717304970817324,859cc2caf0a093cb595cc2f5c451cb88aa9e1c9e1996ef76f39c681dd2202d64
train_series\1.2.826.0.1.3680043.8.498.72137122913943091996840828871969421711\1.2.826.0.1.3680043.8.498.43802721305964455215392083395245833072.dcm,1.2.826.0.1.3680043.8.498.72137122913943091996840828871969421711,True,768,768,0.0,460.0,43.709004720052086,49.56684372600939,9678c5167fe53f0982a5bfd20da1fc810f96c06f6918f053d56b09c811849131
train_series\1.2.826.0.1.3680043.8.498.72137122913943091996840828871969421711\1.2.826.0.1.3680043.8.498.45463684255051014929203090955918628892.dcm,1.2.826.0.1.3680043.8.498.72137122913943091996840828871969421711,True,768,768,0.0,546.0,61.415320502387154,56.40230740212046,5dbb285c70522b568aeccfc2c5d5a3a6fc30257ab6ef559f3835aa2569300b2f
train_series\1.2.826.0.1.3680043.8.498.72137122913943091996840828871969421711\1.2.826.0.1.3680043.8.498.63595067228038222728579550583647432036.dcm,1.2.826.0.1.3680043.8.498.72137122913943091996840828871969421711,True,768,768,0.0,657.0,53.17230563693576,56.29841504540501,04c26697e882d377a4ee8fe71bb2e3e8bfdb71ff81a659e7cba9343dd009d24b
train_series\1.2.826.0.1.3680043.8.498.72137122913943091996840828871969421711\1.2.826.0.1.3680043.8.498.65157926480550570338152951398401614148.dcm,1.2.826.0.1.3680043.8.498.72137122913943091996840828871969421711,True,768,768,0.0,379.0,43.09785291883681,56.581400165611164,4c8cc4af01e7b35cefae05a38687a89c5b5263d2a167204fef0e8da291866e81
train_series\1.2.826.0.1.3680043.8.498.72137122913943091996840828871969421711\1.2.826.0.1.3680043.8.498.65482866641884722881733507754497442915.dcm,1.2.826.0.1.3680043.8.498.72137122913943091996840828871969421711,True,768,768,0.0,345.0,44.03956434461806,53.00744302699251,7c791bcd38080479c6aa7581fe581e738a33990c3a9e114f45ca998a11b3c3db
train_series\1.2.826.0.1.3680043.8.498.72137122913943091996840828871969421711\1.2.826.0.1.3680043.8.498.68112694656638098450996979560805107988.dcm,1.2.826.0.1.3680043.8.498.72137122913943091996840828871969421711,True,768,768,0.0,663.0,52.996375189887154,53.635343271912674,2609f00a497eeeafab29f5a92bdb36b49a9d8b184164bbfcfe22527355f02bc2
train_series\1.2.826.0.1.3680043.8.498.72137122913943091996840828871969421711\1.2.826.0.1.3680043.8.498.71831831490807109220105671553179911947.dcm,1.2.826.0.1.3680043.8.498.72137122913943091996840828871969421711,True,768,768,0.0,558.0,54.91061231825087,53.26026215408037,ede828d78bc9c67ef5c798b150f28193ca1b373991502e28437b4941bfc93be7
train_series\1.2.826.0.1.3680043.8.498.72137122913943091996840828871969421711\1.2.826.0.1.3680043.8.498.77612968508229480183152582578081880303.dcm,1.2.826.0.1.3680043.8.498.72137122913943091996840828871969421711,True,768,768,0.0,625.0,55.251466539171005,52.89006905095276,31f2ee8b5ee40fdefe611c450c9280bba9b529c11811efd46cac4907a2d23cb4
train_series\1.2.826.0.1.3680043.8.498.72137122913943091996840828871969421711\1.2.826.0.1.3680043.8.498.79690736355409018253934162120045687401.dcm,1.2.826.0.1.3680043.8.498.72137122913943091996840828871969421711,True,768,768,0.0,414.0,61.511633978949654,53.14577594554317,c656f5eac6ccaa38d535085a3acc386a841f6e67dfef8c9eb655ed1e3254a1f1
train_series\1.2.826.0.1.3680043.8.498.72137122913943091996840828871969421711\1.2.826.0.1.3680043.8.498.80566653367438479719083805720311085548.dcm,1.2.826.0.1.3680043.8.498.72137122913943091996840828871969421711,True,768,768,0.0,344.0,43.68906826443143,54.04151968129849,f48eb8bf79e4ad16b560e54fea021a22b0946274fa676ba3c097e48904667441
train_series\1.2.826.0.1.3680043.8.498.72137122913943091996840828871969421711\1.2.826.0.1.3680043.8.498.80742685070011893984580261087968785728.dcm,1.2.826.0.1.3680043.8.498.72137122913943091996840828871969421711,True,768,768,0.0,564.0,63.0870615641276,56.8151698512275,ae97a552cea6ef6ebfde037e3e2b9b9abc15315a8489a25dc8d6d79520523e41
train_series\1.2.826.0.1.3680043.8.498.72137122913943091996840828871969421711\1.2.826.0.1.3680043.8.498.84945444023586569274223608250999169421.dcm,1.2.826.0.1.3680043.8.498.72137122913943091996840828871969421711,True,768,768,0.0,417.0,41.460874769422745,63.533847216569725,ff38f1262ca4e103835918e10cafcdba2b0fe99554b6110e589d6cb2737dbf15
train_series\1.2.826.0.1.3680043.8.498.72137122913943091996840828871969421711\1.2.826.0.1.3680043.8.498.87321860455381025050651785678844106017.dcm,1.2.826.0.1.3680043.8.498.72137122913943091996840828871969421711,True,768,768,0.0,614.0,67.24528164333768,60.82846349959661,4f3bb55aad72542d9e4b234566e4f5c1ed94a6e5d01444e31b7cfc0e3684c4c0
train_series\1.2.826.0.1.3680043.8.498.72137122913943091996840828871969421711\1.2.826.0.1.3680043.8.498.90295687085032922902632717001098431072.dcm,1.2.826.0.1.3680043.8.498.72137122913943091996840828871969421711,True,768,768,0.0,612.0,47.20940483940972,62.76113137653692,cb7a80ece4488db93022f63fc764f567d6a1210ad3aa05c2bb1179018a617c09
train_series\1.2.826.0.1.3680043.8.498.72137122913943091996840828871969421711\1.2.826.0.1.3680043.8.498.92008441816172194379992256723102754866.dcm,1.2.826.0.1.3680043.8.498.72137122913943091996840828871969421711,True,768,768,0.0,482.0,53.35269673665365,53.091222600606244,e87c0055d7577e565f68313555256de56830bd65fc35b9bc058ce56b53098c36
train_series\1.2.826.0.1.3680043.8.498.72137122913943091996840828871969421711\1.2.826.0.1.3680043.8.498.93287340479252268371779538843214151442.dcm,1.2.826.0.1.3680043.8.498.72137122913943091996840828871969421711,True,768,768,0.0,683.0,54.35648091634115,60.00590439413115,522f6f10ad0f9081ce83ba19c89d3cbe42671bab4d0784d52decaf9f1462987a
train_series\1.2.826.0.1.3680043.8.498.72137122913943091996840828871969421711\1.2.826.0.1.3680043.8.498.94532037395750390478293235839015873255.dcm,1.2.826.0.1.3680043.8.498.72137122913943091996840828871969421711,True,768,768,0.0,325.0,48.0481686062283,50.96003630853462,0fadea74adc3fe2d3ad872dceee773c29743804e77ab47f2153d4e356c6342bc
train_series\1.2.826.0.1.3680043.8.498.74504704425600751221038968098633701528\1.2.826.0.1.3680043.8.498.10288511080606944747934942388986882421.dcm,1.2.826.0.1.3680043.8.498.74504704425600751221038968098633701528,True,256,256,0.0,839.0,78.58537292480469,125.07374377101416,faa35682b066f8191f3b9c16f1529aa4e82d5f276ddd2ea985605ab01b6e7f10
train_series\1.2.826.0.1.3680043.8.498.74504704425600751221038968098633701528\1.2.826.0.1.3680043.8.498.10297522888699187751528640129045706401.dcm,1.2.826.0.1.3680043.8.498.74504704425600751221038968098633701528,True,256,256,0.0,814.0,61.7896728515625,105.22414146506942,fd40720f2236313d65e68048b78c372d08e6ac1fa0fd9722116a2fdce1901179
train_series\1.2.826.0.1.3680043.8.498.74504704425600751221038968098633701528\1.2.826.0.1.3680043.8.498.10415214637395752554361158609421183033.dcm,1.2.826.0.1.3680043.8.498.74504704425600751221038968098633701528,True,256,256,0.0,784.0,93.76823425292969,142.29703127511735,c22d343fb27ebdd6806366f96f16b6cc09eb7187fec6fe2c5523b49c52a3fb35
train_series\1.2.826.0.1.3680043.8.498.74504704425600751221038968098633701528\1.2.826.0.1.3680043.8.498.10498683520794159921557495598087343667.dcm,1.2.826.0.1.3680043.8.498.74504704425600751221038968098633701528,True,256,256,0.0,815.0,89.35275268554688,137.31084418225967,3e51a6864d5384f646463d8d69ee20302ec4bf4518b638e58ec2a9b598e50896
train_series\1.2.826.0.1.3680043.8.498.74504704425600751221038968098633701528\1.2.826.0.1.3680043.8.498.10666021155994747123220567540510938997.dcm,1.2.826.0.1.3680043.8.498.74504704425600751221038968098633701528,True,256,256,0.0,783.0,94.31227111816406,142.67083642245922,91bccad8bbc78cf92bb2d3555acbead5331d5caa421bfcde87b93f5b2ddc9cad
train_series\1.2.826.0.1.3680043.8.498.74504704425600751221038968098633701528\1.2.826.0.1.3680043.8.498.10706044611349564608091390044225540125.dcm,1.2.826.0.1.3680043.8.498.74504704425600751221038968098633701528,True,256,256,0.0,874.0,89.56219482421875,133.74650648992264,4d8536a7d4ec24062ab1056945586ca2452959642e6a325f77d5bfde6fd3b77c
train_series\1.2.826.0.1.3680043.8.498.74504704425600751221038968098633701528\1.2.826.0.1.3680043.8.498.10725556514197128142748957035102901553.dcm,1.2.826.0.1.3680043.8.498.74504704425600751221038968098633701528,True,256,256,0.0,834.0,78.46604919433594,125.1306306231433,d3c8b72affd7ead428372468f2fb273fe6a82d7a1833dc445cd6d482602f1836
train_series\1.2.826.0.1.3680043.8.498.74504704425600751221038968098633701528\1.2.826.0.1.3680043.8.498.10783675145172996396154692710346164608.dcm,1.2.826.0.1.3680043.8.498.74504704425600751221038968098633701528,True,256,256,0.0,632.0,57.459259033203125,96.67413945741554,317e6d766ea837e6b9c4fa7c88d321b351661cb8cb2244d6cf2858ae10e358f4
train_series\1.2.826.0.1.3680043.8.498.74504704425600751221038968098633701528\1.2.826.0.1.3680043.8.498.10803667530501225725945122131032063514.dcm,1.2.826.0.1.3680043.8.498.74504704425600751221038968098633701528,True,256,256,0.0,864.0,89.54916381835938,133.77296080081004,21502e1057b93df65549956b42b993350f3b73c2115ed2e90cde0863de6fd155
train_series\1.2.826.0.1.3680043.8.498.74504704425600751221038968098633701528\1.2.826.0.1.3680043.8.498.10874803843205559263675470638139071116.dcm,1.2.826.0.1.3680043.8.498.74504704425600751221038968098633701528,True,256,256,0.0,659.0,58.58258056640625,99.73405807750079,9a48ff577952152dcbeb5f95184a1d215ff643d98b9f3e1cf21213d746877552
train_series\1.2.826.0.1.3680043.8.498.74504704425600751221038968098633701528\1.2.826.0.1.3680043.8.498.10901753156168320989876653418946826587.dcm,1.2.826.0.1.3680043.8.498.74504704425600751221038968098633701528,True,256,256,0.0,858.0,79.41326904296875,127.37267375592491,10fda972e5b8e957e62d41a24c2a5422e644619779b1e7a9c332c1d8a810e1e1
train_series\1.2.826.0.1.3680043.8.498.74504704425600751221038968098633701528\1.2.826.0.1.3680043.8.498.10946700802233397985439435952848050511.dcm,1.2.826.0.1.3680043.8.498.74504704425600751221038968098633701528,True,256,256,0.0,871.0,83.23271179199219,127.27771688980687,e2c6e787862c08fd60c6a926a822358880f466aa83ab52efabc80c28ed744e99
train_series\1.2.826.0.1.3680043.8.498.74504704425600751221038968098633701528\1.2.826.0.1.3680043.8.498.10954973402825668033442635299083402862.dcm,1.2.826.0.1.3680043.8.498.74504704425600751221038968098633701528,True,256,256,0.0,883.0,75.8231201171875,121.13620611632616,ab524b9b7bfe41c51846c5ed339a09cd664598ce86f553163f73b846e21571c0
train_series\1.2.826.0.1.3680043.8.498.74504704425600751221038968098633701528\1.2.826.0.1.3680043.8.498.11013865473976977091957841772025259738.dcm,1.2.826.0.1.3680043.8.498.74504704425600751221038968098633701528,True,256,256,0.0,888.0,85.17738342285156,127.47328551929307,106d9489366264bd4822d1ea92007976804ee9f377bc6b564949777f2d695091
train_series\1.2.826.0.1.3680043.8.498.74504704425600751221038968098633701528\1.2.826.0.1.3680043.8.498.11102229698660997777374840723623537338.dcm,1.2.826.0.1.3680043.8.498.74504704425600751221038968098633701528,True,256,256,0.0,830.0,78.88941955566406,125.546713087627,47a87a6677b4f8cbb334653c441ca910c9005749e7874f4adffd12fc98f3a474
train_series\1.2.826.0.1.3680043.8.498.74504704425600751221038968098633701528\1.2.826.0.1.3680043.8.498.11111650126896330487277638805237479332.dcm,1.2.826.0.1.3680043.8.498.74504704425600751221038968098633701528,True,256,256,0.0,682.0,62.09675598144531,105.84308147427721,6d501c3914bb6f00d84ad529e589febce500a606dea088a93ac8c2524cf2c539
train_series\1.2.826.0.1.3680043.8.498.74504704425600751221038968098633701528\1.2.826.0.1.3680043.8.498.11202757584601538098006364692304430219.dcm,1.2.826.0.1.3680043.8.498.74504704425600751221038968098633701528,True,256,256,0.0,655.0,61.2418212890625,104.36107454823659,77a3166265180b0985c45d27cbcfb1d754d32879a0fae5748f45dcbb27c9d232
train_series\1.2.826.0.1.3680043.8.498.74504704425600751221038968098633701528\1.2.826.0.1.3680043.8.498.11273814927190933505635309459080127164.dcm,1.2.826.0.1.3680043.8.498.74504704425600751221038968098633701528,True,256,256,0.0,781.0,97.83009338378906,147.2027830881769,156d3dce6dfe6d702e2e723d57cc6039e2bce1142fdc88129e7318d3f67fcc53
train_series\1.2.826.0.1.3680043.8.498.74504704425600751221038968098633701528\1.2.826.0.1.3680043.8.498.11318367143539853745052519417460069759.dcm,1.2.826.0.1.3680043.8.498.74504704425600751221038968098633701528,True,256,256,0.0,844.0,81.81681823730469,126.97056406082183,c052b37e85d639f71280562b42ee505525393817065a22de4bf6928f1f19c917
train_series\1.2.826.0.1.3680043.8.498.74504704425600751221038968098633701528\1.2.826.0.1.3680043.8.498.11393600654334609533756102997158496922.dcm,1.2.826.0.1.3680043.8.498.74504704425600751221038968098633701528,True,256,256,0.0,792.0,92.02474975585938,140.0098936593703,a5feedc3ffdf838cdae4f384db79737c255703cf6019e02dd7096a0e351c3b7b
train_series\1.2.826.0.1.3680043.8.498.74504704425600751221038968098633701528\1.2.826.0.1.3680043.8.498.11555821166681034289960586683557103341.dcm,1.2.826.0.1.3680043.8.498.74504704425600751221038968098633701528,True,256,256,0.0,778.0,97.0859375,145.98268589143757,231f1174aa7a2dc90d4d6eb0e4284755b01ec97c3df8f2dad1ad45d8147ce2fa
train_series\1.2.826.0.1.3680043.8.498.74504704425600751221038968098633701528\1.2.826.0.1.3680043.8.498.11663976490357014631347029198812182838.dcm,1.2.826.0.1.3680043.8.498.74504704425600751221038968098633701528,True,256,256,0.0,796.0,102.31559753417969,150.84229564400837,62c7c32705c9879eaaecc8538467c4b9ca51e4bacb19c3697977e59277cba96d
train_series\1.2.826.0.1.3680043.8.498.74504704425600751221038968098633701528\1.2.826.0.1.3680043.8.498.11798492172105176661617963356875515994.dcm,1.2.826.0.1.3680043.8.498.74504704425600751221038968098633701528,True,256,256,0.0,648.0,59.73475646972656,102.18397836174474,74cc180d698726b13a87bd9397bfa131b1941d95815e30b41ea5753eb257dd40
train_series\1.2.826.0.1.3680043.8.498.74504704425600751221038968098633701528\1.2.826.0.1.3680043.8.498.11902315599466560417307676428166438338.dcm,1.2.826.0.1.3680043.8.498.74504704425600751221038968098633701528,True,256,256,0.0,814.0,93.28492736816406,141.87161794259538,386ee291af20ba0013c3205189321c7b07ffba5730f3a316e997169b5f91ad71
train_series\1.2.826.0.1.3680043.8.498.74504704425600751221038968098633701528\1.2.826.0.1.3680043.8.498.11922589147506183054823833068618130734.dcm,1.2.826.0.1.3680043.8.498.74504704425600751221038968098633701528,True,256,256,0.0,819.0,73.44720458984375,118.76760710134819,be37a724e3b62a2df8b517618e6fb2f35a3d41e1944fa89891debf2ce54e53a6
train_series\1.2.826.0.1.3680043.8.498.74504704425600751221038968098633701528\1.2.826.0.1.3680043.8.498.12033648531215626318751040806654192940.dcm,1.2.826.0.1.3680043.8.498.74504704425600751221038968098633701528,True,256,256,0.0,797.0,61.98353576660156,106.23963926069447,9adae33e00cc75fa9d6c4db32c3a0c294f4339deedff84ca04425807cfa565aa
train_series\1.2.826.0.1.3680043.8.498.74504704425600751221038968098633701528\1.2.826.0.1.3680043.8.498.12040230988625687240682880463579912355.dcm,1.2.826.0.1.3680043.8.498.74504704425600751221038968098633701528,True,256,256,0.0,798.0,102.17782592773438,148.1449056838873,db33ec043c67b378485deb0a34be99b31ce0fea2028722c1df8491c7105020ae
train_series\1.2.826.0.1.3680043.8.498.74504704425600751221038968098633701528\1.2.826.0.1.3680043.8.498.12082261336821347594458307744439204650.dcm,1.2.826.0.1.3680043.8.498.74504704425600751221038968098633701528,True,256,256,0.0,869.0,80.64186096191406,126.53636588288896,36f90468e0cf3d5f256af3ee07bc67a56341df6da25bce0d400f810e70c32fc8
train_series\1.2.826.0.1.3680043.8.498.74504704425600751221038968098633701528\1.2.826.0.1.3680043.8.498.12200950938647856295780539349157009776.dcm,1.2.826.0.1.3680043.8.498.74504704425600751221038968098633701528,True,256,256,0.0,725.0,62.61761474609375,106.65155288456643,0de9dbe99033eb09a4c7a3e4630ac53e06d98e8dce16c50edd0d1f2c08f92ca7
train_series\1.2.826.0.1.3680043.8.498.74504704425600751221038968098633701528\1.2.826.0.1.3680043.8.498.12229825465541790383315233647936723751.dcm,1.2.826.0.1.3680043.8.498.74504704425600751221038968098633701528,True,256,256,0.0,826.0,81.24906921386719,129.36642244474677,c6d8d2358cb4e0f2e197d144e2f6a1164e913af34260e6135f99610fec9719c7
train_series\1.2.826.0.1.3680043.8.498.74504704425600751221038968098633701528\1.2.826.0.1.3680043.8.498.12311838489087504258672535754759086381.dcm,1.2.826.0.1.3680043.8.498.74504704425600751221038968098633701528,True,256,256,0.0,860.0,81.3446044921875,126.90364092403028,b57b1c84c0b347f39819e3077fac6aa7be5d8de6f5393a84ec8a883bdf0787f5
train_series\1.2.826.0.1.3680043.8.498.74504704425600751221038968098633701528\1.2.826.0.1.3680043.8.498.12312415788426288816909667897443431906.dcm,1.2.826.0.1.3680043.8.498.74504704425600751221038968098633701528,True,256,256,0.0,632.0,60.75523376464844,103.6233640906418,7d48bea0db5849aaaa785ec5182b88b93b2fe98d7f2862e0e87920e206ab0668
train_series\1.2.826.0.1.3680043.8.498.74504704425600751221038968098633701528\1.2.826.0.1.3680043.8.498.12314405205174275444507327774806459649.dcm,1.2.826.0.1.3680043.8.498.74504704425600751221038968098633701528,True,256,256,0.0,643.0,54.67095947265625,88.81327834044558,10598195523f1c0c43c9ef81bef47372e5e84fecbeb96462f912f4acfd9f8919
train_series\1.2.826.0.1.3680043.8.498.74504704425600751221038968098633701528\1.2.826.0.1.3680043.8.498.12321386679209017341164857352982234294.dcm,1.2.826.0.1.3680043.8.498.74504704425600751221038968098633701528,True,256,256,0.0,804.0,79.48509216308594,125.88444460487982,63fe9b62615f8993411a39ad71f5f2134944c2ec368e68f0887592e21f643fed
train_series\1.2.826.0.1.3680043.8.498.74504704425600751221038968098633701528\1.2.826.0.1.3680043.8.498.12388902089123461779888653738935335777.dcm,1.2.826.0.1.3680043.8.498.74504704425600751221038968098633701528,True,256,256,0.0,787.0,78.93290710449219,125.22828763232229,5faf5fb8fdcb3cb233bd7f4385a68c70208492394451e41e0b6f044f6bb9b083
train_series\1.2.826.0.1.3680043.8.498.74504704425600751221038968098633701528\1.2.826.0.1.3680043.8.498.12405661532802478862657582347183036179.dcm,1.2.826.0.1.3680043.8.498.74504704425600751221038968098633701528,True,256,256,0.0,821.0,61.42756652832031,104.92170209509018,252a627bb894cec81cc1f49cec9984c650d15b9492f24227dbcd3f10816d0e80
train_series\1.2.826.0.1.3680043.8.498.74504704425600751221038968098633701528\1.2.826.0.1.3680043.8.498.12421028984920602860402630825241982130.dcm,1.2.826.0.1.3680043.8.498.74504704425600751221038968098633701528,True,256,256,0.0,836.0,80.38764953613281,126.35519315924759,979d874e2eed24063943b77c153c33a49781d1d0fa06a64b6530e5f7e5015930
train_series\1.2.826.0.1.3680043.8.498.74504704425600751221038968098633701528\1.2.826.0.1.3680043.8.498.12462050938377514676463053731684821352.dcm,1.2.826.0.1.3680043.8.498.74504704425600751221038968098633701528,True,256,256,0.0,791.0,98.13819885253906,147.4683422878516,ab59b7e0025a07ed93a2e0def57018362bd914b7ac91dabbe49d203527787836
train_series\1.2.826.0.1.3680043.8.498.74504704425600751221038968098633701528\1.2.826.0.1.3680043.8.498.12540987003183035367965768912938797342.dcm,1.2.826.0.1.3680043.8.498.74504704425600751221038968098633701528,True,256,256,0.0,754.0,92.03294372558594,139.95244607505654,bce1c8a2185f5ceaf7d111e6628d3e34b7ee57639e5ad55353bdb8e88daf41ba
train_series\1.2.826.0.1.3680043.8.498.74504704425600751221038968098633701528\1.2.826.0.1.3680043.8.498.12617808617517694067929156982249534395.dcm,1.2.826.0.1.3680043.8.498.74504704425600751221038968098633701528,True,256,256,0.0,835.0,80.33639526367188,126.40991910753465,f45238a8578a192d3c4daf34f1623bf8c283cc40faa9fc77ab056f555ac39b79
train_series\1.2.826.0.1.3680043.8.498.74504704425600751221038968098633701528\1.2.826.0.1.3680043.8.498.12849230845938560144495323730502135718.dcm,1.2.826.0.1.3680043.8.498.74504704425600751221038968098633701528,True,256,256,0.0,761.0,62.46336364746094,107.21733837517228,0a7f1a8e2b2d7e3965c44f2fe6cb1743dd5597c55403502d7eb9360e9ebb8693
train_series\1.2.826.0.1.3680043.8.498.74504704425600751221038968098633701528\1.2.826.0.1.3680043.8.498.12975180626797967726433778659731805777.dcm,1.2.826.0.1.3680043.8.498.74504704425600751221038968098633701528,True,256,256,0.0,582.0,55.90242004394531,92.69406398760343,a77d053f63f67d00c87efa73e85e3fed6b8b68d0a85aa97d2c762e21900008e7
train_series\1.2.826.0.1.3680043.8.498.74504704425600751221038968098633701528\1.2.826.0.1.3680043.8.498.13061855308668045077533992314452192196.dcm,1.2.826.0.1.3680043.8.498.74504704425600751221038968098633701528,True,256,256,0.0,855.0,83.49755859375,129.08654139219968,26d2047c4fbda16356111f713c79cb26ecf9fdcc0abd704eb07346a6858f4e9e
train_series\1.2.826.0.1.3680043.8.498.74504704425600751221038968098633701528\1.2.826.0.1.3680043.8.498.13109116444290835281004247717233211730.dcm,1.2.826.0.1.3680043.8.498.74504704425600751221038968098633701528,True,256,256,0.0,806.0,78.97962951660156,126.71718603365734,7f3916ef48afe506394b551aab935406760c8716f141418aea7c000041c2bb81
train_series\1.2.826.0.1.3680043.8.498.74504704425600751221038968098633701528\1.2.826.0.1.3680043.8.498.13191529678338721485022553145295130529.dcm,1.2.826.0.1.3680043.8.498.74504704425600751221038968098633701528,True,256,256,0.0,797.0,85.907470703125,133.70791065847746,821750854090395e8eb45851261d251e944b76c04621ebf127c28911b9cefb26
train_series\1.2.826.0.1.3680043.8.498.74504704425600751221038968098633701528\1.2.826.0.1.3680043.8.498.13211747383372720318483037271343107860.dcm,1.2.826.0.1.3680043.8.498.74504704425600751221038968098633701528,True,256,256,0.0,879.0,61.15008544921875,104.28974224787146,3a1c656456d31bfd06d3205988dbd7a053a1ec6294f7b123456d215824b18ed9
train_series\1.2.826.0.1.3680043.8.498.74504704425600751221038968098633701528\1.2.826.0.1.3680043.8.498.14443547417527772076093744074590133147.dcm,1.2.826.0.1.3680043.8.498.74504704425600751221038968098633701528,True,256,256,0.0,743.0,62.78074645996094,106.9737642545978,6dfae1a3a25429ec9b7c33d2a1b9cf6f57563400ed6dab78f7695ac3691b3d21
train_series\1.2.826.0.1.3680043.8.498.74504704425600751221038968098633701528\1.2.826.0.1.3680043.8.498.15153612961200932775219897261938530594.dcm,1.2.826.0.1.3680043.8.498.74504704425600751221038968098633701528,True,256,256,0.0,691.0,100.9874267578125,145.16309132868824,2c3c384c626dcc0efaab5bcf641cb2b6efdb3703dd521b291c3916842ef1a9da
train_series\1.2.826.0.1.3680043.8.498.74504704425600751221038968098633701528\1.2.826.0.1.3680043.8.498.15351005860842352475119478654655485893.dcm,1.2.826.0.1.3680043.8.498.74504704425600751221038968098633701528,True,256,256,0.0,887.0,89.7744140625,133.76589049660618,b2f0aa7eba835663fc65e64e0e2f7731105e7e6082d12c7e14d7303bc500bc3e
train_series\1.2.826.0.1.3680043.8.498.74504704425600751221038968098633701528\1.2.826.0.1.3680043.8.498.15924415330832908911540218644487558747.dcm,1.2.826.0.1.3680043.8.498.74504704425600751221038968098633701528,True,256,256,0.0,674.0,61.94227600097656,105.53450414338678,d8b60e04fa598f7ce536668946cd18d8e5c7fdaf1d975ecc9647b97b88f6621f
train_series\1.2.826.0.1.3680043.8.498.74504704425600751221038968098633701528\1.2.826.0.1.3680043.8.498.16363688371863661749070876570313513291.dcm,1.2.826.0.1.3680043.8.498.74504704425600751221038968098633701528,True,256,256,0.0,893.0,77.3905029296875,122.64093320026326,d4d2055bae8fbbff35d5df0dd2a23e3b33647839db4cd3c9e491750c89066249
train_series\1.2.826.0.1.3680043.8.498.74504704425600751221038968098633701528\1.2.826.0.1.3680043.8.498.17290107942654789041251272035384424077.dcm,1.2.826.0.1.3680043.8.498.74504704425600751221038968098633701528,True,256,256,0.0,768.0,95.11872863769531,143.8469997530669,5b4a1746093cee9cbae6e51e5addb05ca9650750777a3cd7e17a2677c0a52a0d
train_series\1.2.826.0.1.3680043.8.498.74504704425600751221038968098633701528\1.2.826.0.1.3680043.8.498.17470089195592980906008566868435354590.dcm,1.2.826.0.1.3680043.8.498.74504704425600751221038968098633701528,True,256,256,0.0,800.0,102.69981384277344,150.86042577140697,d7ca517bf6019f15ac8c4eeb6627fa367b9475f05bb79bf8ad56288ea08d76a6
train_series\1.2.826.0.1.3680043.8.498.74504704425600751221038968098633701528\1.2.826.0.1.3680043.8.498.17595389462878971544289998009587669102.dcm,1.2.826.0.1.3680043.8.498.74504704425600751221038968098633701528,True,256,256,0.0,842.0,61.28517150878906,105.19107975651005,c9879a063b380d9b27e932f7ca984ef7c4491b90128f3cf1833c52ecd779fa26
train_series\1.2.826.0.1.3680043.8.498.74504704425600751221038968098633701528\1.2.826.0.1.3680043.8.498.19744282701609854954353149544417492006.dcm,1.2.826.0.1.3680043.8.498.74504704425600751221038968098633701528,True,256,256,0.0,838.0,60.59071350097656,103.84084324647439,2e066286b03111d96267e9b84ffe25f6c04783710a04d3e4bfef5eeb5ca263cd
train_series\1.2.826.0.1.3680043.8.498.74504704425600751221038968098633701528\1.2.826.0.1.3680043.8.498.20316213547567970596764898515640273404.dcm,1.2.826.0.1.3680043.8.498.74504704425600751221038968098633701528,True,256,256,0.0,624.0,55.22978210449219,90.6876506495555,90229ae99eb6a558515e95b59be0abf31488916acad49ae2f6966cf9de1784ec
train_series\1.2.826.0.1.3680043.8.498.74504704425600751221038968098633701528\1.2.826.0.1.3680043.8.498.20847427170592882387573981863455841019.dcm,1.2.826.0.1.3680043.8.498.74504704425600751221038968098633701528,True,256,256,0.0,866.0,62.55216979980469,105.97301597683276,b1d828d8caf0d869e5fedf306c9f99374837dd3d820447c5bde10c252962ff5e
train_series\1.2.826.0.1.3680043.8.498.74504704425600751221038968098633701528\1.2.826.0.1.3680043.8.498.22184088893823655748571326693932421376.dcm,1.2.826.0.1.3680043.8.498.74504704425600751221038968098633701528,True,256,256,0.0,840.0,80.67166137695312,126.74873082412289,623b9323c1c2c4531c36066dd6b458d3cf19b28c0795d0d840ab2e06ee83bfa0
train_series\1.2.826.0.1.3680043.8.498.74504704425600751221038968098633701528\1.2.826.0.1.3680043.8.498.22584150272592643631307251025746095464.dcm,1.2.826.0.1.3680043.8.498.74504704425600751221038968098633701528,True,256,256,0.0,841.0,60.56666564941406,103.8283150759066,45af8e3062450539b96a610b650e074d4c56d4509cfc9c857b5ed45109c90b63
train_series\1.2.826.0.1.3680043.8.498.74504704425600751221038968098633701528\1.2.826.0.1.3680043.8.498.22686447090391365309931284796440070534.dcm,1.2.826.0.1.3680043.8.498.74504704425600751221038968098633701528,True,256,256,0.0,844.0,80.18597412109375,126.43272301708508,f5ddd083177b492939ceaeb47d634c9a851d076f5b5c835d6bbde835953f3b07
train_series\1.2.826.0.1.3680043.8.498.74504704425600751221038968098633701528\1.2.826.0.1.3680043.8.498.23850718755087556707829479824822575446.dcm,1.2.826.0.1.3680043.8.498.74504704425600751221038968098633701528,True,256,256,0.0,806.0,101.80088806152344,150.5672912614813,5bf4bf711f85e77967fdd5392aac095ce8e2f7c26536795ffdd9b1ef9f2725fc
train_series\1.2.826.0.1.3680043.8.498.74504704425600751221038968098633701528\1.2.826.0.1.3680043.8.498.24300403409380559825835047241058170289.dcm,1.2.826.0.1.3680043.8.498.74504704425600751221038968098633701528,True,256,256,0.0,897.0,82.34117126464844,127.59856137219235,e9d4b031490a8987d019d333510a809cef817d206dd455d64dc9b7450dbe923e
train_series\1.2.826.0.1.3680043.8.498.74504704425600751221038968098633701528\1.2.826.0.1.3680043.8.498.24337907859121139503629315681024614293.dcm,1.2.826.0.1.3680043.8.498.74504704425600751221038968098633701528,True,256,256,0.0,797.0,79.64448547363281,125.95638100622071,c08dc24feeef6b9082fde1b961af8118f8599c05d94b819251106c7addda7608
train_series\1.2.826.0.1.3680043.8.498.74504704425600751221038968098633701528\1.2.826.0.1.3680043.8.498.24750921468558886698393049840085525188.dcm,1.2.826.0.1.3680043.8.498.74504704425600751221038968098633701528,True,256,256,0.0,779.0,94.75726318359375,143.73396981690252,b25b71927564cb97a12735cb3b4549dc06ffe97ba6bf39eda9b72c0e46b8881e
train_series\1.2.826.0.1.3680043.8.498.74504704425600751221038968098633701528\1.2.826.0.1.3680043.8.498.26242571407887822698267747952390073425.dcm,1.2.826.0.1.3680043.8.498.74504704425600751221038968098633701528,True,256,256,0.0,800.0,102.45663452148438,149.84905270955468,ce5f85516e18e1ef85db1e490189ab3d9791f50ca1a6369672c8cfcb3ecdf575
train_series\1.2.826.0.1.3680043.8.498.74504704425600751221038968098633701528\1.2.826.0.1.3680043.8.498.26741067567995816609583693096450984422.dcm,1.2.826.0.1.3680043.8.498.74504704425600751221038968098633701528,True,256,256,0.0,688.0,59.037628173828125,101.03373677605434,6ef0c97d087f1a8e37f78aa481064aef291b53b0f51744bc75c675de42111992
train_series\1.2.826.0.1.3680043.8.498.74504704425600751221038968098633701528\1.2.826.0.1.3680043.8.498.26890731681689402944056218903793733200.dcm,1.2.826.0.1.3680043.8.498.74504704425600751221038968098633701528,True,256,256,0.0,824.0,60.082183837890625,103.14838552892158,adc8f0966c4ace8181c52d780176e1769d3cc5b0a9cb9311bc3b526d62c56ae8
train_series\1.2.826.0.1.3680043.8.498.74504704425600751221038968098633701528\1.2.826.0.1.3680043.8.498.27697145323203990997744585095373161498.dcm,1.2.826.0.1.3680043.8.498.74504704425600751221038968098633701528,True,256,256,0.0,846.0,79.77426147460938,127.8036334137219,8455e920924c9f0cf4fdbd2e01c87222380ffdbe4891e76998f899cb5d984763
train_series\1.2.826.0.1.3680043.8.498.74504704425600751221038968098633701528\1.2.826.0.1.3680043.8.498.28488126343558935676346286815992522983.dcm,1.2.826.0.1.3680043.8.498.74504704425600751221038968098633701528,True,256,256,0.0,804.0,60.45159912109375,103.45853957158205,03804777f9b5eadfd854fe5fe6509e3872c237b63fd458915e9027893ea43355
train_series\1.2.826.0.1.3680043.8.498.74504704425600751221038968098633701528\1.2.826.0.1.3680043.8.498.28602665707152328307068128053852372270.dcm,1.2.826.0.1.3680043.8.498.74504704425600751221038968098633701528,True,256,256,0.0,765.0,99.54522705078125,148.69165597410137,9d073df3a81079b40ba541a0571a8bd684c1da4c6fbcf8214be923d0cddbc9b5
train_series\1.2.826.0.1.3680043.8.498.74504704425600751221038968098633701528\1.2.826.0.1.3680043.8.498.29468204396077658835655151476796283681.dcm,1.2.826.0.1.3680043.8.498.74504704425600751221038968098633701528,True,256,256,0.0,827.0,81.98802185058594,127.29202347625404,eb54bf668e7ea08f8ef94de7426479e8714f4bf7669dd0330e2ebdb5acabf819
train_series\1.2.826.0.1.3680043.8.498.74504704425600751221038968098633701528\1.2.826.0.1.3680043.8.498.29823529359707005794106584609100742488.dcm,1.2.826.0.1.3680043.8.498.74504704425600751221038968098633701528,True,256,256,0.0,688.0,99.42068481445312,141.5726550083492,ed23cea9cdfae553fa14ae3128fa36fc4c1817633e4a3f5432dfbef71f824b80
train_series\1.2.826.0.1.3680043.8.498.74504704425600751221038968098633701528\1.2.826.0.1.3680043.8.498.30083842184446714491877201696898192321.dcm,1.2.826.0.1.3680043.8.498.74504704425600751221038968098633701528,True,256,256,0.0,812.0,79.44953918457031,125.72207659964266,d7065a35afdcea8101e731857ff9efd8fa503f2ab2c6b4027b99bbed2a207185
train_series\1.2.826.0.1.3680043.8.498.74504704425600751221038968098633701528\1.2.826.0.1.3680043.8.498.30129592328251992728995015501290533670.dcm,1.2.826.0.1.3680043.8.498.74504704425600751221038968098633701528,True,256,256,0.0,677.0,62.07208251953125,106.13623012490129,f5c3c66224f29712f21dba0d5f6057f72bddb90944752c8f3ef6512d1adeef8e
train_series\1.2.826.0.1.3680043.8.498.74504704425600751221038968098633701528\1.2.826.0.1.3680043.8.498.30694312066276320547516058391033694880.dcm,1.2.826.0.1.3680043.8.498.74504704425600751221038968098633701528,True,256,256,0.0,882.0,86.97390747070312,130.02872709411957,4ab8817a5e5ca7307437042c250c059ceac2791a7acd1b74aafd96bb34ab05f9
train_series\1.2.826.0.1.3680043.8.498.74504704425600751221038968098633701528\1.2.826.0.1.3680043.8.498.31558104767282876287931096730011581758.dcm,1.2.826.0.1.3680043.8.498.74504704425600751221038968098633701528,True,256,256,0.0,854.0,60.73966979980469,104.40449441658704,693b92705dad8764dc3e4e399ac31ede15404a647e977568d1aaaede267cc2dd
train_series\1.2.826.0.1.3680043.8.498.74504704425600751221038968098633701528\1.2.826.0.1.3680043.8.498.31739151197695363306925983327136586645.dcm,1.2.826.0.1.3680043.8.498.74504704425600751221038968098633701528,True,256,256,0.0,857.0,86.48892211914062,129.730665465398,d48ab3665ac39868b73c019e3e0c2e5932c3683080c9fcb71f9b840e79c3b0e9
train_series\1.2.826.0.1.3680043.8.498.74504704425600751221038968098633701528\1.2.826.0.1.3680043.8.498.32251563800133880912794961093651042016.dcm,1.2.826.0.1.3680043.8.498.74504704425600751221038968098633701528,True,256,256,0.0,805.0,102.70744323730469,150.7997129750841,383ce21cbba90a8da91518faa8be89d482188e4a7c2b4331b240e5039b37c258
train_series\1.2.826.0.1.3680043.8.498.74504704425600751221038968098633701528\1.2.826.0.1.3680043.8.498.33089860879665790641614253196146555414.dcm,1.2.826.0.1.3680043.8.498.74504704425600751221038968098633701528,True,256,256,0.0,812.0,86.92127990722656,134.98062632722144,a8cbe591b826a1b338a560f47a777caa2f89a8a20ed18f8a176c254988e60d95
train_series\1.2.826.0.1.3680043.8.498.74504704425600751221038968098633701528\1.2.826.0.1.3680043.8.498.35443666278373749373634162747349122456.dcm,1.2.826.0.1.3680043.8.498.74504704425600751221038968098633701528,True,256,256,0.0,758.0,62.457489013671875,107.19503788383865,0cdab4e1daf01f055861f12abef2bcae464e3a26e4fed06652b324723ed13de9
train_series\1.2.826.0.1.3680043.8.498.74504704425600751221038968098633701528\1.2.826.0.1.3680043.8.498.35701156316122982403510982926532115035.dcm,1.2.826.0.1.3680043.8.498.74504704425600751221038968098633701528,True,256,256,0.0,858.0,80.32400512695312,126.64508120793336,4c737f3daba55cebbe324fb745c085a35712d4986956523e44047bb38976bbf3
train_series\1.2.826.0.1.3680043.8.498.74504704425600751221038968098633701528\1.2.826.0.1.3680043.8.498.36450359138143663475112032521406645502.dcm,1.2.826.0.1.3680043.8.498.74504704425600751221038968098633701528,True,256,256,0.0,849.0,63.450042724609375,107.30573454905583,ffa511d809ae9fa85059e93e5ead72b104e03cd67f1ff24b8a0db9ce96bc9d6b
train_series\1.2.826.0.1.3680043.8.498.74504704425600751221038968098633701528\1.2.826.0.1.3680043.8.498.38845095913267974743387596728921303802.dcm,1.2.826.0.1.3680043.8.498.74504704425600751221038968098633701528,True,256,256,0.0,811.0,101.48570251464844,150.2941082642015,62b28d28fe24f05139218ef3fdafc4c7389f6cb1781c24cb9ce702c8bf158fbc
train_series\1.2.826.0.1.3680043.8.498.74504704425600751221038968098633701528\1.2.826.0.1.3680043.8.498.39446227511980447816997291546981708314.dcm,1.2.826.0.1.3680043.8.498.74504704425600751221038968098633701528,True,256,256,0.0,885.0,79.87838745117188,124.34872958047698,c85f1fda12ed3e62af51f676cf30d8161e758bef06acd7fbfda20085ca2391bd
train_series\1.2.826.0.1.3680043.8.498.74504704425600751221038968098633701528\1.2.826.0.1.3680043.8.498.39962394771366758372041075945614647253.dcm,1.2.826.0.1.3680043.8.498.74504704425600751221038968098633701528,True,256,256,0.0,830.0,91.512451171875,139.2225195152823,8ad347638910e5d3ef79c9c78565fe96ae425d07e9ff7a82cd8801653fd5b58f
train_series\1.2.826.0.1.3680043.8.498.74504704425600751221038968098633701528\1.2.826.0.1.3680043.8.498.40597799987937903022592436067402972995.dcm,1.2.826.0.1.3680043.8.498.74504704425600751221038968098633701528,True,256,256,0.0,780.0,93.11578369140625,141.09028350841336,6ce4cde89425c5ba4a4b8f1a2ed16b4591e1acd12bf4de961c1ea6518e959a16
train_series\1.2.826.0.1.3680043.8.498.74504704425600751221038968098633701528\1.2.826.0.1.3680043.8.498.40871077464125729623299095370707890751.dcm,1.2.826.0.1.3680043.8.498.74504704425600751221038968098633701528,True,256,256,0.0,848.0,84.36978149414062,129.44606366029305,abd88714dd6d80247704dcda8dc3b028abdcceae2988b4f7dc5227b578c935c1
train_series\1.2.826.0.1.3680043.8.498.74504704425600751221038968098633701528\1.2.826.0.1.3680043.8.498.41855542020875886745826894411018968859.dcm,1.2.826.0.1.3680043.8.498.74504704425600751221038968098633701528,True,256,256,0.0,816.0,61.601837158203125,105.81221838988961,84ad447d42c860ddbb98f50c60f76f5708945143debf5b52f0170e92e03ebc97
train_series\1.2.826.0.1.3680043.8.498.74504704425600751221038968098633701528\1.2.826.0.1.3680043.8.498.43635489198854592900359075258511225191.dcm,1.2.826.0.1.3680043.8.498.74504704425600751221038968098633701528,True,256,256,0.0,738.0,62.73631286621094,106.91688905072904,0101201d35e71b3fd9d62061de12486ec5961ff74fc48f582c077e40fe35cf7a
train_series\1.2.826.0.1.3680043.8.498.74504704425600751221038968098633701528\1.2.826.0.1.3680043.8.498.43695177127455076113390266993730044555.dcm,1.2.826.0.1.3680043.8.498.74504704425600751221038968098633701528,True,256,256,0.0,777.0,102.07881164550781,148.9268014789773,27d5f1fbca5eb6471fdc7f2e617670ffbc980a95c314253c4ef051b0a305b5b9
train_series\1.2.826.0.1.3680043.8.498.74504704425600751221038968098633701528\1.2.826.0.1.3680043.8.498.44079047974111538130917044737720527005.dcm,1.2.826.0.1.3680043.8.498.74504704425600751221038968098633701528,True,256,256,0.0,859.0,81.00204467773438,126.54649492055744,68f9a43af66fed5abdcbac1dfc8ff78d7b251a905c75cd6e0bbc5234613b575c
train_series\1.2.826.0.1.3680043.8.498.74504704425600751221038968098633701528\1.2.826.0.1.3680043.8.498.44854951742272928131627012188236320140.dcm,1.2.826.0.1.3680043.8.498.74504704425600751221038968098633701528,True,256,256,0.0,790.0,98.62541198730469,147.83785878321856,a247c796b8f9fbf11f8933140e44c10d3e15acfaf791ef100f9d5093c7318bf8
train_series\1.2.826.0.1.3680043.8.498.74504704425600751221038968098633701528\1.2.826.0.1.3680043.8.498.45309623397218803982464148305809024730.dcm,1.2.826.0.1.3680043.8.498.74504704425600751221038968098633701528,True,256,256,0.0,781.0,99.30184936523438,148.52602298801543,fd3a16300888e1b43da759801025a46ed2fcf3d0172604b63101516fadd5b15f
train_series\1.2.826.0.1.3680043.8.498.74504704425600751221038968098633701528\1.2.826.0.1.3680043.8.498.45504695259331877311698489087291074335.dcm,1.2.826.0.1.3680043.8.498.74504704425600751221038968098633701528,True,256,256,0.0,854.0,84.15869140625,129.57717137369337,a61fad21822644eb07d6b9d62472e5c04e53a5fb58128c0d51a8e1e34413d9d1
train_series\1.2.826.0.1.3680043.8.498.74504704425600751221038968098633701528\1.2.826.0.1.3680043.8.498.46624799501420479265521156864969734632.dcm,1.2.826.0.1.3680043.8.498.74504704425600751221038968098633701528,True,256,256,0.0,770.0,88.71403503417969,136.89312906852598,fdb003d77b51192b88bb7e34c7084ade8f75c2b6bb9e8b22d0fdcb9b4b870360
train_series\1.2.826.0.1.3680043.8.498.74504704425600751221038968098633701528\1.2.826.0.1.3680043.8.498.46666887568597302581406219106283456989.dcm,1.2.826.0.1.3680043.8.498.74504704425600751221038968098633701528,True,256,256,0.0,833.0,79.79019165039062,126.1387066464565,360b52123ee43045f3890f05754c6a7b7245a0b4ae07668ebc5fb35ab260b343
train_series\1.2.826.0.1.3680043.8.498.74504704425600751221038968098633701528\1.2.826.0.1.3680043.8.498.47243358504362763341581359687657205201.dcm,1.2.826.0.1.3680043.8.498.74504704425600751221038968098633701528,True,256,256,0.0,897.0,84.98715209960938,127.53799226568499,b0ade23d070ab2cef703f0861bea4d9cbe7b06af41d63c6c47e2ae12b08defdc
train_series\1.2.826.0.1.3680043.8.498.74504704425600751221038968098633701528\1.2.826.0.1.3680043.8.498.50617683673655761221461652677063696181.dcm,1.2.826.0.1.3680043.8.498.74504704425600751221038968098633701528,True,256,256,0.0,831.0,83.1612548828125,131.14333776659774,638e76b2cbe990b5227f9a729a0f93538aed190785e2c664c493e149a437db42
train_series\1.2.826.0.1.3680043.8.498.74504704425600751221038968098633701528\1.2.826.0.1.3680043.8.498.51325290733272420177470484211647398663.dcm,1.2.826.0.1.3680043.8.498.74504704425600751221038968098633701528,True,256,256,0.0,808.0,98.15022277832031,147.73001774506,224bced13e1be9269e5e4d2c593bbafd5b12381d27edaf7c28c6f6a75ec43ee5
train_series\1.2.826.0.1.3680043.8.498.74504704425600751221038968098633701528\1.2.826.0.1.3680043.8.498.51433236140038522101738051180909173741.dcm,1.2.826.0.1.3680043.8.498.74504704425600751221038968098633701528,True,256,256,0.0,584.0,53.60273742675781,86.64000069067028,f44418f61ada56b9d7ce071bd543e1a7b905dd296b0ac7172673af378bc0385a
train_series\1.2.826.0.1.3680043.8.498.74504704425600751221038968098633701528\1.2.826.0.1.3680043.8.498.52798122297111247181422820705974009805.dcm,1.2.826.0.1.3680043.8.498.74504704425600751221038968098633701528,True,256,256,0.0,787.0,99.50201416015625,148.59630093875634,82278086f370b47f44bd72524c9b8352f3189d6f2b6bd83f1d562bac3b0aa18b
train_series\1.2.826.0.1.3680043.8.498.74504704425600751221038968098633701528\1.2.826.0.1.3680043.8.498.55130983913550828281790085966835501048.dcm,1.2.826.0.1.3680043.8.498.74504704425600751221038968098633701528,True,256,256,0.0,835.0,79.50494384765625,125.81019455387298,a018a12682c083ec2804cb6e5b250319db1f7339bd4e994681ec399fc7e77875
train_series\1.2.826.0.1.3680043.8.498.74504704425600751221038968098633701528\1.2.826.0.1.3680043.8.498.55612512528847231207915102872902509414.dcm,1.2.826.0.1.3680043.8.498.74504704425600751221038968098633701528,True,256,256,0.0,800.0,56.5250244140625,94.79115395780214,9cfb23ca00b6f6ed19e119882fef05f8b65753341b42b340844db7ea2d74f1e4
train_series\1.2.826.0.1.3680043.8.498.74504704425600751221038968098633701528\1.2.826.0.1.3680043.8.498.56056189983508025718885208095691158105.dcm,1.2.826.0.1.3680043.8.498.74504704425600751221038968098633701528,True,256,256,0.0,870.0,89.23713684082031,133.79161218238568,81cd986195a7f2e367fb70397a82d8520a9dfbfc953b30e0996bd773fc14cff1
train_series\1.2.826.0.1.3680043.8.498.74504704425600751221038968098633701528\1.2.826.0.1.3680043.8.498.57263910830975095145048677144373696500.dcm,1.2.826.0.1.3680043.8.498.74504704425600751221038968098633701528,True,256,256,0.0,836.0,70.05776977539062,114.83759146457868,817d2dc69a4e604bad7a1566096e5cc8d8559383f1aed49dbd6f9b7c7bb175a0
train_series\1.2.826.0.1.3680043.8.498.74504704425600751221038968098633701528\1.2.826.0.1.3680043.8.498.57403245314656769679561496445543418522.dcm,1.2.826.0.1.3680043.8.498.74504704425600751221038968098633701528,True,256,256,0.0,788.0,97.60905456542969,146.79693375937555,4d1b275677fb986f42ddce7bd1c74aec00ea4f700fefe52d82833a3be78c332a
train_series\1.2.826.0.1.3680043.8.498.74504704425600751221038968098633701528\1.2.826.0.1.3680043.8.498.57656591471972125312369427676754962278.dcm,1.2.826.0.1.3680043.8.498.74504704425600751221038968098633701528,True,256,256,0.0,788.0,100.83505249023438,149.7979111956139,d245209866013c4c6ada54e11567c3099f5ca3be303ede211c8d9fc8a12d0576
train_series\1.2.826.0.1.3680043.8.498.74504704425600751221038968098633701528\1.2.826.0.1.3680043.8.498.58162044976228616820142074602781938497.dcm,1.2.826.0.1.3680043.8.498.74504704425600751221038968098633701528,True,256,256,0.0,857.0,87.39811706542969,131.164641940596,3b55e9024a7a18b46d2ce966ea3fe1a72e810a4a64c28f4d1fb8735633ed7f57
train_series\1.2.826.0.1.3680043.8.498.74504704425600751221038968098633701528\1.2.826.0.1.3680043.8.498.59977541867295982143527719996188467678.dcm,1.2.826.0.1.3680043.8.498.74504704425600751221038968098633701528,True,256,256,0.0,665.0,61.45591735839844,105.05133201667898,eeac3a9c530332cd735a4866ffa5068e3419bcd3790d97ddf42b9f48d9ef0e9d
train_series\1.2.826.0.1.3680043.8.498.74504704425600751221038968098633701528\1.2.826.0.1.3680043.8.498.60939304328015698164482641903930275829.dcm,1.2.826.0.1.3680043.8.498.74504704425600751221038968098633701528,True,256,256,0.0,776.0,62.358856201171875,106.69390756360798,eaf3b659c03f25a206b18bb732657e0c2c7678ec987afc1c80ccf03967683bf3
train_series\1.2.826.0.1.3680043.8.498.74504704425600751221038968098633701528\1.2.826.0.1.3680043.8.498.61013267885102502256503304446274193485.dcm,1.2.826.0.1.3680043.8.498.74504704425600751221038968098633701528,True,256,256,0.0,756.0,92.674072265625,140.29958486589905,5a59a8fdae5caea3883793a22ae2b3e82d554e8cb02d4be1a775a57ff3d8a1e6
train_series\1.2.826.0.1.3680043.8.498.74504704425600751221038968098633701528\1.2.826.0.1.3680043.8.498.62365932789734584697717918661234583827.dcm,1.2.826.0.1.3680043.8.498.74504704425600751221038968098633701528,True,256,256,0.0,874.0,84.93374633789062,130.16692306968318,5e942d3ee09af7ef1108506364572b20ec01b766a314e0de8c0a3e625ab35989
train_series\1.2.826.0.1.3680043.8.498.74504704425600751221038968098633701528\1.2.826.0.1.3680043.8.498.62847707747468665890938915682154174532.dcm,1.2.826.0.1.3680043.8.498.74504704425600751221038968098633701528,True,256,256,0.0,844.0,87.7589111328125,131.81875934357302,afed5e7c846ba0996864bd8a8dcbd3454f43b81539fce63633778703d66f46f5
train_series\1.2.826.0.1.3680043.8.498.74504704425600751221038968098633701528\1.2.826.0.1.3680043.8.498.63358606673792028974748067139662584591.dcm,1.2.826.0.1.3680043.8.498.74504704425600751221038968098633701528,True,256,256,0.0,817.0,81.94078063964844,129.8053221124119,fb5b1c0c8e95348bdb4da9c8dd05e2a1a4fe7f031ea6280ed2c4b129430a7aeb
train_series\1.2.826.0.1.3680043.8.498.74504704425600751221038968098633701528\1.2.826.0.1.3680043.8.498.63718041924149259284173750983927277412.dcm,1.2.826.0.1.3680043.8.498.74504704425600751221038968098633701528,True,256,256,0.0,835.0,60.48329162597656,103.65569471691487,63494d686667fe9d695000153cb0d659c3cfe545fa114402f45c81da50aaa5a1
train_series\1.2.826.0.1.3680043.8.498.74504704425600751221038968098633701528\1.2.826.0.1.3680043.8.498.64301812786603944231782005400868807855.dcm,1.2.826.0.1.3680043.8.498.74504704425600751221038968098633701528,True,256,256,0.0,666.0,100.06690979003906,143.36165431603865,f6f7bd255c89ab793791ce635f71f3f2d0df87cbf14f6a5db7cd5a78782c77e9
train_series\1.2.826.0.1.3680043.8.498.74504704425600751221038968098633701528\1.2.826.0.1.3680043.8.498.65978397832168517587513022000150667938.dcm,1.2.826.0.1.3680043.8.498.74504704425600751221038968098633701528,True,256,256,0.0,893.0,88.62178039550781,133.30691681567936,80ba828f6452c5f7a6f353d47369fe8a18d6beab379140b10dd32bbcc6cfcb92
train_series\1.2.826.0.1.3680043.8.498.74504704425600751221038968098633701528\1.2.826.0.1.3680043.8.498.66365776507797737188064349845758764950.dcm,1.2.826.0.1.3680043.8.498.74504704425600751221038968098633701528,True,256,256,0.0,680.0,58.05378723144531,98.45581267223554,8d41c7ac143ddd2d32686a6baa1ccc0e35299d6218afd1fb890ead781c20e3c0
train_series\1.2.826.0.1.3680043.8.498.74504704425600751221038968098633701528\1.2.826.0.1.3680043.8.498.66868244428556127099143918276013768625.dcm,1.2.826.0.1.3680043.8.498.74504704425600751221038968098633701528,True,256,256,0.0,785.0,91.91581726074219,139.77326591854722,d07f96793ea2a8d345793853a67df5a067fc83801c3c6fb26be6e877502baa33
train_series\1.2.826.0.1.3680043.8.498.74504704425600751221038968098633701528\1.2.826.0.1.3680043.8.498.67391425663580510467622707781186759493.dcm,1.2.826.0.1.3680043.8.498.74504704425600751221038968098633701528,True,256,256,0.0,882.0,87.37322998046875,132.18537952612485,1566003eb484993f4a63465a9afd7257032138859a4b4fea144799d2f57d8cbc
train_series\1.2.826.0.1.3680043.8.498.74504704425600751221038968098633701528\1.2.826.0.1.3680043.8.498.71037451961461081921520507850400993319.dcm,1.2.826.0.1.3680043.8.498.74504704425600751221038968098633701528,True,256,256,0.0,840.0,60.18470764160156,103.08603912417416,895adfccac0edcbec51dd9e17fd1c2eb39c6a4470f3a9e5a73999e957b822280
train_series\1.2.826.0.1.3680043.8.498.74504704425600751221038968098633701528\1.2.826.0.1.3680043.8.498.71611972406278613628512027528599342393.dcm,1.2.826.0.1.3680043.8.498.74504704425600751221038968098633701528,True,256,256,0.0,801.0,78.70143127441406,126.03231257359646,f36888900b9c17f1d220e6e40d0515dd42f4e97249e7c55e339fe2de5f89e1b6
train_series\1.2.826.0.1.3680043.8.498.74504704425600751221038968098633701528\1.2.826.0.1.3680043.8.498.71831342052766034699243487776740473447.dcm,1.2.826.0.1.3680043.8.498.74504704425600751221038968098633701528,True,256,256,0.0,835.0,79.89523315429688,128.12276214406876,c2cf8627492f945f1cdd3f74ee98cd9e8f8d240447ccdb37be905be25f519c57
train_series\1.2.826.0.1.3680043.8.498.74504704425600751221038968098633701528\1.2.826.0.1.3680043.8.498.72169732146916909206296782397055316797.dcm,1.2.826.0.1.3680043.8.498.74504704425600751221038968098633701528,True,256,256,0.0,833.0,80.81956481933594,128.94903677655617,968093524ba9b13f0e8dc68d0502e1a0560c1453269ab7e3f71dec66ce7d4da6
train_series\1.2.826.0.1.3680043.8.498.74504704425600751221038968098633701528\1.2.826.0.1.3680043.8.498.72264395403093656454821138870363755267.dcm,1.2.826.0.1.3680043.8.498.74504704425600751221038968098633701528,True,256,256,0.0,820.0,83.94206237792969,131.71442507836835,36b26b13874fc509ee6d9d19872a20dd18fae8cc3b32b6907bae9609140da450
train_series\1.2.826.0.1.3680043.8.498.74504704425600751221038968098633701528\1.2.826.0.1.3680043.8.498.72618457158160941479150208403526709546.dcm,1.2.826.0.1.3680043.8.498.74504704425600751221038968098633701528,True,256,256,0.0,778.0,62.44264221191406,107.11760162780135,5cdb08559764d720e3c62a00c6d8b9f318f5806b87a2361912ddbf703322efcb
train_series\1.2.826.0.1.3680043.8.498.74504704425600751221038968098633701528\1.2.826.0.1.3680043.8.498.72915830613866983242596902472101537083.dcm,1.2.826.0.1.3680043.8.498.74504704425600751221038968098633701528,True,256,256,0.0,873.0,82.08309936523438,127.53911355287413,1975382005e3bb37f8f1620750557beff36768238426f5a617274ccf764a86a5
train_series\1.2.826.0.1.3680043.8.498.74504704425600751221038968098633701528\1.2.826.0.1.3680043.8.498.73452606134104380755401357345479800681.dcm,1.2.826.0.1.3680043.8.498.74504704425600751221038968098633701528,True,256,256,0.0,782.0,87.90875244140625,136.0132616163003,996d5604c92d8aad377eba971630dc990199698a79f055df5a79c9dccb292628
train_series\1.2.826.0.1.3680043.8.498.74504704425600751221038968098633701528\1.2.826.0.1.3680043.8.498.74099188166139809674036384322827116924.dcm,1.2.826.0.1.3680043.8.498.74504704425600751221038968098633701528,True,256,256,0.0,848.0,80.58399963378906,126.63063496693022,04dbff18a55290f6536c28e94aa945d74b6980c1e75364fc84a0a724c0fcd060
train_series\1.2.826.0.1.3680043.8.498.74504704425600751221038968098633701528\1.2.826.0.1.3680043.8.498.74831914019988668221289634806941594862.dcm,1.2.826.0.1.3680043.8.498.74504704425600751221038968098633701528,True,256,256,0.0,793.0,78.57627868652344,125.66038500280116,7bab724939cc931a32dd1f389cfc7d28a5bb595f9be7aa955f86263999613f6b
train_series\1.2.826.0.1.3680043.8.498.74504704425600751221038968098633701528\1.2.826.0.1.3680043.8.498.74902293810884491008339386089555434136.dcm,1.2.826.0.1.3680043.8.498.74504704425600751221038968098633701528,True,256,256,0.0,851.0,90.81938171386719,138.33390643260543,40753becc9864f848e9c26949ccf4185e840f1154119e99e786c108e31f64186
train_series\1.2.826.0.1.3680043.8.498.74504704425600751221038968098633701528\1.2.826.0.1.3680043.8.498.76779227583341988690946298403395775362.dcm,1.2.826.0.1.3680043.8.498.74504704425600751221038968098633701528,True,256,256,0.0,830.0,102.64323425292969,150.6368550153954,cc3a392a46eb65394bf536f444f4ebc45e2227fc93d61c19f067246846ade868
train_series\1.2.826.0.1.3680043.8.498.74504704425600751221038968098633701528\1.2.826.0.1.3680043.8.498.78434381934958522301238713013410755124.dcm,1.2.826.0.1.3680043.8.498.74504704425600751221038968098633701528,True,256,256,0.0,843.0,85.53143310546875,130.65072377075896,4329ddd34de927270790307c365605e5a680892c5a40ba5a06ae3291a3a7ed25
train_series\1.2.826.0.1.3680043.8.498.74504704425600751221038968098633701528\1.2.826.0.1.3680043.8.498.78463768392382456813451860911987521045.dcm,1.2.826.0.1.3680043.8.498.74504704425600751221038968098633701528,True,256,256,0.0,890.0,82.66549682617188,128.21880611254917,28b61559fd6826ac0d6a17960e7edb40aebe609d75f4eac62236c4296c71c1ea
train_series\1.2.826.0.1.3680043.8.498.74504704425600751221038968098633701528\1.2.826.0.1.3680043.8.498.78854244445222759991376579491601128693.dcm,1.2.826.0.1.3680043.8.498.74504704425600751221038968098633701528,True,256,256,0.0,834.0,80.06376647949219,128.55830126576433,2762455a5b34e3ee6fec66f9f1cd0a1527fa014a7d321739b5cf9654a59ac8e7
train_series\1.2.826.0.1.3680043.8.498.74504704425600751221038968098633701528\1.2.826.0.1.3680043.8.498.78958670674818518473900251546394546266.dcm,1.2.826.0.1.3680043.8.498.74504704425600751221038968098633701528,True,256,256,0.0,851.0,66.27081298828125,109.84414768186006,2ec77a683c0562c0f78b288cd5a8c559e27d47393fd2878a5c6d98217616b02c
train_series\1.2.826.0.1.3680043.8.498.74504704425600751221038968098633701528\1.2.826.0.1.3680043.8.498.80822546035679239298785668087574931028.dcm,1.2.826.0.1.3680043.8.498.74504704425600751221038968098633701528,True,256,256,0.0,922.0,84.50155639648438,129.56693213302069,bab0f17abd871540a3f1ab2bdcac243b65d768797a58aa53e7eb6c04b46d2c0c
train_series\1.2.826.0.1.3680043.8.498.74504704425600751221038968098633701528\1.2.826.0.1.3680043.8.498.81219607558109860735082919455186009047.dcm,1.2.826.0.1.3680043.8.498.74504704425600751221038968098633701528,True,256,256,0.0,860.0,80.52915954589844,126.28324505455184,2cc91a10d6399e834c6d0ea28e70e788a5ba289657c6975681758fb44f20622a
train_series\1.2.826.0.1.3680043.8.498.74504704425600751221038968098633701528\1.2.826.0.1.3680043.8.498.81769601645418872805256007455519323881.dcm,1.2.826.0.1.3680043.8.498.74504704425600751221038968098633701528,True,256,256,0.0,795.0,60.29725646972656,103.32240281341267,b631900608c956c9fe58563da3cd298ceca3d198e296dfa9f511203ba3d18956
train_series\1.2.826.0.1.3680043.8.498.74504704425600751221038968098633701528\1.2.826.0.1.3680043.8.498.81966290007031923283409291938354122745.dcm,1.2.826.0.1.3680043.8.498.74504704425600751221038968098633701528,True,256,256,0.0,799.0,90.17533874511719,137.85855926863687,1bd7b41134cd76d60429bd323ff46cfafb5b647b95d34bf58d417c43b517c5e9
train_series\1.2.826.0.1.3680043.8.498.74504704425600751221038968098633701528\1.2.826.0.1.3680043.8.498.82082791064322169491327877759171525281.dcm,1.2.826.0.1.3680043.8.498.74504704425600751221038968098633701528,True,256,256,0.0,894.0,89.17118835449219,133.212539213112,ea5ca24687441ec2f5e5a157eade4f68a697fbb405e50193abbf54814f5ffdbc
train_series\1.2.826.0.1.3680043.8.498.74504704425600751221038968098633701528\1.2.826.0.1.3680043.8.498.82132895811762009890328663034449431075.dcm,1.2.826.0.1.3680043.8.498.74504704425600751221038968098633701528,True,256,256,0.0,807.0,82.38369750976562,130.456075213677,94b72a5f2ecb8c799e4132f73a86768e845234534e617eb3f08489e07a2f16a3
train_series\1.2.826.0.1.3680043.8.498.74504704425600751221038968098633701528\1.2.826.0.1.3680043.8.498.82513837750009795883875558240185819235.dcm,1.2.826.0.1.3680043.8.498.74504704425600751221038968098633701528,True,256,256,0.0,805.0,78.93974304199219,125.252962000212,e07fecd3829bc1f6de64499fbc0542b17400f3dd56712e3001d7f8c4c2d31d4e
train_series\1.2.826.0.1.3680043.8.498.74504704425600751221038968098633701528\1.2.826.0.1.3680043.8.498.83619117643766858203845237720752099290.dcm,1.2.826.0.1.3680043.8.498.74504704425600751221038968098633701528,True,256,256,0.0,786.0,100.12710571289062,149.38185964292313,1e8168f576c7f93ba3176e4986b5d644d8e1ea3e356e9b02070b9f54ef17a35f
train_series\1.2.826.0.1.3680043.8.498.74504704425600751221038968098633701528\1.2.826.0.1.3680043.8.498.86124824667623439034326997624260032270.dcm,1.2.826.0.1.3680043.8.498.74504704425600751221038968098633701528,True,256,256,0.0,865.0,80.32769775390625,126.13442231251456,a58ed076259ce00d018092193927063529aecca136e6fed37cf7b1f210497f21
train_series\1.2.826.0.1.3680043.8.498.74504704425600751221038968098633701528\1.2.826.0.1.3680043.8.498.86260553635613631236590498173917170110.dcm,1.2.826.0.1.3680043.8.498.74504704425600751221038968098633701528,True,256,256,0.0,843.0,60.731903076171875,103.87378777574847,a7dc5cfd62f6f4ee05b903994ce234c8bdc6bd437d5ce7f67f357decc42c04df
train_series\1.2.826.0.1.3680043.8.498.74504704425600751221038968098633701528\1.2.826.0.1.3680043.8.498.86511171146272125303764418731761769181.dcm,1.2.826.0.1.3680043.8.498.74504704425600751221038968098633701528,True,256,256,0.0,814.0,59.85658264160156,103.10098730702335,cc692dab2a6fcb384c4357790173d9030a0d664a995037bd8b49b4b581a44f3e
train_series\1.2.826.0.1.3680043.8.498.74504704425600751221038968098633701528\1.2.826.0.1.3680043.8.498.86599647381528583860201514506843140057.dcm,1.2.826.0.1.3680043.8.498.74504704425600751221038968098633701528,True,256,256,0.0,744.0,101.76301574707031,147.06293714893988,de8bdc0fbd1a0d2982ac6f19d9c596b92eeb78b98d44148064d0b3adae08e3c6
train_series\1.2.826.0.1.3680043.8.498.74504704425600751221038968098633701528\1.2.826.0.1.3680043.8.498.86619623791508013020428113129078312679.dcm,1.2.826.0.1.3680043.8.498.74504704425600751221038968098633701528,True,256,256,0.0,789.0,95.65338134765625,144.53797219432323,851e8396924d94a81ef5ddd4fd9395323146e6e9f62a6a809b98794f6818d561
train_series\1.2.826.0.1.3680043.8.498.74504704425600751221038968098633701528\1.2.826.0.1.3680043.8.498.86877431345872465082392417923645706935.dcm,1.2.826.0.1.3680043.8.498.74504704425600751221038968098633701528,True,256,256,0.0,795.0,96.28814697265625,145.46355601255007,3cf5c3927ca704debc42c43647578eea3ec72e057a96a2e35b55a3d3cf69fa4f
train_series\1.2.826.0.1.3680043.8.498.74504704425600751221038968098633701528\1.2.826.0.1.3680043.8.498.88598964953026076807990972388887076298.dcm,1.2.826.0.1.3680043.8.498.74504704425600751221038968098633701528,True,256,256,0.0,746.0,102.31991577148438,149.4993407905837,90e10a156ad5b73929e1bea23d3034cc3b92da80b77061d33b7168b0d626aa9a
train_series\1.2.826.0.1.3680043.8.498.74504704425600751221038968098633701528\1.2.826.0.1.3680043.8.498.89871144898259536620383098563177816293.dcm,1.2.826.0.1.3680043.8.498.74504704425600751221038968098633701528,True,256,256,0.0,662.0,60.28776550292969,102.88296437396097,6a8f6dc16ceca9922602e5eac626d40aff1b603dc02c08aeae900638ab04590b
train_series\1.2.826.0.1.3680043.8.498.74504704425600751221038968098633701528\1.2.826.0.1.3680043.8.498.92301298519600411010922086685525927010.dcm,1.2.826.0.1.3680043.8.498.74504704425600751221038968098633701528,True,256,256,0.0,811.0,100.54583740234375,149.56650048112002,1ca996e984dd39945bccea2fe606c951878f3aef8c0a5cbadbebb1b919cbef74
train_series\1.2.826.0.1.3680043.8.498.74504704425600751221038968098633701528\1.2.826.0.1.3680043.8.498.92673862387238421372689846859191063743.dcm,1.2.826.0.1.3680043.8.498.74504704425600751221038968098633701528,True,256,256,0.0,786.0,84.76036071777344,132.4245673735948,e77f1b32b759a83f1894d50904698d2d88fbe6961eadfc8e7236c6ae31f9342b
train_series\1.2.826.0.1.3680043.8.498.74504704425600751221038968098633701528\1.2.826.0.1.3680043.8.498.92809519270080754669052414200114082125.dcm,1.2.826.0.1.3680043.8.498.74504704425600751221038968098633701528,True,256,256,0.0,869.0,87.994384765625,132.05064541420836,105000d6f964713293f9b623342ac868107bd0c401576addc47b02b8e635fb10
train_series\1.2.826.0.1.3680043.8.498.74504704425600751221038968098633701528\1.2.826.0.1.3680043.8.498.94125474731530950530619920299325276516.dcm,1.2.826.0.1.3680043.8.498.74504704425600751221038968098633701528,True,256,256,0.0,871.0,86.01278686523438,129.56239184345606,9bf287b080dc6f694842a87e75f4e23c597b99a5b67b4329986187142282675c
train_series\1.2.826.0.1.3680043.8.498.74504704425600751221038968098633701528\1.2.826.0.1.3680043.8.498.94396237628450792235936611978430144245.dcm,1.2.826.0.1.3680043.8.498.74504704425600751221038968098633701528,True,256,256,0.0,875.0,86.22206115722656,130.96453291945946,90e58ce42013d1b350b702aec32a99a7221fb58f2dbec1a43c99579fb21459e6
train_series\1.2.826.0.1.3680043.8.498.74504704425600751221038968098633701528\1.2.826.0.1.3680043.8.498.94941112265839071344653698250781234795.dcm,1.2.826.0.1.3680043.8.498.74504704425600751221038968098633701528,True,256,256,0.0,869.0,88.18501281738281,133.01749435437063,1ac38ef360d25dafb3768f4eba6ce8a527b8e0186a8be5ca0a556ba929ca67b1
train_series\1.2.826.0.1.3680043.8.498.74504704425600751221038968098633701528\1.2.826.0.1.3680043.8.498.97688542134749826856651268360784430969.dcm,1.2.826.0.1.3680043.8.498.74504704425600751221038968098633701528,True,256,256,0.0,810.0,102.64503479003906,150.88262760602478,ebc21a50614061a815afa74c31752da0638e064c4f4b835ef1638b9c2e3d6b2b
train_series\1.2.826.0.1.3680043.8.498.74504704425600751221038968098633701528\1.2.826.0.1.3680043.8.498.99317295599933050351279925438502601337.dcm,1.2.826.0.1.3680043.8.498.74504704425600751221038968098633701528,True,256,256,0.0,863.0,81.24009704589844,126.9153873642581,831c9af4dc5c2dee1c20849b3e4636ee67ce45d41779c0c856981b2b00d94fc3
train_series\1.2.826.0.1.3680043.8.498.75714899997203615784077798038670363546\1.2.826.0.1.3680043.8.498.11609150945850159338537978910374015838.dcm,1.2.826.0.1.3680043.8.498.75714899997203615784077798038670363546,True,640,640,0.0,2487.616,642.2392192968749,581.9237559474864,cf70040d36a554fc3f2cfe82836a88c544034685da5f0155764d2b6a501e34dc
train_series\1.2.826.0.1.3680043.8.498.75714899997203615784077798038670363546\1.2.826.0.1.3680043.8.498.12204261365108154636687621250685857611.dcm,1.2.826.0.1.3680043.8.498.75714899997203615784077798038670363546,True,640,640,0.0,1831.3087999999998,658.1332547656249,485.5505132368447,e842d75d5ca381b63b19b99dba6aeeb6e543adfc88b28f7d884d0cbed2e7fae4
train_series\1.2.826.0.1.3680043.8.498.75714899997203615784077798038670363546\1.2.826.0.1.3680043.8.498.12585834049165155580048330472839153798.dcm,1.2.826.0.1.3680043.8.498.75714899997203615784077798038670363546,True,640,640,0.0,2011.264,647.1137705078124,548.378307570997,8c5ecc8bded5aa2e10ca8ab8cc563a79411d2f98516750e33faa3cbf5aa67e6f
train_series\1.2.826.0.1.3680043.8.498.75714899997203615784077798038670363546\1.2.826.0.1.3680043.8.498.12590431126490426062288293410302630675.dcm,1.2.826.0.1.3680043.8.498.75714899997203615784077798038670363546,True,640,640,0.0,2582.8864,641.7706914921874,608.1966292639556,7916616039d316b07dcdb658fb203cb7f5507adae39d5268caa8cdb9fbf7f094
train_series\1.2.826.0.1.3680043.8.498.75714899997203615784077798038670363546\1.2.826.0.1.3680043.8.498.12683235390774189796765914932598652149.dcm,1.2.826.0.1.3680043.8.498.75714899997203615784077798038670363546,True,640,640,0.0,1934.5184,701.9680925624999,506.2358050027115,270dcc5917f0495eb13f1199df63c81863dcb982fb107e87e57e0a643fe86d45
train_series\1.2.826.0.1.3680043.8.498.75714899997203615784077798038670363546\1.2.826.0.1.3680043.8.498.13317638308468061843979205291948030926.dcm,1.2.826.0.1.3680043.8.498.75714899997203615784077798038670363546,True,640,640,0.0,2289.136,654.9196684453125,540.9344178414518,e8e211178f25877f77bba4d1de17255ec33ade32be2c88f69252dcf9036192d3
train_series\1.2.826.0.1.3680043.8.498.75714899997203615784077798038670363546\1.2.826.0.1.3680043.8.498.13364072421794167946930741728335249319.dcm,1.2.826.0.1.3680043.8.498.75714899997203615784077798038670363546,True,640,640,0.0,1990.0928,626.8015909140624,704.0839700458579,8eb6f96ce7325b6179ddce31ab8c6e9ab317f076f74b315088ec626ccca40292
train_series\1.2.826.0.1.3680043.8.498.75714899997203615784077798038670363546\1.2.826.0.1.3680043.8.498.26530793686543895140120781699584017838.dcm,1.2.826.0.1.3680043.8.498.75714899997203615784077798038670363546,True,640,640,0.0,2000.6783999999998,602.50984209375,543.2451377075333,253eb0539e9ed8df3db8f9f33964b930cdd01bae1decfb7447288d5a3411d783
train_series\1.2.826.0.1.3680043.8.498.75714899997203615784077798038670363546\1.2.826.0.1.3680043.8.498.35762652432592893273066333294212317005.dcm,1.2.826.0.1.3680043.8.498.75714899997203615784077798038670363546,True,640,640,0.0,1786.32,675.7299152499999,488.66546670009103,08d01eb7e45d0275dacb82aa395f797edb558c3df680fd7538c77fbd94c09d48
train_series\1.2.826.0.1.3680043.8.498.75714899997203615784077798038670363546\1.2.826.0.1.3680043.8.498.38688175470722741588272562429611183119.dcm,1.2.826.0.1.3680043.8.498.75714899997203615784077798038670363546,True,640,640,0.0,2077.424,633.5397930859374,519.7202272300295,3ef82a121331c974e4ce03c48e67aa8bb931d8f5f4bad417941408e24e19265e
train_series\1.2.826.0.1.3680043.8.498.75714899997203615784077798038670363546\1.2.826.0.1.3680043.8.498.39561070338793988533091874317667505814.dcm,1.2.826.0.1.3680043.8.498.75714899997203615784077798038670363546,True,640,640,0.0,2037.7279999999998,638.0774387109375,499.99607872077206,297d2fd2f51b29fc9ee2df023386a5f117b0670baa2562e548054cb73384d221
train_series\1.2.826.0.1.3680043.8.498.75714899997203615784077798038670363546\1.2.826.0.1.3680043.8.498.53964635163213563030012140682622381931.dcm,1.2.826.0.1.3680043.8.498.75714899997203615784077798038670363546,True,640,640,0.0,1804.8447999999999,590.6558437656249,609.8329573830262,cebaa1fbe54047803af841fb24f429ce8b61b03ac1cf5458af46a3146d323920
train_series\1.2.826.0.1.3680043.8.498.75714899997203615784077798038670363546\1.2.826.0.1.3680043.8.498.63350125167206077868244987247362558123.dcm,1.2.826.0.1.3680043.8.498.75714899997203615784077798038670363546,True,640,640,0.0,2260.0256,701.2046681874999,551.7587714702842,2edc8359e9b9fbf361897b80b40050ccbb458e9e528c53726c111983f3cf0537
train_series\1.2.826.0.1.3680043.8.498.75714899997203615784077798038670363546\1.2.826.0.1.3680043.8.498.65747637995353395689736058066055122774.dcm,1.2.826.0.1.3680043.8.498.75714899997203615784077798038670363546,True,640,640,0.0,1786.32,587.9477418125,566.814043318537,5c5b51973fc0ba1c2a775b99a6329ad3b721b8dcda6008e21cfda59db346e044
train_series\1.2.826.0.1.3680043.8.498.75714899997203615784077798038670363546\1.2.826.0.1.3680043.8.498.80771320912561593500846833541716910554.dcm,1.2.826.0.1.3680043.8.498.75714899997203615784077798038670363546,True,640,640,0.0,2392.3455999999996,592.5350526640625,738.0207131031012,94ab4d09ef836b8d325ff9d14873b99b3f9749cf1c1a91a5ea0adf660f151ffa
train_series\1.2.826.0.1.3680043.8.498.75714899997203615784077798038670363546\1.2.826.0.1.3680043.8.498.84518774649491094308056483994526664016.dcm,1.2.826.0.1.3680043.8.498.75714899997203615784077798038670363546,True,640,640,0.0,2392.3455999999996,728.341381,525.7559636094612,4acfdef9fe21b57962dc0acb43c2bbbe748186aa1c79df56100a47ebe4dc1171
train_series\1.2.826.0.1.3680043.8.498.75714899997203615784077798038670363546\1.2.826.0.1.3680043.8.498.85603707552765075639655777306991751056.dcm,1.2.826.0.1.3680043.8.498.75714899997203615784077798038670363546,True,640,640,0.0,1884.2368,645.5925815390624,485.3694792237309,9d87cb467e55f39241a2de83df45aee5dfa985162a89855db267e59f856aa5c8
train_series\1.2.826.0.1.3680043.8.498.75714899997203615784077798038670363546\1.2.826.0.1.3680043.8.498.87593947701150780693777417205561920902.dcm,1.2.826.0.1.3680043.8.498.75714899997203615784077798038670363546,True,640,640,0.0,2117.12,672.2556042578124,543.6340804271625,2abed8ae7fc24971eef1783398008a05f3c6eb7a2133ddce1eace8eaa5203e5e
train_series\1.2.826.0.1.3680043.8.498.75714899997203615784077798038670363546\1.2.826.0.1.3680043.8.498.89213578998894660249037012747362374505.dcm,1.2.826.0.1.3680043.8.498.75714899997203615784077798038670363546,True,640,640,0.0,2215.0368,632.6543926718749,540.7671661448124,7f64cdf74934b980ed33f430dea467a39b3211e877e0384f5ff875cf4be73404
train_series\1.2.826.0.1.3680043.8.498.75714899997203615784077798038670363546\1.2.826.0.1.3680043.8.498.89274574546542356011805963677863845215.dcm,1.2.826.0.1.3680043.8.498.75714899997203615784077798038670363546,True,640,640,0.0,2397.6384,722.5939700546875,549.8630785601509,2e60cc16cfb5776e30b45b30ca5001ab938c47e4195302406191ba28937df777
train_series\1.2.826.0.1.3680043.8.498.75714899997203615784077798038670363546\1.2.826.0.1.3680043.8.498.92941237376678421417972258424436645923.dcm,1.2.826.0.1.3680043.8.498.75714899997203615784077798038670363546,True,640,640,0.0,2466.4447999999998,651.99850415625,571.6676214083068,2b95f1a71894e38f3aff07a30472114632899f004536c1299f0709e952d28243
train_series\1.2.826.0.1.3680043.8.498.75714899997203615784077798038670363546\1.2.826.0.1.3680043.8.498.93854001174489428321379491457658840661.dcm,1.2.826.0.1.3680043.8.498.75714899997203615784077798038670363546,True,640,640,0.0,2241.5008,713.4942176953124,532.3882672991599,5add2ad884ec4587339f1b82011d9d0349a8477cb0264cf3f6f72cbe8876bb37
train_series\1.2.826.0.1.3680043.8.498.76947689399889739752390906772011627242\1.2.826.0.1.3680043.8.498.10962799071710945571181592342576557490.dcm,1.2.826.0.1.3680043.8.498.76947689399889739752390906772011627242,True,384,384,0.0,1232.0,200.62030707465277,281.0264078645756,bd7ff3acda5022cd3a671aef1a4426cf1fd635566d18c498268c755bd6ba4784
train_series\1.2.826.0.1.3680043.8.498.76947689399889739752390906772011627242\1.2.826.0.1.3680043.8.498.10989217485489194248231339658943755466.dcm,1.2.826.0.1.3680043.8.498.76947689399889739752390906772011627242,True,384,384,0.0,1522.0,289.0018310546875,324.3491404420573,c4b23afeaed46bdc329d643a74222f6c4647045f063507cdb52c564eb2130670
train_series\1.2.826.0.1.3680043.8.498.76947689399889739752390906772011627242\1.2.826.0.1.3680043.8.498.11174370458786845629919183455130144930.dcm,1.2.826.0.1.3680043.8.498.76947689399889739752390906772011627242,True,384,384,0.0,155.0,9.423197428385416,7.6589972620641324,b08c06f4e01dc5b940a4deba565ee5f1e532c1818ba21fda2cc1f4f595172e55
train_series\1.2.826.0.1.3680043.8.498.76947689399889739752390906772011627242\1.2.826.0.1.3680043.8.498.11323700056227533849833184679285974480.dcm,1.2.826.0.1.3680043.8.498.76947689399889739752390906772011627242,True,384,384,0.0,1585.0,218.96212429470486,309.96656273846304,daa4fa372d306c1143c9b9cba9d6512e76d935263555aa794f0cd6b622d162f9
train_series\1.2.826.0.1.3680043.8.498.76947689399889739752390906772011627242\1.2.826.0.1.3680043.8.498.11629196470411084794447540216312310332.dcm,1.2.826.0.1.3680043.8.498.76947689399889739752390906772011627242,True,384,384,0.0,1648.0,298.30902777777777,328.74546526777254,b0c82dde3b58c5186f9340779c68d86b263266c4edd33e2c7486f74414b5fd35
train_series\1.2.826.0.1.3680043.8.498.76947689399889739752390906772011627242\1.2.826.0.1.3680043.8.498.12247444960206186909796810289977367349.dcm,1.2.826.0.1.3680043.8.498.76947689399889739752390906772011627242,True,384,384,0.0,1031.0,36.26399061414931,102.7598961170267,2ebae258c4970440b1bd067ef88a3277265e07bbbbc7e9480090eb2bd3ef7aae
train_series\1.2.826.0.1.3680043.8.498.76947689399889739752390906772011627242\1.2.826.0.1.3680043.8.498.12761453772195699701728120661926817018.dcm,1.2.826.0.1.3680043.8.498.76947689399889739752390906772011627242,True,384,384,0.0,1130.0,57.425557454427086,148.13882618048245,fe127a0cc5a05a9eb947695e8262a7b65c0e416b607bf911f916095fc104990c
train_series\1.2.826.0.1.3680043.8.498.76947689399889739752390906772011627242\1.2.826.0.1.3680043.8.498.17087712714148955951040712741005758238.dcm,1.2.826.0.1.3680043.8.498.76947689399889739752390906772011627242,True,384,384,0.0,1398.0,220.7735799153646,290.6626421391702,f2fa6de134041c7e054942b68cc1990bbf1e8476eed7ad4a5c7f116eafd2e91f
train_series\1.2.826.0.1.3680043.8.498.76947689399889739752390906772011627242\1.2.826.0.1.3680043.8.498.31051379420279637089529981848335415959.dcm,1.2.826.0.1.3680043.8.498.76947689399889739752390906772011627242,True,384,384,0.0,1802.0,302.7825113932292,318.43960048243315,f3f3982dc3add9e2a938cdd06145f05047722168bfd72540c95c02835941870c
train_series\1.2.826.0.1.3680043.8.498.76947689399889739752390906772011627242\1.2.826.0.1.3680043.8.498.33330942108543491646830106578125138586.dcm,1.2.826.0.1.3680043.8.498.76947689399889739752390906772011627242,True,384,384,0.0,1630.0,297.55259195963544,337.18244034204184,74f81bca17272ede4fd44c55ded2695341dc4d61c9c227a372d9af349c9738d0
train_series\1.2.826.0.1.3680043.8.498.76947689399889739752390906772011627242\1.2.826.0.1.3680043.8.498.38258289055158121926838248175934981530.dcm,1.2.826.0.1.3680043.8.498.76947689399889739752390906772011627242,True,384,384,0.0,1411.0,132.80033365885416,243.24306428643834,e89c6cbf22917acd1ffdb3576a3d7b2eb497121818c72676d44d1d95ea34e86c
train_series\1.2.826.0.1.3680043.8.498.76947689399889739752390906772011627242\1.2.826.0.1.3680043.8.498.38657390289109597183513255786987604125.dcm,1.2.826.0.1.3680043.8.498.76947689399889739752390906772011627242,True,384,384,0.0,1935.0,236.23687065972223,314.8351182924419,e57404b42bb4c44eca48e335a1915937fcf6af1e805d2bba69fde71aeda354e0
train_series\1.2.826.0.1.3680043.8.498.76947689399889739752390906772011627242\1.2.826.0.1.3680043.8.498.41087335220396537693584455799695620589.dcm,1.2.826.0.1.3680043.8.498.76947689399889739752390906772011627242,True,384,384,0.0,1136.0,107.07404920789931,226.70511606948182,ecb4c37b15d0bbc7c57d05e47e53a287f40c0749ecbd5a4c03ea9c5cac23a2f4
train_series\1.2.826.0.1.3680043.8.498.76947689399889739752390906772011627242\1.2.826.0.1.3680043.8.498.42274862092872219596677767598540882704.dcm,1.2.826.0.1.3680043.8.498.76947689399889739752390906772011627242,True,384,384,0.0,1737.0,297.77066379123266,325.04149910265085,aafb6fae510b20c9ba5cb42617f3eb7f0f763cab43cd3cab08de5b5841678ff3
train_series\1.2.826.0.1.3680043.8.498.76947689399889739752390906772011627242\1.2.826.0.1.3680043.8.498.44509890059313591600688982695731374644.dcm,1.2.826.0.1.3680043.8.498.76947689399889739752390906772011627242,True,384,384,0.0,1521.0,144.03542751736111,249.45033365328413,3112141d21cc91bb64c12cd1d81d041ae1d8c059441256c2719f450f5e161619
train_series\1.2.826.0.1.3680043.8.498.76947689399889739752390906772011627242\1.2.826.0.1.3680043.8.498.49730101484182785045103727626931046561.dcm,1.2.826.0.1.3680043.8.498.76947689399889739752390906772011627242,True,384,384,0.0,1702.0,300.5293782552083,334.14286986828677,517032ba1f1600e181ef67c1e3c6798227258367fe2380a75e1d9b34a0dd72d3
train_series\1.2.826.0.1.3680043.8.498.76947689399889739752390906772011627242\1.2.826.0.1.3680043.8.498.51712635950661492208203897018137408540.dcm,1.2.826.0.1.3680043.8.498.76947689399889739752390906772011627242,True,384,384,0.0,1698.0,312.69696044921875,330.07734877947104,8ed6d6affe43033e12d5c3f32d980c4893c016663e8b1b6c779092cdb89d38e2
train_series\1.2.826.0.1.3680043.8.498.76947689399889739752390906772011627242\1.2.826.0.1.3680043.8.498.51839061007809034735024388106250290863.dcm,1.2.826.0.1.3680043.8.498.76947689399889739752390906772011627242,True,384,384,0.0,2179.0,254.73291015625,320.38618691017524,e1e913184a123e51f9488566d73eab4f7dedda8f205b8998b05d56bae7d9ab7c
train_series\1.2.826.0.1.3680043.8.498.76947689399889739752390906772011627242\1.2.826.0.1.3680043.8.498.51908358493202004642491353223933535767.dcm,1.2.826.0.1.3680043.8.498.76947689399889739752390906772011627242,True,384,384,0.0,1482.0,205.34533013237848,300.0241476379564,3207926fe7fec811a8cb36bc3d83a34a490f6ff6c5d1ee0766b25e516466e94f
train_series\1.2.826.0.1.3680043.8.498.76947689399889739752390906772011627242\1.2.826.0.1.3680043.8.498.55292084148254919534342041143451812254.dcm,1.2.826.0.1.3680043.8.498.76947689399889739752390906772011627242,True,384,384,0.0,1340.0,183.54646809895834,274.3610488110752,0a0585650333fa516f7e959bd57bd45e5af3da4e0b7ef773d7fb2b2ca0f7b8b2
train_series\1.2.826.0.1.3680043.8.498.76947689399889739752390906772011627242\1.2.826.0.1.3680043.8.498.62244899499453122026855407711196457101.dcm,1.2.826.0.1.3680043.8.498.76947689399889739752390906772011627242,True,384,384,0.0,1738.0,275.06068929036456,317.8017182800214,61cf2829315298e9e638e049947fd71a497d803576836e28d495a09bb6c6f732
train_series\1.2.826.0.1.3680043.8.498.76947689399889739752390906772011627242\1.2.826.0.1.3680043.8.498.66368373983419475474534616161975698674.dcm,1.2.826.0.1.3680043.8.498.76947689399889739752390906772011627242,True,384,384,0.0,1372.0,162.87145317925348,258.22433583972355,f8446a91a74e30ab0ac435c84d35d889249d9f09c19917418250d9546305ab01
train_series\1.2.826.0.1.3680043.8.498.76947689399889739752390906772011627242\1.2.826.0.1.3680043.8.498.67588141219251683407586573604755290614.dcm,1.2.826.0.1.3680043.8.498.76947689399889739752390906772011627242,True,384,384,0.0,1199.0,84.55913628472223,201.89511716492697,81853a5e97bb5e464d431ea6b2df666e7729adc6d2b32c959e6c4b52f5c71f9d
train_series\1.2.826.0.1.3680043.8.498.76947689399889739752390906772011627242\1.2.826.0.1.3680043.8.498.70259880076463048511440137495679341505.dcm,1.2.826.0.1.3680043.8.498.76947689399889739752390906772011627242,True,384,384,0.0,1986.0,269.8105197482639,326.5381464570286,e9477a5cde0c0e4f846b3ec08d7da8336bde1ec219da2e9e5644b39ef959fac2
train_series\1.2.826.0.1.3680043.8.498.76947689399889739752390906772011627242\1.2.826.0.1.3680043.8.498.70685706524665394721994641579993281628.dcm,1.2.826.0.1.3680043.8.498.76947689399889739752390906772011627242,True,384,384,0.0,1870.0,293.1977064344618,309.63800714749345,451f6a1be14347f055b190e00a87e933ddb4096b86240df039c87bc823ee8243
train_series\1.2.826.0.1.3680043.8.498.76947689399889739752390906772011627242\1.2.826.0.1.3680043.8.498.82510955346293592217714376746252908208.dcm,1.2.826.0.1.3680043.8.498.76947689399889739752390906772011627242,True,384,384,0.0,1659.0,305.148193359375,329.99149487440485,d7bf8451d2793fe2c589ad12db6cd602c5f6d5e4b4b2a19ccdf5d1231caced13
train_series\1.2.826.0.1.3680043.8.498.76947689399889739752390906772011627242\1.2.826.0.1.3680043.8.498.84814459526430670324588837831257348542.dcm,1.2.826.0.1.3680043.8.498.76947689399889739752390906772011627242,True,384,384,0.0,1548.0,210.80841742621527,309.6615018688856,e4e5ee957dbe52363e34c405dd0cb03f9d583cdcb0a9ae7f3306a7c2c1a6a610
train_series\1.2.826.0.1.3680043.8.498.76947689399889739752390906772011627242\1.2.826.0.1.3680043.8.498.86397200615662197496629019268067156023.dcm,1.2.826.0.1.3680043.8.498.76947689399889739752390906772011627242,True,384,384,0.0,1441.0,238.02233208550348,298.8124205370977,6a2f774f9ab67e9ffa77aa459ab12d1ebd85eedc7751d147a3afe053f314593d
train_series\1.2.826.0.1.3680043.8.498.76947689399889739752390906772011627242\1.2.826.0.1.3680043.8.498.88090825477445393191742238079886131934.dcm,1.2.826.0.1.3680043.8.498.76947689399889739752390906772011627242,True,384,384,0.0,1289.0,120.58561876085069,235.31675952999004,c77033ba17f23ddb7637f777e26927e89dfe0411c224eb0c0c0cc3f3fe8901e7
train_series\1.2.826.0.1.3680043.8.498.76947689399889739752390906772011627242\1.2.826.0.1.3680043.8.498.89739751263918220254684543591772290825.dcm,1.2.826.0.1.3680043.8.498.76947689399889739752390906772011627242,True,384,384,0.0,2062.0,290.2205878363715,333.7123510257425,76a734000ce358eedba824c0a8f0c8292505d1d4724becccb7ff30fca4d52bf8
train_series\1.2.826.0.1.3680043.8.498.76947689399889739752390906772011627242\1.2.826.0.1.3680043.8.498.96265445886848389455595323307686800088.dcm,1.2.826.0.1.3680043.8.498.76947689399889739752390906772011627242,True,384,384,0.0,866.0,25.84079318576389,81.03700080880957,4acd6edbc0dcd89f0810448432099eaf948d7d9c251243b59bf602b2ab3e0706
train_series\1.2.826.0.1.3680043.8.498.76947689399889739752390906772011627242\1.2.826.0.1.3680043.8.498.96926344143488241993170689647479352285.dcm,1.2.826.0.1.3680043.8.498.76947689399889739752390906772011627242,True,384,384,0.0,1647.0,257.17323133680554,308.5581562298292,41dd285ac4e4d85e926cbd868bd53a05202bc266f17c993ac99a4ae441240348
train_series\1.2.826.0.1.3680043.8.498.81917956022130221494316872143485515885\1.2.826.0.1.3680043.8.498.10028337312207250660457882761914395102.dcm,1.2.826.0.1.3680043.8.498.81917956022130221494316872143485515885,True,384,384,0.0,1884.0,395.3345540364583,392.7801479375616,a9eb32e2b1829ac0bb3949d03044163f91ebd1a42e002f8563021b3a062b9fbe
train_series\1.2.826.0.1.3680043.8.498.81917956022130221494316872143485515885\1.2.826.0.1.3680043.8.498.10885323987435877778920199822300745546.dcm,1.2.826.0.1.3680043.8.498.81917956022130221494316872143485515885,True,384,384,0.0,1921.0,387.07184516059027,383.15252938998464,c4f8175f1415207c8242b2424f3770abffcdb22ece5125ee5cc25b99b500c11d
train_series\1.2.826.0.1.3680043.8.498.81917956022130221494316872143485515885\1.2.826.0.1.3680043.8.498.11556029474794759301267525377369465283.dcm,1.2.826.0.1.3680043.8.498.81917956022130221494316872143485515885,True,384,384,0.0,1952.0,325.73121473524304,383.8629188544985,f77538d673b0b201975fa2135d09f0a37fc7ad7f7f8ef3c98792ee06897881ad
train_series\1.2.826.0.1.3680043.8.498.81917956022130221494316872143485515885\1.2.826.0.1.3680043.8.498.11766747411083609732234195352497955798.dcm,1.2.826.0.1.3680043.8.498.81917956022130221494316872143485515885,True,384,384,0.0,1871.0,395.23965793185766,407.21813156347486,8ea12eaf842d52022370aff6c6774c72804a65be5685a3fb861c4028830c4432
train_series\1.2.826.0.1.3680043.8.498.81917956022130221494316872143485515885\1.2.826.0.1.3680043.8.498.11793357041574054759636435059595190305.dcm,1.2.826.0.1.3680043.8.498.81917956022130221494316872143485515885,True,384,384,0.0,296.0,10.779547797309029,13.388877318999567,fc6c9dc66e5d4d60f5fb3b85262785b57148d7b752683505abfc19b62346c278
train_series\1.2.826.0.1.3680043.8.498.81917956022130221494316872143485515885\1.2.826.0.1.3680043.8.498.12009981377109301855022270735522566140.dcm,1.2.826.0.1.3680043.8.498.81917956022130221494316872143485515885,True,384,384,0.0,1523.0,223.58533393012152,340.86750832530333,3ed6ad9de332bbbe0720e5dbef471f6c96e6449e659fe7820e1e007e6b90d192
train_series\1.2.826.0.1.3680043.8.498.81917956022130221494316872143485515885\1.2.826.0.1.3680043.8.498.12316404099049395457945207383919200712.dcm,1.2.826.0.1.3680043.8.498.81917956022130221494316872143485515885,True,384,384,0.0,1225.0,38.56342909071181,135.0326702695259,1c9af67723be2f64832a51f1755bb848ba214a01e7b5acd3d5a5d30f88590194
train_series\1.2.826.0.1.3680043.8.498.81917956022130221494316872143485515885\1.2.826.0.1.3680043.8.498.12477270833817783890861494958415579481.dcm,1.2.826.0.1.3680043.8.498.81917956022130221494316872143485515885,True,384,384,0.0,1592.0,317.81414794921875,382.53066346925146,5994444defaa74c27acda03c710b7ff52eda6bba2d84e1cb8affc0ff09d23dbf
train_series\1.2.826.0.1.3680043.8.498.81917956022130221494316872143485515885\1.2.826.0.1.3680043.8.498.13010481181246211869607821923694605580.dcm,1.2.826.0.1.3680043.8.498.81917956022130221494316872143485515885,True,384,384,0.0,1871.0,412.3403591579861,414.0924058583577,31e62d8aaca8c3852698c8a49540defa123163b6d7b4a7c129b9296c8ac1f914
train_series\1.2.826.0.1.3680043.8.498.81917956022130221494316872143485515885\1.2.826.0.1.3680043.8.498.13371681989543342993220161360812829514.dcm,1.2.826.0.1.3680043.8.498.81917956022130221494316872143485515885,True,384,384,0.0,1565.0,296.3360324435764,373.9052929937558,981d51f8433b700c934a81431e7cf6b4284458a02634060a86da878a0f6b866b
train_series\1.2.826.0.1.3680043.8.498.81917956022130221494316872143485515885\1.2.826.0.1.3680043.8.498.16111994866855356637935304613342744723.dcm,1.2.826.0.1.3680043.8.498.81917956022130221494316872143485515885,True,384,384,0.0,1476.0,190.4582722981771,314.6592371569944,a227f9be5fffe4eeb6e1621511fece98806b2e2c4b05cfad87e8b7c67c43b953
train_series\1.2.826.0.1.3680043.8.498.81917956022130221494316872143485515885\1.2.826.0.1.3680043.8.498.17350279756746510008445506838419161190.dcm,1.2.826.0.1.3680043.8.498.81917956022130221494316872143485515885,True,384,384,0.0,2104.0,358.016120062934,393.6929903431896,85a4f93fc3e6c801dc5d6dbae730e0100a9d6cee25e015dde10a6314e4e3eb2b
train_series\1.2.826.0.1.3680043.8.498.81917956022130221494316872143485515885\1.2.826.0.1.3680043.8.498.22901595930808470509531195494119198667.dcm,1.2.826.0.1.3680043.8.498.81917956022130221494316872143485515885,True,384,384,0.0,1540.0,166.74874538845486,318.7781298465126,4c9e9c9cb5953ccb8148b4207743f08a1fcc5f237bc0f524c3432c0db6359972
train_series\1.2.826.0.1.3680043.8.498.81917956022130221494316872143485515885\1.2.826.0.1.3680043.8.498.27347986245059618310180942591830613221.dcm,1.2.826.0.1.3680043.8.498.81917956022130221494316872143485515885,True,384,384,0.0,1777.0,406.09637451171875,407.6905398583885,cdb45544dc8a90c192199e7c8a0c0aac47cd260a109ace670c40d5dff4212a40
train_series\1.2.826.0.1.3680043.8.498.81917956022130221494316872143485515885\1.2.826.0.1.3680043.8.498.29008392925909476193797861256682725506.dcm,1.2.826.0.1.3680043.8.498.81917956022130221494316872143485515885,True,384,384,0.0,1847.0,327.77886284722223,396.8242028983512,d5e6285fea83429261d7af7457288a68f054687269b636bb538bd5988d3b7313
train_series\1.2.826.0.1.3680043.8.498.81917956022130221494316872143485515885\1.2.826.0.1.3680043.8.498.30482103106829649653285161400860896704.dcm,1.2.826.0.1.3680043.8.498.81917956022130221494316872143485515885,True,384,384,0.0,1547.0,117.51534695095486,277.8562729308972,4db5bc59ea6038aed980003eeaec2ebbe54f48ddb7dc6dcce8755f055ffa8fb1
train_series\1.2.826.0.1.3680043.8.498.81917956022130221494316872143485515885\1.2.826.0.1.3680043.8.498.34978358501984304776846331350328621904.dcm,1.2.826.0.1.3680043.8.498.81917956022130221494316872143485515885,True,384,384,0.0,1770.0,395.35765245225696,400.6101609191453,3eea238aadbac9dbe404b63293ea32ab994d158788538acdb5a99704eac1b2d5
train_series\1.2.826.0.1.3680043.8.498.81917956022130221494316872143485515885\1.2.826.0.1.3680043.8.498.37991412503990534437488692615012615983.dcm,1.2.826.0.1.3680043.8.498.81917956022130221494316872143485515885,True,384,384,0.0,1517.0,81.73311360677083,214.19572083356596,3e9303aa6001667a52a51601ca35cde093f983b53dc2bde16f85d683da408acc
train_series\1.2.826.0.1.3680043.8.498.81917956022130221494316872143485515885\1.2.826.0.1.3680043.8.498.38560853037021386949380765948634974147.dcm,1.2.826.0.1.3680043.8.498.81917956022130221494316872143485515885,True,384,384,0.0,1657.0,373.66843668619794,403.2409417423908,3b8fcf098ec111856aabb9f8f643e92c2176305090073f74d9070ca882ed2b05
train_series\1.2.826.0.1.3680043.8.498.81917956022130221494316872143485515885\1.2.826.0.1.3680043.8.498.39475776590254777277773230645075857773.dcm,1.2.826.0.1.3680043.8.498.81917956022130221494316872143485515885,True,384,384,0.0,1508.0,181.38125949435764,322.726573027582,a0d173a444e168c94b638b7942cf1bf90e24378e4d01f88dea2d06be65b81589
train_series\1.2.826.0.1.3680043.8.498.81917956022130221494316872143485515885\1.2.826.0.1.3680043.8.498.44976533753361189788254459874803484243.dcm,1.2.826.0.1.3680043.8.498.81917956022130221494316872143485515885,True,384,384,0.0,1982.0,369.263434516059,401.98777221746155,992c54d4117ac81734f6e793193b14fccccc73213b06794004e56b1c3353e044
train_series\1.2.826.0.1.3680043.8.498.81917956022130221494316872143485515885\1.2.826.0.1.3680043.8.498.45540942582007591603341041824575211536.dcm,1.2.826.0.1.3680043.8.498.81917956022130221494316872143485515885,True,384,384,0.0,1906.0,409.27863226996527,411.036168100545,40b197a3b7c63941e1e982ae5cc9a4fe2c319754e6f15c3da26cceb020c5bea6
train_series\1.2.826.0.1.3680043.8.498.81917956022130221494316872143485515885\1.2.826.0.1.3680043.8.498.54560671221196884286036602010468319719.dcm,1.2.826.0.1.3680043.8.498.81917956022130221494316872143485515885,True,384,384,0.0,1495.0,251.2968546549479,361.8112651928124,ecd329098def1489e9d769e485b1d90cd633fd8b31110cd798221c2fc7f96097
train_series\1.2.826.0.1.3680043.8.498.81917956022130221494316872143485515885\1.2.826.0.1.3680043.8.498.61442187346468253101373160226146362368.dcm,1.2.826.0.1.3680043.8.498.81917956022130221494316872143485515885,True,384,384,0.0,1499.0,148.03113471137152,309.45090225764596,9a24401e9e4d9837d3dec6ad7cbb423e24ada1bbf244277c23bed7f28770f992
train_series\1.2.826.0.1.3680043.8.498.81917956022130221494316872143485515885\1.2.826.0.1.3680043.8.498.63523180310433246402244355212092873243.dcm,1.2.826.0.1.3680043.8.498.81917956022130221494316872143485515885,True,384,384,0.0,1778.0,360.24757893880206,400.56133622480866,f9aa2b2cfea7e75bcc574e7b7a76513915b25d718bb68741ee7f0ca596adb71b
train_series\1.2.826.0.1.3680043.8.498.81917956022130221494316872143485515885\1.2.826.0.1.3680043.8.498.67959727545357802432651307868140117285.dcm,1.2.826.0.1.3680043.8.498.81917956022130221494316872143485515885,True,384,384,0.0,1694.0,338.86244032118054,391.3417864009643,a29e0629b1a3ac8269aeb1ee49b9510fb47a3fb9451a1d215d7892a9438bd897
train_series\1.2.826.0.1.3680043.8.498.81917956022130221494316872143485515885\1.2.826.0.1.3680043.8.498.68147130157962011036292142604851465782.dcm,1.2.826.0.1.3680043.8.498.81917956022130221494316872143485515885,True,384,384,0.0,1693.0,385.3579576280382,406.11990393990345,66fb7a16428a2858533f5ebff114e0eccf482db947c0e8922097dea5d0aa90ac
train_series\1.2.826.0.1.3680043.8.498.81917956022130221494316872143485515885\1.2.826.0.1.3680043.8.498.78310081901516278429452601107118881407.dcm,1.2.826.0.1.3680043.8.498.81917956022130221494316872143485515885,True,384,384,0.0,1460.0,52.75774468315972,158.20952075025278,e636da13c9c8efbc52f483aa329046388f4a3bf4e69699c2490c2c80888a5051
train_series\1.2.826.0.1.3680043.8.498.81917956022130221494316872143485515885\1.2.826.0.1.3680043.8.498.90808888999355984394916901045842017031.dcm,1.2.826.0.1.3680043.8.498.81917956022130221494316872143485515885,True,384,384,0.0,1993.0,340.36461046006946,389.9691643685168,08ccee171af83fe65ca56252f9641542938727dab8df58039c25ec8778bc4340
train_series\1.2.826.0.1.3680043.8.498.81917956022130221494316872143485515885\1.2.826.0.1.3680043.8.498.93171594748100641270393993645839525531.dcm,1.2.826.0.1.3680043.8.498.81917956022130221494316872143485515885,True,384,384,0.0,1501.0,272.22303602430554,365.5656889177299,78c3a53a08b19fc50c7e8067afb985b784176aa71b4ba5b84096aa777175c9f8
train_series\1.2.826.0.1.3680043.8.498.81917956022130221494316872143485515885\1.2.826.0.1.3680043.8.498.95467806049122075447941957019356298965.dcm,1.2.826.0.1.3680043.8.498.81917956022130221494316872143485515885,True,384,384,0.0,2080.0,403.229987250434,411.0198162254294,556b7162a1e89e561de61305cb93e192b391b387dd9870ff13ee16ee31d46fb7
train_series\1.2.826.0.1.3680043.8.498.81917956022130221494316872143485515885\1.2.826.0.1.3680043.8.498.98840984381598167932963715259180376309.dcm,1.2.826.0.1.3680043.8.498.81917956022130221494316872143485515885,True,384,384,0.0,2056.0,351.24184163411456,389.86941587646413,86be0fe1fb93cdd160fdb3a2caac77ce6a6a431b40f6cc1b6b5220c32af7870c
train_series\1.2.826.0.1.3680043.8.498.83327574802189551711953505990029424266\1.2.826.0.1.3680043.8.498.10302866015895193310496707819988435586.dcm,1.2.826.0.1.3680043.8.498.83327574802189551711953505990029424266,True,640,640,0.0,822.0,56.99712646484375,61.116720897686946,bf362bfe62f96f2009a625c468d386a4b2df80e8ee692f489d460a01ec695d9d
train_series\1.2.826.0.1.3680043.8.498.83327574802189551711953505990029424266\1.2.826.0.1.3680043.8.498.10464140190114346503782934239255140934.dcm,1.2.826.0.1.3680043.8.498.83327574802189551711953505990029424266,True,640,640,0.0,827.0,47.7244775390625,62.062341471902926,8fad99717c8449745d13413cceedb5305fe927ad5816069166c027a82ba9c6dc
train_series\1.2.826.0.1.3680043.8.498.83327574802189551711953505990029424266\1.2.826.0.1.3680043.8.498.11314091099120378982737345803818506640.dcm,1.2.826.0.1.3680043.8.498.83327574802189551711953505990029424266,True,640,640,0.0,780.0,63.38962646484375,60.13000966092856,d54836c9aaabe97001055e89c03eba9f528090acd20ed207b60ca34e9cc668a5
train_series\1.2.826.0.1.3680043.8.498.83327574802189551711953505990029424266\1.2.826.0.1.3680043.8.498.11358098794992028752138212648686844540.dcm,1.2.826.0.1.3680043.8.498.83327574802189551711953505990029424266,True,640,640,0.0,183.0,16.327275390625,20.287566793596238,8fdbc3e1eccdc205c7f53948b913a5edb5fd300a50083995e0e96f106ba0aa4a
train_series\1.2.826.0.1.3680043.8.498.83327574802189551711953505990029424266\1.2.826.0.1.3680043.8.498.11541595332970362831452715878175084192.dcm,1.2.826.0.1.3680043.8.498.83327574802189551711953505990029424266,True,640,640,0.0,541.0,43.00145263671875,54.29195189317027,540c1422e3359dfce115e8b3ac8937f554a34454e355a1c565574ebc6c457d01
train_series\1.2.826.0.1.3680043.8.498.83327574802189551711953505990029424266\1.2.826.0.1.3680043.8.498.11727699988557625340743360452958656819.dcm,1.2.826.0.1.3680043.8.498.83327574802189551711953505990029424266,True,640,640,0.0,844.0,60.515322265625,63.978506977514925,79ef477d69f7061beaff6cc114b11aa0fccd88215415516041df283a2aa3709e
train_series\1.2.826.0.1.3680043.8.498.83327574802189551711953505990029424266\1.2.826.0.1.3680043.8.498.12430348996335205787342007703744673791.dcm,1.2.826.0.1.3680043.8.498.83327574802189551711953505990029424266,True,640,640,0.0,826.0,58.58539306640625,62.56408892226152,be37f1608d7ad94ccfba480dae787d30bba64921e4f1d02f90ac8f1b6b823970
train_series\1.2.826.0.1.3680043.8.498.83327574802189551711953505990029424266\1.2.826.0.1.3680043.8.498.12932254469116949461773110770967379934.dcm,1.2.826.0.1.3680043.8.498.83327574802189551711953505990029424266,True,640,640,0.0,691.0,74.10314697265625,60.409241615157185,d7a936e8d407466de0fd5a329b8651a1f366c6a0c2e6441e1753f33c39b1fdec
train_series\1.2.826.0.1.3680043.8.498.83327574802189551711953505990029424266\1.2.826.0.1.3680043.8.498.12999386059057129042568343127231308041.dcm,1.2.826.0.1.3680043.8.498.83327574802189551711953505990029424266,True,640,640,0.0,491.0,65.5079345703125,56.84124505313929,90c71be1097cf63a325ac5c5b214e8df52bcc0f60dc055f2c806ad1b03bf998b
train_series\1.2.826.0.1.3680043.8.498.83327574802189551711953505990029424266\1.2.826.0.1.3680043.8.498.13128306645958546176159606737173872008.dcm,1.2.826.0.1.3680043.8.498.83327574802189551711953505990029424266,True,640,640,0.0,854.0,46.988134765625,55.7706778832745,4f51cd5699d5b764118d54d6172c52307ad2b327ee3fa265c5498d2249577913
train_series\1.2.826.0.1.3680043.8.498.83327574802189551711953505990029424266\1.2.826.0.1.3680043.8.498.13409377888831678304714096570384759758.dcm,1.2.826.0.1.3680043.8.498.83327574802189551711953505990029424266,True,640,640,0.0,261.0,23.082841796875,28.661314515155972,2a271be813905932c9dc96192d6a8660bd5a448b720f176fd1189d0aee5978b0
train_series\1.2.826.0.1.3680043.8.498.83327574802189551711953505990029424266\1.2.826.0.1.3680043.8.498.13986583456381913152882424429102341452.dcm,1.2.826.0.1.3680043.8.498.83327574802189551711953505990029424266,True,640,640,0.0,925.0,51.06175537109375,63.15698850883099,28c39c97970faff2da884c3caaf70cea38e522c0ae4414a7eced631d8b316479
train_series\1.2.826.0.1.3680043.8.498.83327574802189551711953505990029424266\1.2.826.0.1.3680043.8.498.19476578509882191481623626158100256438.dcm,1.2.826.0.1.3680043.8.498.83327574802189551711953505990029424266,True,640,640,0.0,876.0,56.41343017578125,66.14592884032932,184538e4073e5b6e510b401b5d4f7aaa20f424c6e51f8bae77f2a67e17f0c0e4
train_series\1.2.826.0.1.3680043.8.498.83327574802189551711953505990029424266\1.2.826.0.1.3680043.8.498.24275886275464803269161410403084806344.dcm,1.2.826.0.1.3680043.8.498.83327574802189551711953505990029424266,True,640,640,0.0,276.0,28.10999755859375,33.89555811621575,828ae9ba1eecab20fdd1cda1041e33f0c3730547343873562f04fadcfa945a13
train_series\1.2.826.0.1.3680043.8.498.83327574802189551711953505990029424266\1.2.826.0.1.3680043.8.498.25474407477995852386322339621970991600.dcm,1.2.826.0.1.3680043.8.498.83327574802189551711953505990029424266,True,640,640,0.0,646.0,71.57442138671875,59.83903341834303,5ca00a5005c783367edb8a69239303b071b5d310064f33e36daa849d1cf11c98
train_series\1.2.826.0.1.3680043.8.498.83327574802189551711953505990029424266\1.2.826.0.1.3680043.8.498.27261187463436545744060032100683397325.dcm,1.2.826.0.1.3680043.8.498.83327574802189551711953505990029424266,True,640,640,0.0,402.0,35.3825634765625,41.108476183528296,38ecf0cfcbb5cdd76aa7b7ede1365255a4ec70556b8b319a4c9b71aebfeb9c7a
train_series\1.2.826.0.1.3680043.8.498.83327574802189551711953505990029424266\1.2.826.0.1.3680043.8.498.29117594348564866461619099009030187795.dcm,1.2.826.0.1.3680043.8.498.83327574802189551711953505990029424266,True,640,640,0.0,849.0,46.9397119140625,57.049627759136776,22fecbb0b42572da99b8f03cb2c6bc9e1e415d944be5e75dc5a0e792968c0477
train_series\1.2.826.0.1.3680043.8.498.83327574802189551711953505990029424266\1.2.826.0.1.3680043.8.498.32157737210451060673594268057033798142.dcm,1.2.826.0.1.3680043.8.498.83327574802189551711953505990029424266,True,640,640,0.0,241.0,25.54802490234375,31.45247147941545,033968760414df8f99412f0b8359c009e011f325b43b716b91fa675f55521fc5
train_series\1.2.826.0.1.3680043.8.498.83327574802189551711953505990029424266\1.2.826.0.1.3680043.8.498.35420089684421240453041240162577358840.dcm,1.2.826.0.1.3680043.8.498.83327574802189551711953505990029424266,True,640,640,0.0,113.0,11.60232666015625,14.8874504078182,5db6c5f68a58223d4aa83aaa87e426614b13f447a50c820e3faaba79750e7eba
train_series\1.2.826.0.1.3680043.8.498.83327574802189551711953505990029424266\1.2.826.0.1.3680043.8.498.37639092251843966166025010334304275720.dcm,1.2.826.0.1.3680043.8.498.83327574802189551711953505990029424266,True,640,640,0.0,234.0,20.1232763671875,24.7852157964767,d1359dd6b06d5f1ac439e985cd8089cc7c7ed02d43cf6d5da674ca71de69d74e
train_series\1.2.826.0.1.3680043.8.498.83327574802189551711953505990029424266\1.2.826.0.1.3680043.8.498.39968161413100764413062710920105935641.dcm,1.2.826.0.1.3680043.8.498.83327574802189551711953505990029424266,True,640,640,0.0,284.0,31.843642578125,37.42828886336426,5e260b9f58be2884d42051b673fb0c516b802f9be7f59f331d0b03060eb55ab6
train_series\1.2.826.0.1.3680043.8.498.83327574802189551711953505990029424266\1.2.826.0.1.3680043.8.498.41311397150066875110543848792360842147.dcm,1.2.826.0.1.3680043.8.498.83327574802189551711953505990029424266,True,640,640,0.0,503.0,50.2253271484375,59.61625586220372,d5c4f7eadb9173ce74bd8b061b4f9eac9062afe9458f5132104203d1cf962e90
train_series\1.2.826.0.1.3680043.8.498.83327574802189551711953505990029424266\1.2.826.0.1.3680043.8.498.43241237768796479837018249549870588497.dcm,1.2.826.0.1.3680043.8.498.83327574802189551711953505990029424266,True,640,640,0.0,550.0,63.81859375,56.72343900189893,6a55751140acdc1055768c94ee3847f2e93131643dcda4674b2c549e1e5f3c7e
train_series\1.2.826.0.1.3680043.8.498.83327574802189551711953505990029424266\1.2.826.0.1.3680043.8.498.46228205301838960177425340726063747131.dcm,1.2.826.0.1.3680043.8.498.83327574802189551711953505990029424266,True,640,640,0.0,914.0,46.9798388671875,54.39127179999482,2f3d81575d5dc0cba0c45672f24dd551bf50f890dc4e7095a4cfed9a7ce31b0b
train_series\1.2.826.0.1.3680043.8.498.83327574802189551711953505990029424266\1.2.826.0.1.3680043.8.498.47218332041903722793870114788752338459.dcm,1.2.826.0.1.3680043.8.498.83327574802189551711953505990029424266,True,640,640,0.0,951.0,48.74419677734375,59.41139963020458,c27e7db4c440c81042e1136e4f7de775e8f23e1b84eb1c4bb3d927266ab07176
train_series\1.2.826.0.1.3680043.8.498.83327574802189551711953505990029424266\1.2.826.0.1.3680043.8.498.49087084901812842601191721921773481846.dcm,1.2.826.0.1.3680043.8.498.83327574802189551711953505990029424266,True,640,640,0.0,683.0,69.6397802734375,60.85827411994174,f1c9d7e4ed634f0105bd9ed1de048a146b7de6c934e7d9e250378b3b1f11d853
train_series\1.2.826.0.1.3680043.8.498.83327574802189551711953505990029424266\1.2.826.0.1.3680043.8.498.51439929827178712105757230277439936288.dcm,1.2.826.0.1.3680043.8.498.83327574802189551711953505990029424266,True,640,640,0.0,610.0,47.523896484375,55.404859068950095,d33d9c72b596faadffcb52096d7a3510925621041ed52f1f8df0915c928ef045
train_series\1.2.826.0.1.3680043.8.498.83327574802189551711953505990029424266\1.2.826.0.1.3680043.8.498.52533078186188001719372121375577370642.dcm,1.2.826.0.1.3680043.8.498.83327574802189551711953505990029424266,True,640,640,0.0,93.0,7.9258740234375,11.124825466843228,4976d0eaebb5be2d1d8192691d49772212bca45236160a6cee0f9d5f6c9269e8
train_series\1.2.826.0.1.3680043.8.498.83327574802189551711953505990029424266\1.2.826.0.1.3680043.8.498.54847402113712003119823623364447092409.dcm,1.2.826.0.1.3680043.8.498.83327574802189551711953505990029424266,True,640,640,0.0,510.0,46.94237548828125,53.966813145810896,a77a108c40de56c0953c0bb07bb0203f7613147978d6aae71e1164999b519aff
train_series\1.2.826.0.1.3680043.8.498.83327574802189551711953505990029424266\1.2.826.0.1.3680043.8.498.57325030798778032212909250611899182658.dcm,1.2.826.0.1.3680043.8.498.83327574802189551711953505990029424266,True,640,640,0.0,893.0,54.41152099609375,67.05443282516771,f8a9902ee3fd4b90d48594a2ea2cfacfa57810121c37b8b2cbd75679f029f55f
train_series\1.2.826.0.1.3680043.8.498.83327574802189551711953505990029424266\1.2.826.0.1.3680043.8.498.67097644760870284664530695370610705910.dcm,1.2.826.0.1.3680043.8.498.83327574802189551711953505990029424266,True,640,640,0.0,705.0,67.36392578125,58.58835903881998,d91449ed7a73c1c3becf1baf49908bb74a5c52818a80412de998f56948380b82
train_series\1.2.826.0.1.3680043.8.498.83327574802189551711953505990029424266\1.2.826.0.1.3680043.8.498.70322784181641281939850955043524890461.dcm,1.2.826.0.1.3680043.8.498.83327574802189551711953505990029424266,True,640,640,0.0,572.0,53.31048828125,69.86610732319323,8fbb3175a42431f0abff30252b705f245ce203fbdc592f985054010807ca881a
train_series\1.2.826.0.1.3680043.8.498.83327574802189551711953505990029424266\1.2.826.0.1.3680043.8.498.79721130209159753311935658832150628483.dcm,1.2.826.0.1.3680043.8.498.83327574802189551711953505990029424266,True,640,640,0.0,649.0,47.77001708984375,58.15687592816792,9e2365db75e36c63423174463ef3f06c653af00d1b83643ea810b003bdf7e983
train_series\1.2.826.0.1.3680043.8.498.83327574802189551711953505990029424266\1.2.826.0.1.3680043.8.498.81657768193188229062904016766889461252.dcm,1.2.826.0.1.3680043.8.498.83327574802189551711953505990029424266,True,640,640,0.0,579.0,50.08518310546875,60.315112372104856,57e9a310e63c145bb0459131545fabee981fb471439b94ea7077245f190e1ac2
train_series\1.2.826.0.1.3680043.8.498.83327574802189551711953505990029424266\1.2.826.0.1.3680043.8.498.82845530933608366172773660750985247065.dcm,1.2.826.0.1.3680043.8.498.83327574802189551711953505990029424266,True,640,640,0.0,792.0,62.8635791015625,64.64918390945691,a2cc82d544e22d4888d55d2283a43b962d3b637daf50af0c39d0b72e37f2d592
train_series\1.2.826.0.1.3680043.8.498.83327574802189551711953505990029424266\1.2.826.0.1.3680043.8.498.94275758467485573531808026662681718225.dcm,1.2.826.0.1.3680043.8.498.83327574802189551711953505990029424266,True,640,640,0.0,860.0,47.0518310546875,59.79907576191517,7ac3b9d6806274c46b2d3aeb5477837f17d163535042ff5b4afe62ba509300c0
train_series\1.2.826.0.1.3680043.8.498.83327574802189551711953505990029424266\1.2.826.0.1.3680043.8.498.96549088811132641963664988416923695641.dcm,1.2.826.0.1.3680043.8.498.83327574802189551711953505990029424266,True,640,640,0.0,423.0,38.221669921875,46.14965320944445,3779573aa1979f4364fa6965589ed0976e971b71725457782f630b0a37527842
train_series\1.2.826.0.1.3680043.8.498.83327574802189551711953505990029424266\1.2.826.0.1.3680043.8.498.99990569033005106259656406160783761872.dcm,1.2.826.0.1.3680043.8.498.83327574802189551711953505990029424266,True,640,640,0.0,60.0,4.99183349609375,7.873317293412301,fa70af53332bee1b35158268b58585e61dec843fb68fa1b59a94a0d3a2d48e0a
train_series\1.2.826.0.1.3680043.8.498.87374594163896635184044513927478147680\1.2.826.0.1.3680043.8.498.10397926371375110515251651197531931104.dcm,1.2.826.0.1.3680043.8.498.87374594163896635184044513927478147680,True,640,540,0.0,919.0,147.5155931712963,155.6754320520245,4f1e5f1398ad2e891bc2baee4acec7e421ac7bb83f231689b0d9bd82a34d922a
train_series\1.2.826.0.1.3680043.8.498.87374594163896635184044513927478147680\1.2.826.0.1.3680043.8.498.10555039379571607315962612945251480042.dcm,1.2.826.0.1.3680043.8.498.87374594163896635184044513927478147680,True,640,540,0.0,892.0,137.47448784722224,151.4668478145021,fcfe65c74db789e5272d6f0cdc5b3b5a6e87a7d7c6209b47aaa4db66e3480cdb
train_series\1.2.826.0.1.3680043.8.498.87374594163896635184044513927478147680\1.2.826.0.1.3680043.8.498.10613040900775015278134225592664376588.dcm,1.2.826.0.1.3680043.8.498.87374594163896635184044513927478147680,True,640,540,0.0,683.0,70.75044560185185,112.45667034569915,08e2e8ad19e19f71a6bd04c2e091996253ede303d09d1043f183a5eeb81613af
train_series\1.2.826.0.1.3680043.8.498.87374594163896635184044513927478147680\1.2.826.0.1.3680043.8.498.11089717105024185751824772023028292911.dcm,1.2.826.0.1.3680043.8.498.87374594163896635184044513927478147680,True,640,540,0.0,927.0,175.9469704861111,185.23240753366534,391f0759bc6ce489a9ed4dd40174c53240d926e04f7be6c0e69884518ed8cb49
train_series\1.2.826.0.1.3680043.8.498.87374594163896635184044513927478147680\1.2.826.0.1.3680043.8.498.11429701724410597354983828418173126487.dcm,1.2.826.0.1.3680043.8.498.87374594163896635184044513927478147680,True,640,540,0.0,885.0,202.9042332175926,186.04599377049777,7034ab379579515db123a592763c3fea04acda0f34aeab73170679da9b4e8688
train_series\1.2.826.0.1.3680043.8.498.87374594163896635184044513927478147680\1.2.826.0.1.3680043.8.498.11594086096082350785873533710911834853.dcm,1.2.826.0.1.3680043.8.498.87374594163896635184044513927478147680,True,640,540,0.0,773.0,116.06241319444445,141.40426721801407,80fe021b17184a62411834db3b0d412010f3492644b33a1a011966309afba8bd
train_series\1.2.826.0.1.3680043.8.498.87374594163896635184044513927478147680\1.2.826.0.1.3680043.8.498.11600501105298123516942850440887591144.dcm,1.2.826.0.1.3680043.8.498.87374594163896635184044513927478147680,True,640,540,0.0,744.0,82.18113715277778,115.76686636717521,55730cd4ad60c5f8234ec995416ebe80382b8bb7b6a291ae9c1b9d402235c636
train_series\1.2.826.0.1.3680043.8.498.87374594163896635184044513927478147680\1.2.826.0.1.3680043.8.498.11834354006674884522717180743269702851.dcm,1.2.826.0.1.3680043.8.498.87374594163896635184044513927478147680,True,640,540,0.0,852.0,183.32411458333334,174.9485327643634,6565ecb9783fcee2d25652bb41e0893fdb794834d86ad04f2fc2af49cb4f6d34
train_series\1.2.826.0.1.3680043.8.498.87374594163896635184044513927478147680\1.2.826.0.1.3680043.8.498.12578759175022769312438796174691877687.dcm,1.2.826.0.1.3680043.8.498.87374594163896635184044513927478147680,True,640,540,0.0,989.0,188.81042824074075,187.4842844804103,2984b835deea8096a7094356ac74fa4faaa8186e5eb8e43e0971032d5db583ff
train_series\1.2.826.0.1.3680043.8.498.87374594163896635184044513927478147680\1.2.826.0.1.3680043.8.498.12854504339655121572078816529570366895.dcm,1.2.826.0.1.3680043.8.498.87374594163896635184044513927478147680,True,640,540,0.0,918.0,171.37367766203704,183.11320345920677,7dbe3a05d20fe985bf0e00781afb0017a38c154f8bbe836ff4d78df22c92ebec
train_series\1.2.826.0.1.3680043.8.498.87374594163896635184044513927478147680\1.2.826.0.1.3680043.8.498.12981149278977406926035770822103658738.dcm,1.2.826.0.1.3680043.8.498.87374594163896635184044513927478147680,True,640,540,0.0,581.0,58.783171296296295,111.05958858035322,bbc85b4d2b6f16b7ea09befd67bae0cef871bc964823b76158059939544fd781
train_series\1.2.826.0.1.3680043.8.498.87374594163896635184044513927478147680\1.2.826.0.1.3680043.8.498.13381812627485925656246420264334772369.dcm,1.2.826.0.1.3680043.8.498.87374594163896635184044513927478147680,True,640,540,0.0,599.0,44.916811342592595,96.125773282393,9060c6edab95149419e76703b877031803d52d1e94b6159d50bd0adb4233f40c
train_series\1.2.826.0.1.3680043.8.498.87374594163896635184044513927478147680\1.2.826.0.1.3680043.8.498.18144979958550700715121403800114194209.dcm,1.2.826.0.1.3680043.8.498.87374594163896635184044513927478147680,True,640,540,0.0,1016.0,189.7102199074074,205.14719449566542,3db5c0cfb16942b5e2888f2b95805a7a1646488e7b35b3df7710c3dcc02878fa
train_series\1.2.826.0.1.3680043.8.498.87374594163896635184044513927478147680\1.2.826.0.1.3680043.8.498.18673075910228771157345702267240835213.dcm,1.2.826.0.1.3680043.8.498.87374594163896635184044513927478147680,True,640,540,0.0,993.0,172.33139756944445,179.7870597268089,87d2a78694214480c32ecf56347b6a50180af77192a325cddd5ef44ca219dcf0
train_series\1.2.826.0.1.3680043.8.498.87374594163896635184044513927478147680\1.2.826.0.1.3680043.8.498.20240245654751564301731901926240093121.dcm,1.2.826.0.1.3680043.8.498.87374594163896635184044513927478147680,True,640,540,0.0,810.0,189.07139756944446,175.15020063202326,d0c0191f2960b68f6cfe35e24e683a001675c40bd8be613ca2fa946735d4d163
train_series\1.2.826.0.1.3680043.8.498.87374594163896635184044513927478147680\1.2.826.0.1.3680043.8.498.24437388679360711608477420497937349011.dcm,1.2.826.0.1.3680043.8.498.87374594163896635184044513927478147680,True,640,540,0.0,749.0,107.3899045138889,138.99338277132267,7223e044039dd76b73bc90a540316502fe14caba4c0455b6b26a92ff12fba880
train_series\1.2.826.0.1.3680043.8.498.87374594163896635184044513927478147680\1.2.826.0.1.3680043.8.498.29721379739956461978998556440660917302.dcm,1.2.826.0.1.3680043.8.498.87374594163896635184044513927478147680,True,640,540,0.0,536.0,33.94050925925926,87.12955147907257,60eed4deea7cbd77d6ec8dbdd24a2ef4b80fcf1ccd51c40fd9ec5489c16fc16a
train_series\1.2.826.0.1.3680043.8.498.87374594163896635184044513927478147680\1.2.826.0.1.3680043.8.498.35502600070023555130752444056974915546.dcm,1.2.826.0.1.3680043.8.498.87374594163896635184044513927478147680,True,640,540,0.0,961.0,169.68187210648148,167.09520682413873,99a977341cb3e323a9337278991fb5ee24a168d35f6cd27fc538803befcdcab0
train_series\1.2.826.0.1.3680043.8.498.87374594163896635184044513927478147680\1.2.826.0.1.3680043.8.498.38870199466859406704030566106221140248.dcm,1.2.826.0.1.3680043.8.498.87374594163896635184044513927478147680,True,640,540,0.0,846.0,189.71199652777779,174.48702053519622,336788063c5c8651eacb800eccac5d3f6f69ba13a9c9303941d6abf6aa4c25e6
train_series\1.2.826.0.1.3680043.8.498.87374594163896635184044513927478147680\1.2.826.0.1.3680043.8.498.39086994266282272342017191962051905358.dcm,1.2.826.0.1.3680043.8.498.87374594163896635184044513927478147680,True,640,540,0.0,929.0,224.43592592592591,200.58909644082905,e6a0a45eafa1c6731fe351d203932da85daf4e611ba885e2b2ac4c85ed984e7b
train_series\1.2.826.0.1.3680043.8.498.87374594163896635184044513927478147680\1.2.826.0.1.3680043.8.498.39832002195498534040609658904095496941.dcm,1.2.826.0.1.3680043.8.498.87374594163896635184044513927478147680,True,640,540,0.0,914.0,229.72363136574074,197.9632521358148,04cada475becbe12074aed1cf4f2d6d46c0de68f23aff7719148a7366abc01ec
train_series\1.2.826.0.1.3680043.8.498.87374594163896635184044513927478147680\1.2.826.0.1.3680043.8.498.44077820480150146063212566410393443826.dcm,1.2.826.0.1.3680043.8.498.87374594163896635184044513927478147680,True,640,540,0.0,890.0,180.12586226851852,173.51478581031782,d65ec2c1dec51de580e2c4aa8a7930952328a522b9932df9c45a236588b00caf
train_series\1.2.826.0.1.3680043.8.498.87374594163896635184044513927478147680\1.2.826.0.1.3680043.8.498.61125476634791718398835800673525831078.dcm,1.2.826.0.1.3680043.8.498.87374594163896635184044513927478147680,True,640,540,0.0,601.0,70.59810474537036,120.81325742896689,f39232b6b055567f2ab7891e94aa12310309c9d7cdd8f5c920244dae06be3bc2
train_series\1.2.826.0.1.3680043.8.498.87374594163896635184044513927478147680\1.2.826.0.1.3680043.8.498.61482441250681905135275154613191833782.dcm,1.2.826.0.1.3680043.8.498.87374594163896635184044513927478147680,True,640,540,0.0,885.0,125.99885416666666,146.12152014781202,83d91f75f7e3f43220981a8b52c3f549f0ad514daaa4bcb5351ec1793647d248
train_series\1.2.826.0.1.3680043.8.498.87374594163896635184044513927478147680\1.2.826.0.1.3680043.8.498.64572414710484539939727920911100027714.dcm,1.2.826.0.1.3680043.8.498.87374594163896635184044513927478147680,True,640,540,0.0,964.0,161.62853587962962,162.21413220807364,c6e3b58ce11d555c09fe158b766cc6df37766fe83da56590a3a231094a268ab3
train_series\1.2.826.0.1.3680043.8.498.87374594163896635184044513927478147680\1.2.826.0.1.3680043.8.498.65357415982302047308995012593203719823.dcm,1.2.826.0.1.3680043.8.498.87374594163896635184044513927478147680,True,640,540,0.0,887.0,189.68012731481483,176.97843426303882,96f18987618f3349da5670311c643b324732d7b0c85430f7b315c776ab01069e
train_series\1.2.826.0.1.3680043.8.498.87374594163896635184044513927478147680\1.2.826.0.1.3680043.8.498.67193656544498959157441490238453622525.dcm,1.2.826.0.1.3680043.8.498.87374594163896635184044513927478147680,True,640,540,0.0,655.0,71.90549189814814,116.19758756211645,fefa38a00d28799c31a5a8d2c016711066dd195b8bacc6858e024b3c49e35908
train_series\1.2.826.0.1.3680043.8.498.87374594163896635184044513927478147680\1.2.826.0.1.3680043.8.498.83307999383209024465116251846100937746.dcm,1.2.826.0.1.3680043.8.498.87374594163896635184044513927478147680,True,640,540,0.0,909.0,172.83469907407408,184.3663937624846,61db82dea1eb4104efe463e5d1010e38281d136d6141156ec86c7afa5d4c19ad
train_series\1.2.826.0.1.3680043.8.498.87374594163896635184044513927478147680\1.2.826.0.1.3680043.8.498.89285602401418517163879062293415080680.dcm,1.2.826.0.1.3680043.8.498.87374594163896635184044513927478147680,True,640,540,0.0,896.0,213.64831018518518,197.9995425474422,412e6bc12637161d5d264055375882e8b66ac975da01bd83ec02e1b84e1b8823
train_series\1.2.826.0.1.3680043.8.498.87374594163896635184044513927478147680\1.2.826.0.1.3680043.8.498.96322073580331729235613188576301946591.dcm,1.2.826.0.1.3680043.8.498.87374594163896635184044513927478147680,True,640,540,0.0,979.0,176.2010300925926,186.92829780984755,ffb3065df8812011ecc1c3bedcab60f75c5f80a374eb943c7f30e1f2b1fe2ebd
train_series\1.2.826.0.1.3680043.8.498.87738065849001552362672384225773846709\1.2.826.0.1.3680043.8.498.10671492929820359608282111675191032447.dcm,1.2.826.0.1.3680043.8.498.87738065849001552362672384225773846709,True,384,384,0.0,655.0,107.57967800564236,78.22812221301523,fe800912d75da1ceabd4632e68938406a6de091dd1e5f8fbaee2521f72af33d7
train_series\1.2.826.0.1.3680043.8.498.87738065849001552362672384225773846709\1.2.826.0.1.3680043.8.498.11022617481263028429080892970479859249.dcm,1.2.826.0.1.3680043.8.498.87738065849001552362672384225773846709,True,384,384,0.0,761.0,70.24578857421875,91.00642258276218,94b77410a60c8c2091ec74705bfb5328b188a9288e16d32d36f7d524c6c043d3
train_series\1.2.826.0.1.3680043.8.498.87738065849001552362672384225773846709\1.2.826.0.1.3680043.8.498.11050864087894361919446768292964024658.dcm,1.2.826.0.1.3680043.8.498.87738065849001552362672384225773846709,True,384,384,0.0,795.0,80.86278618706598,81.29802878800498,520a00309a2373bf5d46887f4c345fd8fc9133295a72c54014d1335d592dfc97
train_series\1.2.826.0.1.3680043.8.498.87738065849001552362672384225773846709\1.2.826.0.1.3680043.8.498.11773767284077209469715783763823032391.dcm,1.2.826.0.1.3680043.8.498.87738065849001552362672384225773846709,True,384,384,0.0,775.0,89.64745415581598,77.97495921614139,47a51447c343a981274fc8c73f7ac4b1ff05a280d5f531f88f5eb919a4304cef
train_series\1.2.826.0.1.3680043.8.498.87738065849001552362672384225773846709\1.2.826.0.1.3680043.8.498.12097446475421972411847403414271360169.dcm,1.2.826.0.1.3680043.8.498.87738065849001552362672384225773846709,True,384,384,0.0,814.0,74.73409016927083,85.5211044420192,e35f9dc963b426b2bb0bbce2fc766dc5df8494015888ec8a038a35d6c1995348
train_series\1.2.826.0.1.3680043.8.498.87738065849001552362672384225773846709\1.2.826.0.1.3680043.8.498.12130552538506583321617725312649235766.dcm,1.2.826.0.1.3680043.8.498.87738065849001552362672384225773846709,True,384,384,0.0,514.0,93.06199815538194,75.67638896991896,d486c5a206a8abf05c698b91b2d301c051f4aaa89e32cd8ff239761d5b5b1696
train_series\1.2.826.0.1.3680043.8.498.87738065849001552362672384225773846709\1.2.826.0.1.3680043.8.498.12212952298370732479604056422205586467.dcm,1.2.826.0.1.3680043.8.498.87738065849001552362672384225773846709,True,384,384,0.0,783.0,81.35767279730902,90.63002055129874,447d387b2f6ae783f8c0a7eb1525eb21ea43cdc277cc5df87998089b978b3c74
train_series\1.2.826.0.1.3680043.8.498.87738065849001552362672384225773846709\1.2.826.0.1.3680043.8.498.12272515505191013140445582299447822891.dcm,1.2.826.0.1.3680043.8.498.87738065849001552362672384225773846709,True,384,384,0.0,807.0,80.51926676432292,78.858911614137,641685ab156034590d21a24582bea9b7859a88a191fef7d935770a520171e668
train_series\1.2.826.0.1.3680043.8.498.87738065849001552362672384225773846709\1.2.826.0.1.3680043.8.498.12373164849898860640240657722817857961.dcm,1.2.826.0.1.3680043.8.498.87738065849001552362672384225773846709,True,384,384,0.0,786.0,80.98069254557292,84.80518974049026,2bdf9b6c1b7ab2d555ea75eccc88cd3a7db16eb04f2dbbca0ad78660c123a763
train_series\1.2.826.0.1.3680043.8.498.87738065849001552362672384225773846709\1.2.826.0.1.3680043.8.498.12408034718983017813263633949625944875.dcm,1.2.826.0.1.3680043.8.498.87738065849001552362672384225773846709,True,384,384,0.0,797.0,96.70161268446181,85.93832095001281,7e935e5557537dbe38fa328c0f6ea39d1b68b2f8fce8e415b266a268a16f934a
train_series\1.2.826.0.1.3680043.8.498.87738065849001552362672384225773846709\1.2.826.0.1.3680043.8.498.12621615365764727694015477863182802589.dcm,1.2.826.0.1.3680043.8.498.87738065849001552362672384225773846709,True,384,384,0.0,771.0,92.31005859375,78.41179252915633,58d006b4d1088aff058df7fe43bb41c6d71486f24adf2b206b57cec7138e84ad
train_series\1.2.826.0.1.3680043.8.498.87738065849001552362672384225773846709\1.2.826.0.1.3680043.8.498.12867646579067129130405664244730696747.dcm,1.2.826.0.1.3680043.8.498.87738065849001552362672384225773846709,True,384,384,0.0,582.0,102.26442464192708,78.61058557614191,65a39b66b571a76b425b053890cfba894afb326d4fd39a562877386ddb9ac768
train_series\1.2.826.0.1.3680043.8.498.87738065849001552362672384225773846709\1.2.826.0.1.3680043.8.498.13033764145496093056050044231666786517.dcm,1.2.826.0.1.3680043.8.498.87738065849001552362672384225773846709,True,384,384,0.0,381.0,13.965162489149305,33.94954813105961,16fe6a75e4de17e80e0a665a12f4479c22cdc2d08aa19d43563c17414d82b966
train_series\1.2.826.0.1.3680043.8.498.87738065849001552362672384225773846709\1.2.826.0.1.3680043.8.498.16402205817772521362703839364901684848.dcm,1.2.826.0.1.3680043.8.498.87738065849001552362672384225773846709,True,384,384,0.0,697.0,88.38139512803819,78.19706752920683,635714c48d5d7f523842df0ca39316760ee9c7ee80d9fac50723dbde383ea6eb
train_series\1.2.826.0.1.3680043.8.498.87738065849001552362672384225773846709\1.2.826.0.1.3680043.8.498.16492651035064306511255512090034354635.dcm,1.2.826.0.1.3680043.8.498.87738065849001552362672384225773846709,True,384,384,0.0,755.0,51.667093912760414,79.38699069114439,6b7d2d80692d8ecdc367e88d8f81210d05fb5a24fcabb5d97218851e695a6808
train_series\1.2.826.0.1.3680043.8.498.87738065849001552362672384225773846709\1.2.826.0.1.3680043.8.498.17219418648864114857604935887487815232.dcm,1.2.826.0.1.3680043.8.498.87738065849001552362672384225773846709,True,384,384,0.0,556.0,33.538906521267364,58.824145689137794,da65cca030bf9f9f4b8498e9fe6557faf20abf13924a107c80bae4cae8de3cdc
train_series\1.2.826.0.1.3680043.8.498.87738065849001552362672384225773846709\1.2.826.0.1.3680043.8.498.24853551621490318581180514734426679104.dcm,1.2.826.0.1.3680043.8.498.87738065849001552362672384225773846709,True,384,384,0.0,905.0,64.49475775824652,100.13487384651572,f9b35728e31a7aea0524dfd64c901c788000aff812b63f440beb08edae0092ed
train_series\1.2.826.0.1.3680043.8.498.87738065849001552362672384225773846709\1.2.826.0.1.3680043.8.498.28160199359453052096111336005537251481.dcm,1.2.826.0.1.3680043.8.498.87738065849001552362672384225773846709,True,384,384,0.0,832.0,102.01068793402777,77.08915444464473,662127c0e417e34da7f8ec3fe843eef0e3c21c83ac510a19c56475e97c7b9887
train_series\1.2.826.0.1.3680043.8.498.87738065849001552362672384225773846709\1.2.826.0.1.3680043.8.498.32814829963428033030044496225185653999.dcm,1.2.826.0.1.3680043.8.498.87738065849001552362672384225773846709,True,384,384,0.0,826.0,80.99814181857639,76.52886110372754,5962042d45c7b7454a2f6a874e1f91d7a1df67f5f437e00941ac305ccf07203f
train_series\1.2.826.0.1.3680043.8.498.87738065849001552362672384225773846709\1.2.826.0.1.3680043.8.498.47488449422696132450023847431163156591.dcm,1.2.826.0.1.3680043.8.498.87738065849001552362672384225773846709,True,384,384,0.0,703.0,72.57849799262152,104.40684548368984,f0ef079097f51c4cd63bebe0a5f36557abb8e79cffcf793d2c9ddd7ff3e115c7
train_series\1.2.826.0.1.3680043.8.498.87738065849001552362672384225773846709\1.2.826.0.1.3680043.8.498.47875896193294371256649298152558262036.dcm,1.2.826.0.1.3680043.8.498.87738065849001552362672384225773846709,True,384,384,0.0,831.0,72.09294297960069,84.56568318002604,476c3f59835877ffa80f8cdc47fbd341e8115ba6622162dd3996d1130a0026d5
train_series\1.2.826.0.1.3680043.8.498.87738065849001552362672384225773846709\1.2.826.0.1.3680043.8.498.48622100998389443403246934633817096064.dcm,1.2.826.0.1.3680043.8.498.87738065849001552362672384225773846709,True,384,384,0.0,797.0,81.19267442491319,78.54161654019462,15d48d1338200323427e10d96ef1e517468faf51b0e04f441cab78a7f669911c
train_series\1.2.826.0.1.3680043.8.498.87738065849001552362672384225773846709\1.2.826.0.1.3680043.8.498.49194803175611080322120009871845711924.dcm,1.2.826.0.1.3680043.8.498.87738065849001552362672384225773846709,True,384,384,0.0,429.0,25.63260226779514,52.38594130522599,4c0573ff3c5cecb4cb573666f68f7c73e1f62a3bae9b8e1a15bbd652478c703b
train_series\1.2.826.0.1.3680043.8.498.87738065849001552362672384225773846709\1.2.826.0.1.3680043.8.498.57964548800109795829376823029706963955.dcm,1.2.826.0.1.3680043.8.498.87738065849001552362672384225773846709,True,384,384,0.0,764.0,68.60042995876736,90.4945324761254,3fdeceff782d2d44706b66a4cbf1d12ba12a7148dcde5b2e2cdb3e8ad64485c8
train_series\1.2.826.0.1.3680043.8.498.87738065849001552362672384225773846709\1.2.826.0.1.3680043.8.498.58714424395574423369366102163207309746.dcm,1.2.826.0.1.3680043.8.498.87738065849001552362672384225773846709,True,384,384,0.0,690.0,105.02305772569444,79.38275033262916,4de84eb76406058b2a4ca84ef5ab5d1391fe61b4aee865fe81c08a9a7449a89a
train_series\1.2.826.0.1.3680043.8.498.87738065849001552362672384225773846709\1.2.826.0.1.3680043.8.498.62529819371046087410592691504772448012.dcm,1.2.826.0.1.3680043.8.498.87738065849001552362672384225773846709,True,384,384,0.0,566.0,99.41446261935764,78.49442919390079,7c0646ffaba68d3ea036a8c3b0ce3b08e6985f9f626298219cf5ab646bb9384b
train_series\1.2.826.0.1.3680043.8.498.87738065849001552362672384225773846709\1.2.826.0.1.3680043.8.498.63352502745547279830856776075593767944.dcm,1.2.826.0.1.3680043.8.498.87738065849001552362672384225773846709,True,384,384,0.0,502.0,29.28539360894097,55.347438180754466,ba603953e426da6525dbd4af49c450f9f164a74d3560184784488314e3817881
train_series\1.2.826.0.1.3680043.8.498.87738065849001552362672384225773846709\1.2.826.0.1.3680043.8.498.65612058790352230648059961827685739930.dcm,1.2.826.0.1.3680043.8.498.87738065849001552362672384225773846709,True,384,384,0.0,768.0,83.21046278211806,75.12349905493456,10d0321e783752bba78099a29fb5fb79ba11d44f35f289d32ffb1fa92a398490
train_series\1.2.826.0.1.3680043.8.498.87738065849001552362672384225773846709\1.2.826.0.1.3680043.8.498.70011513115486146279574218502291419740.dcm,1.2.826.0.1.3680043.8.498.87738065849001552362672384225773846709,True,384,384,0.0,398.0,23.82668728298611,55.23884320708242,25cc530735019208c4d5832aee644edbd8271f23e6cdfaaf057c766232d19489
train_series\1.2.826.0.1.3680043.8.498.87738065849001552362672384225773846709\1.2.826.0.1.3680043.8.498.70109112801842514130454756848089443437.dcm,1.2.826.0.1.3680043.8.498.87738065849001552362672384225773846709,True,384,384,0.0,756.0,103.73935275607639,84.01915374381448,21de4334efd109336d0000e958f1b4ddc4a10ed6817bc39e48b86fbc1c277ceb
train_series\1.2.826.0.1.3680043.8.498.87738065849001552362672384225773846709\1.2.826.0.1.3680043.8.498.72964292235688082449538329155653759212.dcm,1.2.826.0.1.3680043.8.498.87738065849001552362672384225773846709,True,384,384,0.0,800.0,38.80309380425347,64.94692322423181,c39418d73b123b4a09b3f2ffeaca5689babd4c3f0f21c77a58a5955ec39261fb
train_series\1.2.826.0.1.3680043.8.498.87738065849001552362672384225773846709\1.2.826.0.1.3680043.8.498.79542580170594148943454980768459522407.dcm,1.2.826.0.1.3680043.8.498.87738065849001552362672384225773846709,True,384,384,0.0,780.0,71.29090033637152,88.90023392850743,40762429472e9b8f23f353318c2b4a1a82301e18b6624d0990013ea13a854826
train_series\1.2.826.0.1.3680043.8.498.87738065849001552362672384225773846709\1.2.826.0.1.3680043.8.498.81831636454679544619335145383454270403.dcm,1.2.826.0.1.3680043.8.498.87738065849001552362672384225773846709,True,384,384,0.0,794.0,100.79104275173611,76.66522479083096,d7342067e39b3fa6e2afff454aa5a96882a6fa97eb7bf5ef3e26cf9d06ccfe87
train_series\1.2.826.0.1.3680043.8.498.87738065849001552362672384225773846709\1.2.826.0.1.3680043.8.498.83009881882492968788459631956542517764.dcm,1.2.826.0.1.3680043.8.498.87738065849001552362672384225773846709,True,384,384,0.0,770.0,42.536600748697914,68.66954841693833,f0c91969060acad8e4cd460c1c6db06c324b54abd019ab6958f799b514ceed38
train_series\1.2.826.0.1.3680043.8.498.87738065849001552362672384225773846709\1.2.826.0.1.3680043.8.498.84477437268840022252870121874842589231.dcm,1.2.826.0.1.3680043.8.498.87738065849001552362672384225773846709,True,384,384,0.0,755.0,98.38072374131944,83.14519077871016,6b8d756035082c42ade674c793eca4d98e941ea36cb656cbc75c39580bacd62a
train_series\1.2.826.0.1.3680043.8.498.87738065849001552362672384225773846709\1.2.826.0.1.3680043.8.498.85799936253794260160857767551537990363.dcm,1.2.826.0.1.3680043.8.498.87738065849001552362672384225773846709,True,384,384,0.0,607.0,89.49202473958333,89.45517641620245,894552870d6974fcec39a7dbdacbee0b1c06d9fed55372230ba46f0e6b363ad6
train_series\1.2.826.0.1.3680043.8.498.87738065849001552362672384225773846709\1.2.826.0.1.3680043.8.498.86463271436539323284753678780571961426.dcm,1.2.826.0.1.3680043.8.498.87738065849001552362672384225773846709,True,384,384,0.0,713.0,104.99390326605902,75.19766070102618,478ebcac05dae079b21cc3df729d5a035c12e642e685fec1419232ea08aa9def
train_series\1.2.826.0.1.3680043.8.498.87738065849001552362672384225773846709\1.2.826.0.1.3680043.8.498.89657971994358366881836734983517284012.dcm,1.2.826.0.1.3680043.8.498.87738065849001552362672384225773846709,True,384,384,0.0,798.0,78.06101481119792,88.45738436715538,547b3873d58571e0bbb7828854b50cfd97f94bd1aff31847bc39c185caf25ffe
train_series\1.2.826.0.1.3680043.8.498.93288538765996574291399549037773479273\1.2.826.0.1.3680043.8.498.10355905302523720268499661247695242719.dcm,1.2.826.0.1.3680043.8.498.93288538765996574291399549037773479273,True,416,416,0.0,436.0,81.01671713202663,70.3184790619135,987aeb159a7bebd5f51da867af975cd95dd101f55ef9dad6dd8d760b275716cd
train_series\1.2.826.0.1.3680043.8.498.93288538765996574291399549037773479273\1.2.826.0.1.3680043.8.498.12288910500699443719381043098044432427.dcm,1.2.826.0.1.3680043.8.498.93288538765996574291399549037773479273,True,416,416,0.0,428.0,72.77242048816568,71.9059564400862,be04e7394fc53c8af3728eed0e6fd444b5477346fca055aa697f10d7926e0635
train_series\1.2.826.0.1.3680043.8.498.93288538765996574291399549037773479273\1.2.826.0.1.3680043.8.498.12859961433547278720273394549716316107.dcm,1.2.826.0.1.3680043.8.498.93288538765996574291399549037773479273,True,416,416,0.0,597.0,78.84910086908285,63.33396310697889,55a1273e6134e49868c8ed06af6016e00f42993eb790bcf296942e27cddfa21b
train_series\1.2.826.0.1.3680043.8.498.93288538765996574291399549037773479273\1.2.826.0.1.3680043.8.498.12943732347175890078544834098239417809.dcm,1.2.826.0.1.3680043.8.498.93288538765996574291399549037773479273,True,416,416,0.0,601.0,82.90642335428994,63.58524585945651,730ad41b615f116ef63e5ffea0442f09762c49debe2131e6536cfe892ff3dfee
train_series\1.2.826.0.1.3680043.8.498.93288538765996574291399549037773479273\1.2.826.0.1.3680043.8.498.14199447718849262881898502037691282963.dcm,1.2.826.0.1.3680043.8.498.93288538765996574291399549037773479273,True,416,416,0.0,587.0,87.89076368343196,62.8572547013635,450a51e7c6482027a9db7e137cde7193a9737faa0cac99d7d5cfb923fa4f096c
train_series\1.2.826.0.1.3680043.8.498.93288538765996574291399549037773479273\1.2.826.0.1.3680043.8.498.14539404990361627005035086100261718808.dcm,1.2.826.0.1.3680043.8.498.93288538765996574291399549037773479273,True,416,416,0.0,587.0,71.65545257026628,79.9897701432141,4875afe044e0e6844c2f51b4e1c78806278851b899a532a7d7cf0c6d39c9db61
train_series\1.2.826.0.1.3680043.8.498.93288538765996574291399549037773479273\1.2.826.0.1.3680043.8.498.23909802677894980462519226076636652574.dcm,1.2.826.0.1.3680043.8.498.93288538765996574291399549037773479273,True,416,416,0.0,532.0,85.32511441383136,69.34976115011217,7c1b46a3f74faa952ff7a3c35ca02fe0ea5bddbb8025f805a14a219420493ad3
train_series\1.2.826.0.1.3680043.8.498.93288538765996574291399549037773479273\1.2.826.0.1.3680043.8.498.29306846979515643740232092365256249789.dcm,1.2.826.0.1.3680043.8.498.93288538765996574291399549037773479273,True,416,416,0.0,579.0,84.28326668823965,65.00838122774668,06094022cd84405704837e5bd58f08e036c85978f9cd78535d0a4c2b0156cbdd
train_series\1.2.826.0.1.3680043.8.498.93288538765996574291399549037773479273\1.2.826.0.1.3680043.8.498.29428023240033003159189768924552312848.dcm,1.2.826.0.1.3680043.8.498.93288538765996574291399549037773479273,True,416,416,0.0,585.0,88.60834065273669,64.558411986053,c9acdfa3b6f3098f67a13d9e7078421075c2f2072d5cac6dfa0c863e55d0b864
train_series\1.2.826.0.1.3680043.8.498.93288538765996574291399549037773479273\1.2.826.0.1.3680043.8.498.31040834988562830214782633200408657805.dcm,1.2.826.0.1.3680043.8.498.93288538765996574291399549037773479273,True,416,416,0.0,521.0,69.6524362056213,65.61108891780293,97892c0c5386a8dad947b64fdff9bed7516497f89920cecdef07871665c04a49
train_series\1.2.826.0.1.3680043.8.498.93288538765996574291399549037773479273\1.2.826.0.1.3680043.8.498.33675592323659963759274331946245088665.dcm,1.2.826.0.1.3680043.8.498.93288538765996574291399549037773479273,True,416,416,0.0,456.0,61.888105584319526,66.45929539371626,7ad91247b2e040042ab3ec50ec5b9e98544c38bfd2ff2059caee43475708661f
train_series\1.2.826.0.1.3680043.8.498.93288538765996574291399549037773479273\1.2.826.0.1.3680043.8.498.34201751001710347018760880246995649785.dcm,1.2.826.0.1.3680043.8.498.93288538765996574291399549037773479273,True,416,416,0.0,407.0,71.45420557507397,72.77284911726059,b8b15f3ca876a4ae121076c76236e59544293c48f77ac6616ee88fc8822b732f
train_series\1.2.826.0.1.3680043.8.498.93288538765996574291399549037773479273\1.2.826.0.1.3680043.8.498.37089758204231226048695779558366629349.dcm,1.2.826.0.1.3680043.8.498.93288538765996574291399549037773479273,True,416,416,0.0,569.0,76.47745816383136,64.19696443810678,9309cb45bd3247e5a859d220688471640ce8633c9f378fdcef6fe00976ba2855
train_series\1.2.826.0.1.3680043.8.498.93288538765996574291399549037773479273\1.2.826.0.1.3680043.8.498.37560392538532345326884354961907614292.dcm,1.2.826.0.1.3680043.8.498.93288538765996574291399549037773479273,True,416,416,0.0,615.0,88.97788577107988,68.02535277321117,d3a391b87128b3556a8249a1f3ef99cfe77f594963eff0d0ec439d84bf4ab235
train_series\1.2.826.0.1.3680043.8.498.93288538765996574291399549037773479273\1.2.826.0.1.3680043.8.498.42334966633495541286226232911824747475.dcm,1.2.826.0.1.3680043.8.498.93288538765996574291399549037773479273,True,416,416,0.0,594.0,73.72909347263314,64.75014650808993,12c01d31ef31195ec4ae87ef0c08259fd7518c2f86a690ebbc26d52f779bb837
train_series\1.2.826.0.1.3680043.8.498.93288538765996574291399549037773479273\1.2.826.0.1.3680043.8.498.47385845444078477594371814463957229977.dcm,1.2.826.0.1.3680043.8.498.93288538765996574291399549037773479273,True,416,416,0.0,624.0,89.21847263313609,70.82729673869136,d440645cb27a61356ecb9fa59ccd8a9fd0afa4a1beb2ca23b1fc6b9dc8da2d65
train_series\1.2.826.0.1.3680043.8.498.93288538765996574291399549037773479273\1.2.826.0.1.3680043.8.498.48029005780476087270963476006452967515.dcm,1.2.826.0.1.3680043.8.498.93288538765996574291399549037773479273,True,416,416,0.0,561.0,87.80034208579882,63.40846189812589,cfab02f196230398c5352a338096bbe1d4a080f1ed93b1f26b395c074fbc90d9
train_series\1.2.826.0.1.3680043.8.498.93288538765996574291399549037773479273\1.2.826.0.1.3680043.8.498.51029636349154314845671830268368821582.dcm,1.2.826.0.1.3680043.8.498.93288538765996574291399549037773479273,True,416,416,0.0,549.0,89.43644253883136,66.99706425113622,fdbaa4a8c2b3274bb6bd0ebc9151449f61b0ceaefcc18a3f6d52edb68c479fee
train_series\1.2.826.0.1.3680043.8.498.93288538765996574291399549037773479273\1.2.826.0.1.3680043.8.498.55542601266392285816028806813018124960.dcm,1.2.826.0.1.3680043.8.498.93288538765996574291399549037773479273,True,416,416,0.0,564.0,88.63295118343196,67.38036440204593,d6b4234d3e36c540fd2c66480bd6d54580f530279a36d18511b67ecb3fe0f82e
train_series\1.2.826.0.1.3680043.8.498.93288538765996574291399549037773479273\1.2.826.0.1.3680043.8.498.56399976237443740206474951084875592415.dcm,1.2.826.0.1.3680043.8.498.93288538765996574291399549037773479273,True,416,416,0.0,427.0,75.34078564164201,72.06994246025512,5a525696eee915cd16286ed3d2892fb6805ff2cab965f515b773a8ee86f04870
train_series\1.2.826.0.1.3680043.8.498.93288538765996574291399549037773479273\1.2.826.0.1.3680043.8.498.59627275871289943115640106535839526499.dcm,1.2.826.0.1.3680043.8.498.93288538765996574291399549037773479273,True,416,416,0.0,571.0,66.23824657914201,86.65580576155526,71b55ec3676e59886ea385ef43660bd2bfb78964824d79cca1a8994d1384d71a
train_series\1.2.826.0.1.3680043.8.498.93288538765996574291399549037773479273\1.2.826.0.1.3680043.8.498.59924341102457582633873371146241278786.dcm,1.2.826.0.1.3680043.8.498.93288538765996574291399549037773479273,True,416,416,0.0,587.0,79.6996059079142,62.25469644833454,71bfd6d6ca7605042134f28850261fe08a523940fc8c38740264acd77d8c2f90
train_series\1.2.826.0.1.3680043.8.498.93288538765996574291399549037773479273\1.2.826.0.1.3680043.8.498.63529912107457608775468299228449140994.dcm,1.2.826.0.1.3680043.8.498.93288538765996574291399549037773479273,True,416,416,0.0,317.0,48.75180288461539,55.64986539080216,95c21cb6a662c84c8f747514849a780efe5dad0875f573e42e2f8ea4dc6a32a4
train_series\1.2.826.0.1.3680043.8.498.93288538765996574291399549037773479273\1.2.826.0.1.3680043.8.498.69597650754998294259429816911075423484.dcm,1.2.826.0.1.3680043.8.498.93288538765996574291399549037773479273,True,416,416,0.0,563.0,89.30981878698225,68.29577519042736,95156a98b7fcbe79c097eda1a5dc4a73f31e5cb9699f814cf9981516aea39583
train_series\1.2.826.0.1.3680043.8.498.93288538765996574291399549037773479273\1.2.826.0.1.3680043.8.498.71157573682852741810753773744812378899.dcm,1.2.826.0.1.3680043.8.498.93288538765996574291399549037773479273,True,416,416,0.0,395.0,70.21973234097634,77.94061475273894,b9ead78ed47d38b63aae7c93b148b40e744fb62e4f8c4eb4468d7945bef2f948
train_series\1.2.826.0.1.3680043.8.498.93288538765996574291399549037773479273\1.2.826.0.1.3680043.8.498.71382231301180277462995538928932757600.dcm,1.2.826.0.1.3680043.8.498.93288538765996574291399549037773479273,True,416,416,0.0,534.0,70.57284925110947,66.64549266334087,45c185ed35e376b2804ef1e3bebcb5130b0c8c9f18aab693ddd75310cae24a4d
train_series\1.2.826.0.1.3680043.8.498.93288538765996574291399549037773479273\1.2.826.0.1.3680043.8.498.73367508383732288313924334449326616117.dcm,1.2.826.0.1.3680043.8.498.93288538765996574291399549037773479273,True,416,416,0.0,712.0,86.79029331545858,69.1206958534712,0bf8886ead23913284fd13389fc8e5408e4327302a9b96775bd6ffd306160145
train_series\1.2.826.0.1.3680043.8.498.93288538765996574291399549037773479273\1.2.826.0.1.3680043.8.498.76550854168511587561146823880402695728.dcm,1.2.826.0.1.3680043.8.498.93288538765996574291399549037773479273,True,416,416,0.0,432.0,77.98864529400888,71.71342217032118,0e3a48744643a80ec3b60dfe99d0e2c5530c9d7a701b3498b8200ffaeff2bc6b
train_series\1.2.826.0.1.3680043.8.498.93288538765996574291399549037773479273\1.2.826.0.1.3680043.8.498.81272296916909938410832187167170760634.dcm,1.2.826.0.1.3680043.8.498.93288538765996574291399549037773479273,True,416,416,0.0,530.0,91.75468056582841,69.5440437754644,f8c129e2c846b2446cb86cbfdb2a21fc2a89f2132a0507cef6800e2c755a209f
train_series\1.2.826.0.1.3680043.8.498.93288538765996574291399549037773479273\1.2.826.0.1.3680043.8.498.83776332295037370874686618360240672262.dcm,1.2.826.0.1.3680043.8.498.93288538765996574291399549037773479273,True,416,416,0.0,530.0,69.30450836723372,67.00718606944031,e30bb2dcb6f72ca1c6dd415f60a4050e359e89279392d448ae49d31083663ef5
train_series\1.2.826.0.1.3680043.8.498.93288538765996574291399549037773479273\1.2.826.0.1.3680043.8.498.87634418585958852840044064840434132109.dcm,1.2.826.0.1.3680043.8.498.93288538765996574291399549037773479273,True,416,416,0.0,524.0,70.15393283099112,70.3240264378414,545ce7ddef6db17e1126917272eac7f2900a4fdf2378516d8d2bd5fc1d017f69
train_series\1.2.826.0.1.3680043.8.498.93288538765996574291399549037773479273\1.2.826.0.1.3680043.8.498.89311707578511670955422260926720975834.dcm,1.2.826.0.1.3680043.8.498.93288538765996574291399549037773479273,True,416,416,0.0,545.0,71.38020062869822,65.60952525703178,f5fa726f1b7adf7cc3283e2c9560fe913288901f654fdc9f01b19a5206539cba
train_series\1.2.826.0.1.3680043.8.498.93288538765996574291399549037773479273\1.2.826.0.1.3680043.8.498.89965447999223246739453023837803755557.dcm,1.2.826.0.1.3680043.8.498.93288538765996574291399549037773479273,True,416,416,0.0,390.0,70.0632916512574,83.47216448020973,0b1b5181a21d17a646c93c44a21c8ba5c3c82ea67b2effdfbbe2c4c792324353
train_series\1.2.826.0.1.3680043.8.498.93288538765996574291399549037773479273\1.2.826.0.1.3680043.8.498.91982388823947413335702674050116628550.dcm,1.2.826.0.1.3680043.8.498.93288538765996574291399549037773479273,True,416,416,0.0,364.0,39.766283746301774,54.440106480889874,3160baa4b6fffbd559c2b2a00829f070b51316b3d8a7a1681598799806d15519
train_series\1.2.826.0.1.3680043.8.498.93288538765996574291399549037773479273\1.2.826.0.1.3680043.8.498.95214157417495671523928205916162878073.dcm,1.2.826.0.1.3680043.8.498.93288538765996574291399549037773479273,True,416,416,0.0,571.0,69.46594743897928,67.80351959256838,035cd29df38e9ead3254f19a2eb007a4ab542b6f9259c69443418c3659ffbb0f
train_series\1.2.826.0.1.3680043.8.498.93288538765996574291399549037773479273\1.2.826.0.1.3680043.8.498.96243090161455281559086116616329268535.dcm,1.2.826.0.1.3680043.8.498.93288538765996574291399549037773479273,True,416,416,0.0,459.0,70.24884430473372,75.18764501488288,097d0894037bef1ce5ca874f0301cc19a32e3ce28390193fb4377f4324c4ce8d
train_series\1.2.826.0.1.3680043.8.498.93288538765996574291399549037773479273\1.2.826.0.1.3680043.8.498.97479880696231394740292393813332250986.dcm,1.2.826.0.1.3680043.8.498.93288538765996574291399549037773479273,True,416,416,0.0,464.0,83.04477163461539,69.48352178590392,31b155abab611c1439c009ad7d993b1d68e830cc7641131bec955cb92228c593
train_series\1.2.826.0.1.3680043.8.498.93288538765996574291399549037773479273\1.2.826.0.1.3680043.8.498.99692119993365350792721459162867201915.dcm,1.2.826.0.1.3680043.8.498.93288538765996574291399549037773479273,True,416,416,0.0,356.0,79.20418823964496,70.46817360774831,8af4df0d37e7bfa2afbe69d314afb7e9a85f6cbddb5bce2c113373faf54eb651
train_series\1.2.826.0.1.3680043.8.498.94462014065647174693220681811845777102\1.2.826.0.1.3680043.8.498.10299148363266234430361294224681696827.dcm,1.2.826.0.1.3680043.8.498.94462014065647174693220681811845777102,True,384,384,0.0,1048.0,92.74374050564236,118.84365007320764,5e78372ed38728f53e2d10091fadd5144d5b34dd3d89dde0a698551926c8984d
train_series\1.2.826.0.1.3680043.8.498.94462014065647174693220681811845777102\1.2.826.0.1.3680043.8.498.10477865917451951800653914241051115640.dcm,1.2.826.0.1.3680043.8.498.94462014065647174693220681811845777102,True,384,384,0.0,513.0,59.296488444010414,68.38641790597107,b9eb68afb0fc16a0e12dec3e80b50103a9cc5f2b5ee1ce69130b18e001167985
train_series\1.2.826.0.1.3680043.8.498.94462014065647174693220681811845777102\1.2.826.0.1.3680043.8.498.10666309604152686397622985268606930227.dcm,1.2.826.0.1.3680043.8.498.94462014065647174693220681811845777102,True,384,384,0.0,606.0,61.24339463975694,71.26363937692055,fb896d794f6c6798513fc1f2c0fbe8a348feb73c8f978524cf72fe1ec1b68be0
train_series\1.2.826.0.1.3680043.8.498.94462014065647174693220681811845777102\1.2.826.0.1.3680043.8.498.10676777053200835309868491841002811064.dcm,1.2.826.0.1.3680043.8.498.94462014065647174693220681811845777102,True,384,384,0.0,893.0,95.22162543402777,103.90442195293096,2d5ddfc4f6a25143e413c3f5bae222773903cf236ea3dafa3bacfaf636d773df
train_series\1.2.826.0.1.3680043.8.498.94462014065647174693220681811845777102\1.2.826.0.1.3680043.8.498.10725961045698842194596901679633294693.dcm,1.2.826.0.1.3680043.8.498.94462014065647174693220681811845777102,True,384,384,0.0,1058.0,90.77932400173611,121.2657579094841,a5d110b2ff89bdb42156a21531bdd3118089e71b86402fc25ff227998d071a34
train_series\1.2.826.0.1.3680043.8.498.94462014065647174693220681811845777102\1.2.826.0.1.3680043.8.498.10841868046488360900389304683245550779.dcm,1.2.826.0.1.3680043.8.498.94462014065647174693220681811845777102,True,384,384,0.0,1050.0,91.12226019965277,122.80222514682416,0f2d896f8fc7cf1eba0d5d2d1f2d1377de7d32b6b1dc097e554703fb2d963212
train_series\1.2.826.0.1.3680043.8.498.94462014065647174693220681811845777102\1.2.826.0.1.3680043.8.498.10891092522814149923202719785522631726.dcm,1.2.826.0.1.3680043.8.498.94462014065647174693220681811845777102,True,384,384,0.0,1074.0,97.48381890190973,127.87088248740196,8dc1f242b606fe27f94fa3bd8d5550bbbfd569fa75b0b9331ab1ef5e846f9107
train_series\1.2.826.0.1.3680043.8.498.94462014065647174693220681811845777102\1.2.826.0.1.3680043.8.498.10906837969639707503203328233234962161.dcm,1.2.826.0.1.3680043.8.498.94462014065647174693220681811845777102,True,384,384,0.0,1110.0,91.57062445746527,119.2769991502633,7605919a3d9c702d42c5db3240ce1b2e7004d2600a4c5eb7ca1f84da6e7a424b
train_series\1.2.826.0.1.3680043.8.498.94462014065647174693220681811845777102\1.2.826.0.1.3680043.8.498.11153029207291748143398106969395794046.dcm,1.2.826.0.1.3680043.8.498.94462014065647174693220681811845777102,True,384,384,0.0,1005.0,95.22339545355902,122.2216437838136,0f8d6dd79f13bc02df7fe4a94b4630c0343a0072a2fbe98b4f3f4bf70085077d
train_series\1.2.826.0.1.3680043.8.498.94462014065647174693220681811845777102\1.2.826.0.1.3680043.8.498.11349161614513868810583566153671977989.dcm,1.2.826.0.1.3680043.8.498.94462014065647174693220681811845777102,True,384,384,0.0,1050.0,88.98927815755208,114.97301139334843,ea0ac0d0890b3681c624ad33f26ebeb84367145d2fc2d4baeb1b1595844ca50f
train_series\1.2.826.0.1.3680043.8.498.94462014065647174693220681811845777102\1.2.826.0.1.3680043.8.498.13277065655764833524945587811700886230.dcm,1.2.826.0.1.3680043.8.498.94462014065647174693220681811845777102,True,384,384,0.0,895.0,97.10563829210069,107.62155492726879,d74e6fb361dc260143faa30b3db4aaeaa6c127d9f87182e6752697372b59eaf9
train_series\1.2.826.0.1.3680043.8.498.94462014065647174693220681811845777102\1.2.826.0.1.3680043.8.498.14881581431918908378227017291160857045.dcm,1.2.826.0.1.3680043.8.498.94462014065647174693220681811845777102,True,384,384,0.0,1092.0,96.85955132378473,125.64145821905205,aace191351a1b07dfb6f7f5e0403be26ae990f86db0aaf1b649518977e4dc357
train_series\1.2.826.0.1.3680043.8.498.94462014065647174693220681811845777102\1.2.826.0.1.3680043.8.498.23698993918139815424429678178432781985.dcm,1.2.826.0.1.3680043.8.498.94462014065647174693220681811845777102,True,384,384,0.0,436.0,53.009521484375,59.70082183856301,139be79ca12e0fb182c35ce08f0497b5c712b49d73576225e068f77fa87964a5
train_series\1.2.826.0.1.3680043.8.498.94462014065647174693220681811845777102\1.2.826.0.1.3680043.8.498.25182239710795936010072760381686113011.dcm,1.2.826.0.1.3680043.8.498.94462014065647174693220681811845777102,True,384,384,0.0,677.0,76.45793999565973,79.10544126909292,872be4126215abc2bc8d931bf31f90b36a1549c86e7af8f07100d63f3efc6c0d
train_series\1.2.826.0.1.3680043.8.498.94462014065647174693220681811845777102\1.2.826.0.1.3680043.8.498.25578586276046601871262366543602139710.dcm,1.2.826.0.1.3680043.8.498.94462014065647174693220681811845777102,True,384,384,0.0,704.0,64.48980034722223,75.62525318213518,e634f370cd456ff76f769650ca34a3681ec43142627ac00a824bf060fc6c4702
train_series\1.2.826.0.1.3680043.8.498.94462014065647174693220681811845777102\1.2.826.0.1.3680043.8.498.25729735893530574038660440518450409390.dcm,1.2.826.0.1.3680043.8.498.94462014065647174693220681811845777102,True,384,384,0.0,1044.0,95.58945041232639,123.08963917783369,75e1db5772aa710c1db3d1d869b06b1d4f4301bb71e406ecba3bf950ffa7250b
train_series\1.2.826.0.1.3680043.8.498.94462014065647174693220681811845777102\1.2.826.0.1.3680043.8.498.32468072599776638608542546597005020376.dcm,1.2.826.0.1.3680043.8.498.94462014065647174693220681811845777102,True,384,384,0.0,873.0,64.53794352213542,76.88053117213721,4a632b9f6cb01a0b770c8993039c40fea78b83fc294296f46cf539ad84b64862
train_series\1.2.826.0.1.3680043.8.498.94462014065647174693220681811845777102\1.2.826.0.1.3680043.8.498.35240520529598062334388406704742748222.dcm,1.2.826.0.1.3680043.8.498.94462014065647174693220681811845777102,True,384,384,0.0,847.0,97.94753689236111,105.00089834793005,dcd1871d02d4de9d7eecac3c645ed01988cbc9ee3ebaf77b3e03b16f2aae10c5
train_series\1.2.826.0.1.3680043.8.498.94462014065647174693220681811845777102\1.2.826.0.1.3680043.8.498.48998129912390703677457289605778900908.dcm,1.2.826.0.1.3680043.8.498.94462014065647174693220681811845777102,True,384,384,0.0,828.0,66.99138726128473,85.48229293688225,6d2a8c642d874dc38ae5b1f63da2627da2aae909576bdfef30da08df9a2e73e9
train_series\1.2.826.0.1.3680043.8.498.94462014065647174693220681811845777102\1.2.826.0.1.3680043.8.498.49139268876810364453205589238069326103.dcm,1.2.826.0.1.3680043.8.498.94462014065647174693220681811845777102,True,384,384,0.0,1045.0,89.57404920789931,115.70217357721009,6ee86d3339ca5d4740dfba49c52ff06ad6121122218b1075fa2375290789b424
train_series\1.2.826.0.1.3680043.8.498.94462014065647174693220681811845777102\1.2.826.0.1.3680043.8.498.49191529853633626482006613703708343237.dcm,1.2.826.0.1.3680043.8.498.94462014065647174693220681811845777102,True,384,384,0.0,922.0,96.56950547960069,118.92540298840467,026917881706c222b447f1cea60f820efdd34dcea1d7f6747e54fd56d3662afe
train_series\1.2.826.0.1.3680043.8.498.94462014065647174693220681811845777102\1.2.826.0.1.3680043.8.498.52079297487004832595860000691726176527.dcm,1.2.826.0.1.3680043.8.498.94462014065647174693220681811845777102,True,384,384,0.0,1090.0,92.50663926866319,119.08397963224128,59fe8c6db89b752d262b871b012eebf47fbf5d763a5ec5382374315786b8ca1a
train_series\1.2.826.0.1.3680043.8.498.94462014065647174693220681811845777102\1.2.826.0.1.3680043.8.498.54156494697640001636766401037414475157.dcm,1.2.826.0.1.3680043.8.498.94462014065647174693220681811845777102,True,384,384,0.0,1074.0,97.12861463758681,125.3377311374177,0fb08144896445f92a75aaa26fd560f1130c18039a98cfc12d7e77b4e9276de2
train_series\1.2.826.0.1.3680043.8.498.94462014065647174693220681811845777102\1.2.826.0.1.3680043.8.498.55207209427233269796424941814985131553.dcm,1.2.826.0.1.3680043.8.498.94462014065647174693220681811845777102,True,384,384,0.0,1046.0,77.19396294487848,102.82969963181179,6fa2cf509fc80a8c591473e56cd216c1790afe85d3f3900847af35f32e32cb2e
train_series\1.2.826.0.1.3680043.8.498.94462014065647174693220681811845777102\1.2.826.0.1.3680043.8.498.62210760156526014723920221266188655863.dcm,1.2.826.0.1.3680043.8.498.94462014065647174693220681811845777102,True,384,384,0.0,875.0,65.60975477430556,78.7851016539707,34412b9899d33f4aee419dc0545077e72508da0cd6f63df201d3ce976f34b3d2
train_series\1.2.826.0.1.3680043.8.498.94462014065647174693220681811845777102\1.2.826.0.1.3680043.8.498.62672458377551470297064010474009208795.dcm,1.2.826.0.1.3680043.8.498.94462014065647174693220681811845777102,True,384,384,0.0,961.0,64.91802978515625,77.55072117194544,f1e68d8c3c8bf6ddb7b1369bdf44a5075e68c15fff62243605fc60f5b245e84e
train_series\1.2.826.0.1.3680043.8.498.94462014065647174693220681811845777102\1.2.826.0.1.3680043.8.498.66782376941528893422286626563008412021.dcm,1.2.826.0.1.3680043.8.498.94462014065647174693220681811845777102,True,384,384,0.0,999.0,97.26997205946181,112.74758640687344,4b3f8fe1d724375d504437c08911ae6d59200e9e9f44e16611bb01e44a73fcf9
train_series\1.2.826.0.1.3680043.8.498.94462014065647174693220681811845777102\1.2.826.0.1.3680043.8.498.72750835089118029017198394985810242426.dcm,1.2.826.0.1.3680043.8.498.94462014065647174693220681811845777102,True,384,384,0.0,908.0,67.33702935112848,84.97866332698487,19688edaf19fbe83ffcedbdfb77b1fe805f4e4956f9b30fdf1246c10aa9be984
train_series\1.2.826.0.1.3680043.8.498.94462014065647174693220681811845777102\1.2.826.0.1.3680043.8.498.75337904295638662529269258381086391010.dcm,1.2.826.0.1.3680043.8.498.94462014065647174693220681811845777102,True,384,384,0.0,872.0,65.72513834635417,80.79722567358849,3394e9fa8db4dde858e8a097223ff7c0bb9a2bc734ca79c1e86c6d13fb63bc52
train_series\1.2.826.0.1.3680043.8.498.94462014065647174693220681811845777102\1.2.826.0.1.3680043.8.498.82330971906816767826418061469014277970.dcm,1.2.826.0.1.3680043.8.498.94462014065647174693220681811845777102,True,384,384,0.0,1013.0,93.63848198784723,112.03564031977639,e2fe9a756416a8264417d59ef0f2ee6ba1f915c9370e1e85611e67470cb829ec
train_series\1.2.826.0.1.3680043.8.498.94462014065647174693220681811845777102\1.2.826.0.1.3680043.8.498.84277997641421836534236975288434674622.dcm,1.2.826.0.1.3680043.8.498.94462014065647174693220681811845777102,True,384,384,0.0,802.0,66.47368706597223,78.97969371095023,0c24e54c9494b87b3258e566d97b7b6f1862a23cd6a5789ad6366eca3d5c5ba7
train_series\1.2.826.0.1.3680043.8.498.94462014065647174693220681811845777102\1.2.826.0.1.3680043.8.498.84738429331322060483716802009568338037.dcm,1.2.826.0.1.3680043.8.498.94462014065647174693220681811845777102,True,384,384,0.0,1054.0,93.55632866753473,119.90173057751915,b990f0d30dd76ca51a9e02e568062ceb5f88aa8e5ab900e94f230212ef2f7047
train_series\1.2.826.0.1.3680043.8.498.94462014065647174693220681811845777102\1.2.826.0.1.3680043.8.498.89690144762292718677564383378776064403.dcm,1.2.826.0.1.3680043.8.498.94462014065647174693220681811845777102,True,384,384,0.0,1083.0,82.06571451822917,110.05649132482175,83e082b50df994ac781be0f2f2afff4b79f21aca9e23af8db82e219d5811da3c
train_series\1.2.826.0.1.3680043.8.498.94462014065647174693220681811845777102\1.2.826.0.1.3680043.8.498.90697765116550908125774752758736256084.dcm,1.2.826.0.1.3680043.8.498.94462014065647174693220681811845777102,True,384,384,0.0,857.0,96.11181640625,121.9495724370422,8f2fc455e6292ee5f6fb665b1f2ddb8363ea000996bbfe99c24b0fb010dbc429
train_series\1.2.826.0.1.3680043.8.498.94462014065647174693220681811845777102\1.2.826.0.1.3680043.8.498.91568800083848351050387788981500779237.dcm,1.2.826.0.1.3680043.8.498.94462014065647174693220681811845777102,True,384,384,0.0,1065.0,93.19718424479167,124.17931946112633,a07c42d32a791c867d6b4cae0811d2542cce66a9776a2228e77074411ae74888
train_series\1.2.826.0.1.3680043.8.498.94462014065647174693220681811845777102\1.2.826.0.1.3680043.8.498.92358051551701399931316844089853204484.dcm,1.2.826.0.1.3680043.8.498.94462014065647174693220681811845777102,True,384,384,0.0,973.0,66.24098714192708,83.74572842296391,78359a4511ae3f3a59d9b64ea4f36fe54ee3d13bb603d3afd5cc2162427f8449
train_series\1.2.826.0.1.3680043.8.498.94462014065647174693220681811845777102\1.2.826.0.1.3680043.8.498.94989586363482222458202074902954323409.dcm,1.2.826.0.1.3680043.8.498.94462014065647174693220681811845777102,True,384,384,0.0,385.0,47.774658203125,53.30262675650383,956bd2e791eb592ba879f6059e82433914965a2c389ce7d61a3eae9e3553f046
train_series\1.2.826.0.1.3680043.8.498.94462014065647174693220681811845777102\1.2.826.0.1.3680043.8.498.96901359584460065198350496415901620359.dcm,1.2.826.0.1.3680043.8.498.94462014065647174693220681811845777102,True,384,384,0.0,987.0,96.25261773003473,125.01289093657421,5d9d0705b21795c0c3f5a88a6e9f8722435bcdb23a73bfd3d1be51a85e480f7a
train_series\1.2.826.0.1.3680043.8.498.94462014065647174693220681811845777102\1.2.826.0.1.3680043.8.498.98585474964404985215566035340305791593.dcm,1.2.826.0.1.3680043.8.498.94462014065647174693220681811845777102,True,384,384,0.0,999.0,73.0531005859375,96.44542518973253,fdeff4c2835da663f694d098d5bcc841de73e2d270b823702c0b441aa8d412d6
train_series\1.2.826.0.1.3680043.8.498.94462014065647174693220681811845777102\1.2.826.0.1.3680043.8.498.99798388258951768699224560098651854288.dcm,1.2.826.0.1.3680043.8.498.94462014065647174693220681811845777102,True,384,384,0.0,859.0,69.08277723524306,89.59728080093939,59de691738dfdeabce15be625add7507809ab108580d26821fb3862390d5d955
train_series\1.2.826.0.1.3680043.8.498.95157380062318250808693914483306796699\1.2.826.0.1.3680043.8.498.10125125047232391514156057860364618914.dcm,1.2.826.0.1.3680043.8.498.95157380062318250808693914483306796699,True,384,384,0.0,1959.0,388.9823472764757,406.63888070532903,32dedf6983033ad6941e65c70d10184e9b8eaaad86330115aadca4fe2c7fd2d5
train_series\1.2.826.0.1.3680043.8.498.95157380062318250808693914483306796699\1.2.826.0.1.3680043.8.498.10142161570389249098084731591798099116.dcm,1.2.826.0.1.3680043.8.498.95157380062318250808693914483306796699,True,384,384,0.0,2240.0,321.5813395182292,371.51730644004823,e35eed7952611d1858abf5176a2444fa870e4a6a0121e4ea983b16d77031d8c5
train_series\1.2.826.0.1.3680043.8.498.95157380062318250808693914483306796699\1.2.826.0.1.3680043.8.498.10367609339154398656763989910927532620.dcm,1.2.826.0.1.3680043.8.498.95157380062318250808693914483306796699,True,384,384,0.0,2113.0,309.7183024088542,362.7218861974747,3766af0f76c72ef0ae8f7dc98a6ca6762b7cf78d24deafef768a54aa19a704df
train_series\1.2.826.0.1.3680043.8.498.95157380062318250808693914483306796699\1.2.826.0.1.3680043.8.498.10497224458336650137411622646258673805.dcm,1.2.826.0.1.3680043.8.498.95157380062318250808693914483306796699,True,384,384,0.0,2030.0,424.96624755859375,413.47339884580396,c75a7dfadbdfa029b6ce594cf89025b6920d4a59d808739860625572cedafe4b
train_series\1.2.826.0.1.3680043.8.498.95157380062318250808693914483306796699\1.2.826.0.1.3680043.8.498.11491517780197299903626054573304275950.dcm,1.2.826.0.1.3680043.8.498.95157380062318250808693914483306796699,True,384,384,0.0,2047.0,276.35594346788196,418.8765357051911,e6eacd13876be32108144d1298e36d7e052f7b9c84750ff16b58cc250ba73f2f
train_series\1.2.826.0.1.3680043.8.498.95157380062318250808693914483306796699\1.2.826.0.1.3680043.8.498.11491688779282081914635573732610594770.dcm,1.2.826.0.1.3680043.8.498.95157380062318250808693914483306796699,True,384,384,0.0,1754.0,440.3782958984375,404.0785721678442,2f721c8821397046097f6ba31f7a41858c5678224c3b068ec52f8002c0712044
train_series\1.2.826.0.1.3680043.8.498.95157380062318250808693914483306796699\1.2.826.0.1.3680043.8.498.11910522375302404693993662333540340725.dcm,1.2.826.0.1.3680043.8.498.95157380062318250808693914483306796699,True,384,384,0.0,1824.0,260.2788560655382,332.2673176399071,b78964ffb17acc0df861c40ad58ab5df30b35ec20d049618c04371a794a55ce9
train_series\1.2.826.0.1.3680043.8.498.95157380062318250808693914483306796699\1.2.826.0.1.3680043.8.498.12078050258800937845802973933988892613.dcm,1.2.826.0.1.3680043.8.498.95157380062318250808693914483306796699,True,384,384,0.0,2282.0,400.0614963107639,410.7113230345755,75af2af301b624250f6e650a70bec86655dc3614e202a271dcb1c7e2ecf1d013
train_series\1.2.826.0.1.3680043.8.498.95157380062318250808693914483306796699\1.2.826.0.1.3680043.8.498.12618940445238758119311666778265991646.dcm,1.2.826.0.1.3680043.8.498.95157380062318250808693914483306796699,True,384,384,0.0,1845.0,322.3690999348958,392.1944400199972,fe831823ce9a15535dfed0732c5b5360d6428ffa136dc150dc2d37306a044461
train_series\1.2.826.0.1.3680043.8.498.95157380062318250808693914483306796699\1.2.826.0.1.3680043.8.498.12853326538751925431031504896202531243.dcm,1.2.826.0.1.3680043.8.498.95157380062318250808693914483306796699,True,384,384,0.0,1519.0,235.87500678168402,356.4438262549874,5c09f0610f219fc6c8d4d4947f2189738f4637ebea1c4e943622fef1d92023a9
train_series\1.2.826.0.1.3680043.8.498.95157380062318250808693914483306796699\1.2.826.0.1.3680043.8.498.22667744161155111531515191285400157852.dcm,1.2.826.0.1.3680043.8.498.95157380062318250808693914483306796699,True,384,384,0.0,1853.0,254.9912584092882,333.123913032782,babc61f5dbb8040af81c23fc40041117da7e1521f198f6d27965f137cd7e3da3
train_series\1.2.826.0.1.3680043.8.498.95157380062318250808693914483306796699\1.2.826.0.1.3680043.8.498.23860430681979311138784089863012757250.dcm,1.2.826.0.1.3680043.8.498.95157380062318250808693914483306796699,True,384,384,0.0,1965.0,393.04233805338544,401.0574565401768,bac54c6771f04378a84f75ea46d69635adb348526753c5faa214334c4855aa62
train_series\1.2.826.0.1.3680043.8.498.95157380062318250808693914483306796699\1.2.826.0.1.3680043.8.498.35202593380698379079841059799079718601.dcm,1.2.826.0.1.3680043.8.498.95157380062318250808693914483306796699,True,384,384,0.0,1718.0,447.0907796223958,404.22975559021455,b913d8748e76585390b6b71f01a71b2bb89f14916edee363962e48f160c62180
train_series\1.2.826.0.1.3680043.8.498.95157380062318250808693914483306796699\1.2.826.0.1.3680043.8.498.37603014329462697049530912214622578427.dcm,1.2.826.0.1.3680043.8.498.95157380062318250808693914483306796699,True,384,384,0.0,1572.0,411.82773844401044,387.99654558515715,21720f9136609671ad7584e99ba5150e6cac7cfdcb5e0b8aacb91e6cbb7e184f
train_series\1.2.826.0.1.3680043.8.498.95157380062318250808693914483306796699\1.2.826.0.1.3680043.8.498.37941737440963487797648521102519772964.dcm,1.2.826.0.1.3680043.8.498.95157380062318250808693914483306796699,True,384,384,0.0,1817.0,400.0950927734375,396.2814832424506,e8ca0f35424001921dd60fcf13f6317451647561a419e8a13c8081c19235d3b1
train_series\1.2.826.0.1.3680043.8.498.95157380062318250808693914483306796699\1.2.826.0.1.3680043.8.498.42259937414227556250778168171891894108.dcm,1.2.826.0.1.3680043.8.498.95157380062318250808693914483306796699,True,384,384,0.0,2047.0,435.4073079427083,412.4828900653445,9b13b216406ede15bd03b14e6a8c314be70d1646a8629f512cbebedd1a8457d3
train_series\1.2.826.0.1.3680043.8.498.95157380062318250808693914483306796699\1.2.826.0.1.3680043.8.498.42859413172958217304294621357765830125.dcm,1.2.826.0.1.3680043.8.498.95157380062318250808693914483306796699,True,384,384,0.0,1647.0,430.4379069010417,395.6284366166376,c3f66bc7fe0589119cf5eb2336049b89ab3babf74715934641240c2d4b295861
train_series\1.2.826.0.1.3680043.8.498.95157380062318250808693914483306796699\1.2.826.0.1.3680043.8.498.54954162848058998691424966076261666028.dcm,1.2.826.0.1.3680043.8.498.95157380062318250808693914483306796699,True,384,384,0.0,1660.0,408.93747965494794,393.34904645687226,03b9a43d4e77df98c59453982db3e0841639f069d8453eab8b91f074c7e1958c
train_series\1.2.826.0.1.3680043.8.498.95157380062318250808693914483306796699\1.2.826.0.1.3680043.8.498.55482168064419101720136036607129313503.dcm,1.2.826.0.1.3680043.8.498.95157380062318250808693914483306796699,True,384,384,0.0,1916.0,253.52923583984375,350.18369747195084,9edc2aa474ac710de82742ed3c8cf0d3164cf202f1db8806a8cf9cc5ce4aa444
train_series\1.2.826.0.1.3680043.8.498.95157380062318250808693914483306796699\1.2.826.0.1.3680043.8.498.55948938490262435869798677454552154848.dcm,1.2.826.0.1.3680043.8.498.95157380062318250808693914483306796699,True,384,384,0.0,1329.0,84.17880588107639,201.42708386536032,f4c40a68ac12f3ecd911f72f5b28069dbbcfcd46a1be9bbab4c2c6aea1503d06
train_series\1.2.826.0.1.3680043.8.498.95157380062318250808693914483306796699\1.2.826.0.1.3680043.8.498.59468291876094918939968429379525426387.dcm,1.2.826.0.1.3680043.8.498.95157380062318250808693914483306796699,True,384,384,0.0,1561.0,421.0217013888889,391.9947859623257,07386d2477b7f39ef829bdf347ec83c961e0bcd1d96ba5f6b7c22bc0baf80264
train_series\1.2.826.0.1.3680043.8.498.95157380062318250808693914483306796699\1.2.826.0.1.3680043.8.498.62168336933143907385056849360283374194.dcm,1.2.826.0.1.3680043.8.498.95157380062318250808693914483306796699,True,384,384,0.0,1793.0,283.572991265191,351.0040971797129,4f21c0e33b5ff9c2b7bccbe72945a30c342277f6ed72aca4916611cc3c39525a
train_series\1.2.826.0.1.3680043.8.498.95157380062318250808693914483306796699\1.2.826.0.1.3680043.8.498.70307191524134043696336991213236591810.dcm,1.2.826.0.1.3680043.8.498.95157380062318250808693914483306796699,True,384,384,0.0,2089.0,283.44723171657984,466.81644440768815,bf6066fff9b357fc7ed75928def60ea44c3fcc807c52e2973c2fa6fbdf9bc3b8
train_series\1.2.826.0.1.3680043.8.498.95157380062318250808693914483306796699\1.2.826.0.1.3680043.8.498.71120549300340797349153292262422707396.dcm,1.2.826.0.1.3680043.8.498.95157380062318250808693914483306796699,True,384,384,0.0,2310.0,352.37360297309027,391.5075656897636,88840a1578c89fe726065770aed7777041bbd6d2a66e984f79bac874666f8f48
train_series\1.2.826.0.1.3680043.8.498.95157380062318250808693914483306796699\1.2.826.0.1.3680043.8.498.74459014533556506513882328387424109544.dcm,1.2.826.0.1.3680043.8.498.95157380062318250808693914483306796699,True,384,384,0.0,1922.0,373.235833062066,412.09956539392294,d47452cb0891d7550d0452ee9a980df9a993f5c59eca26364fceb260ccea9311
train_series\1.2.826.0.1.3680043.8.498.95157380062318250808693914483306796699\1.2.826.0.1.3680043.8.498.83373033705910934914379055304075606352.dcm,1.2.826.0.1.3680043.8.498.95157380062318250808693914483306796699,True,384,384,0.0,1780.0,280.005608452691,364.7200051525645,98d993e70fbb0dd0fd6cede9007b11d023e14ed9a732c8ced08140e77d5a140d
train_series\1.2.826.0.1.3680043.8.498.95157380062318250808693914483306796699\1.2.826.0.1.3680043.8.498.89792857728757885148216632400492116320.dcm,1.2.826.0.1.3680043.8.498.95157380062318250808693914483306796699,True,384,384,0.0,2084.0,297.2022772894965,355.57501904417063,a84e89c44dd2e1441c25055bf57aec6974a34191e95e580d5842ec4b7efe1dd7
train_series\1.2.826.0.1.3680043.8.498.95157380062318250808693914483306796699\1.2.826.0.1.3680043.8.498.96465665689971648427143220098878298734.dcm,1.2.826.0.1.3680043.8.498.95157380062318250808693914483306796699,True,384,384,0.0,2348.0,370.23874918619794,399.6950854867621,392308efb7d116907f4dcf0e9604a0a7c41d8c57e943457b2f7b3ea027ee0922
train_series\1.2.826.0.1.3680043.8.498.95157380062318250808693914483306796699\1.2.826.0.1.3680043.8.498.98793617337708287725339540995843285947.dcm,1.2.826.0.1.3680043.8.498.95157380062318250808693914483306796699,True,384,384,0.0,2266.0,337.419440375434,383.2956676700852,cedac0218ecd61ff91ea748d9aba72103523713f1f6762880f082b2440a0efec
train_series\1.2.826.0.1.3680043.8.498.99023014295026495734071089488213553280\1.2.826.0.1.3680043.8.498.10045192678459170463676607214726035076.dcm,1.2.826.0.1.3680043.8.498.99023014295026495734071089488213553280,True,640,540,0.0,395.0,80.61591435185186,57.28111090815448,5752549d894e7df436e57e79092d5614efbe18111d22a64c83e13778d722b736
train_series\1.2.826.0.1.3680043.8.498.99023014295026495734071089488213553280\1.2.826.0.1.3680043.8.498.10152596747127923622877674694650036855.dcm,1.2.826.0.1.3680043.8.498.99023014295026495734071089488213553280,True,640,540,0.0,478.0,55.38890335648148,49.10536528154482,40b1e4d016b54a06d5d0b690ccee39811aec043c21612bfb3c96dfea78ba69f2
train_series\1.2.826.0.1.3680043.8.498.99023014295026495734071089488213553280\1.2.826.0.1.3680043.8.498.11034886305039275496504914733123966474.dcm,1.2.826.0.1.3680043.8.498.99023014295026495734071089488213553280,True,640,540,0.0,633.0,56.79943865740741,59.7733723050819,53453f92b4e9d1eedf9cb36fa3a23d1dfcbf93bbb70b500788f565619efc86d1
train_series\1.2.826.0.1.3680043.8.498.99023014295026495734071089488213553280\1.2.826.0.1.3680043.8.498.11279210659516424659577891106012847764.dcm,1.2.826.0.1.3680043.8.498.99023014295026495734071089488213553280,True,640,540,0.0,339.0,83.32849247685185,49.994674896831505,f8ac9cfc3c62239673e99d96a88b3b91a3be51d963229dbafd96d24857740e11
train_series\1.2.826.0.1.3680043.8.498.99023014295026495734071089488213553280\1.2.826.0.1.3680043.8.498.11284523343149499017745756144209324447.dcm,1.2.826.0.1.3680043.8.498.99023014295026495734071089488213553280,True,640,540,0.0,440.0,78.67957465277777,51.206560616451306,f4d296e7fa6ac8f48ce4fbd0ac010dddb5bccfaec9ca257a175ea3b9a210ae07
train_series\1.2.826.0.1.3680043.8.498.99023014295026495734071089488213553280\1.2.826.0.1.3680043.8.498.11286918830475511642434417798115509011.dcm,1.2.826.0.1.3680043.8.498.99023014295026495734071089488213553280,True,640,540,0.0,499.0,57.53516782407407,47.478307503143355,7f2ca5af15ba747ddba2aae4d7081237abaaee33d9243774c6ba2e18b8f6c00d
train_series\1.2.826.0.1.3680043.8.498.99023014295026495734071089488213553280\1.2.826.0.1.3680043.8.498.11487009437130901368948861632748793672.dcm,1.2.826.0.1.3680043.8.498.99023014295026495734071089488213553280,True,640,540,0.0,453.0,56.69461516203704,48.815837083575516,3fa774646e83b4df7ad9968facb7ff49847bb75ab85e99679a7ea16a4c54ef3e
train_series\1.2.826.0.1.3680043.8.498.99023014295026495734071089488213553280\1.2.826.0.1.3680043.8.498.12803048738182473498984501930240185644.dcm,1.2.826.0.1.3680043.8.498.99023014295026495734071089488213553280,True,640,540,0.0,487.0,72.52072627314814,47.61068620375023,36ae9563130b3ec288d0657e03674358255d5ca80095a00bc59d3e8fcc301620
train_series\1.2.826.0.1.3680043.8.498.99023014295026495734071089488213553280\1.2.826.0.1.3680043.8.498.13146132173567455305102493902699654464.dcm,1.2.826.0.1.3680043.8.498.99023014295026495734071089488213553280,True,640,540,0.0,221.0,26.421435185185185,36.421990886859355,502179f224939db93692e8dc1b8b67d9dd7652530418955d17485793b1f692e1
train_series\1.2.826.0.1.3680043.8.498.99023014295026495734071089488213553280\1.2.826.0.1.3680043.8.498.23855840686379087163115083972769915443.dcm,1.2.826.0.1.3680043.8.498.99023014295026495734071089488213553280,True,640,540,0.0,537.0,47.73041666666666,48.46270841826524,a63984835f5563dc10b5b8ec15868bfd80c95a66995d5449b44a7b47eadb7513
train_series\1.2.826.0.1.3680043.8.498.99023014295026495734071089488213553280\1.2.826.0.1.3680043.8.498.33333238286970784389463180982231648362.dcm,1.2.826.0.1.3680043.8.498.99023014295026495734071089488213553280,True,640,540,0.0,515.0,44.43820023148148,62.28233500524267,1683b9a789425319f0f31acbbf1edbc18515a4b58f4189cc7a42dbfc676b50f1
train_series\1.2.826.0.1.3680043.8.498.99023014295026495734071089488213553280\1.2.826.0.1.3680043.8.498.34804077460507104777563672817474117494.dcm,1.2.826.0.1.3680043.8.498.99023014295026495734071089488213553280,True,640,540,0.0,535.0,46.25024594907408,50.25588292675176,2a988e0dec7f8657d1472a8424a1c33918d881f1ccb6c49cf89c750a64cc587d
train_series\1.2.826.0.1.3680043.8.498.99023014295026495734071089488213553280\1.2.826.0.1.3680043.8.498.35150552624290639937439045251545746060.dcm,1.2.826.0.1.3680043.8.498.99023014295026495734071089488213553280,True,640,540,0.0,534.0,62.094412615740744,47.41972396688906,797223fe67dedc3ba044c0f08d80daa7ff52e1f311b4c856d173360ea59ad5f2
train_series\1.2.826.0.1.3680043.8.498.99023014295026495734071089488213553280\1.2.826.0.1.3680043.8.498.39884305439193187021751354706668735974.dcm,1.2.826.0.1.3680043.8.498.99023014295026495734071089488213553280,True,640,540,0.0,561.0,45.95167824074074,58.4422922630631,4fea840cb7e3932571eddf9df59d78624de9485724ace1c199035aa02606b54c
train_series\1.2.826.0.1.3680043.8.498.99023014295026495734071089488213553280\1.2.826.0.1.3680043.8.498.41864888480800590131042415794924362315.dcm,1.2.826.0.1.3680043.8.498.99023014295026495734071089488213553280,True,640,540,0.0,248.0,23.24394386574074,35.30544074082997,084a6f5810009ae0fdce5e2db862f43967b8e5928d2aa418f8111a0455c34f22
train_series\1.2.826.0.1.3680043.8.498.99023014295026495734071089488213553280\1.2.826.0.1.3680043.8.498.46842561072904346862759360693178579618.dcm,1.2.826.0.1.3680043.8.498.99023014295026495734071089488213553280,True,640,540,0.0,608.0,52.84563946759259,54.58047353430357,ceaf8f0601682910aff6c0482e0272edfaa211208324700d5762f76544e3ffbe
train_series\1.2.826.0.1.3680043.8.498.99023014295026495734071089488213553280\1.2.826.0.1.3680043.8.498.48439325579560952600990822582417019037.dcm,1.2.826.0.1.3680043.8.498.99023014295026495734071089488213553280,True,640,540,0.0,258.0,18.15697337962963,36.8055523137114,1e2953d1c3070e666c751f44256b6be56c30c1fcec08f07c32bb3dc2ad3dd751
train_series\1.2.826.0.1.3680043.8.498.99023014295026495734071089488213553280\1.2.826.0.1.3680043.8.498.48645926800114638761518062354923432767.dcm,1.2.826.0.1.3680043.8.498.99023014295026495734071089488213553280,True,640,540,0.0,333.0,79.81915798611111,52.05592580415845,9d051a1d60e2657428272c5ba7e750f7933faa4599455c11c2f20589882d08ce
train_series\1.2.826.0.1.3680043.8.498.99023014295026495734071089488213553280\1.2.826.0.1.3680043.8.498.49583427106919882865294943683381491309.dcm,1.2.826.0.1.3680043.8.498.99023014295026495734071089488213553280,True,640,540,0.0,626.0,65.97953703703703,49.32774594408865,87d75a1f39d3388ead9291c28cafaa30273e591bf1b9dd6fd5e12d6e2a42fd63
train_series\1.2.826.0.1.3680043.8.498.99023014295026495734071089488213553280\1.2.826.0.1.3680043.8.498.58151187732372384267101685000736993176.dcm,1.2.826.0.1.3680043.8.498.99023014295026495734071089488213553280,True,640,540,0.0,565.0,70.38771701388889,50.23704892467968,e6a9f847f4ee88bb34246294f3b3dbd4b26b6bb7509f420a580802274ad90e75
train_series\1.2.826.0.1.3680043.8.498.99023014295026495734071089488213553280\1.2.826.0.1.3680043.8.498.60704312571772657945439091241098092141.dcm,1.2.826.0.1.3680043.8.498.99023014295026495734071089488213553280,True,640,540,0.0,260.0,15.257760416666667,37.05069389854792,d33647c85cec8cb6e92e2b1f4430008f17bb8d2bf618f9d37dee4323e347722c
train_series\1.2.826.0.1.3680043.8.498.99023014295026495734071089488213553280\1.2.826.0.1.3680043.8.498.69799211414417803876141311560012726198.dcm,1.2.826.0.1.3680043.8.498.99023014295026495734071089488213553280,True,640,540,0.0,343.0,82.27991608796296,50.95468973180246,e5eb5a340358b7e28a8f3aa6f89df8e5694f5d4e30420c6b2bab27c8a441dadc
train_series\1.2.826.0.1.3680043.8.498.99023014295026495734071089488213553280\1.2.826.0.1.3680043.8.498.72381708789895471650711072799482232968.dcm,1.2.826.0.1.3680043.8.498.99023014295026495734071089488213553280,True,640,540,0.0,467.0,57.66432291666667,44.94690412151529,d37155009c59fcf38fb032682dba547b3c1808a51febe1985f490625953041eb
train_series\1.2.826.0.1.3680043.8.498.99023014295026495734071089488213553280\1.2.826.0.1.3680043.8.498.73111145880239498553330511371420727441.dcm,1.2.826.0.1.3680043.8.498.99023014295026495734071089488213553280,True,640,540,0.0,502.0,48.24918981481481,48.15831788507076,f4dd0f8fc502be2eb7a48a00b4679643491c85aa8933e6b379511d3f6e099e74
train_series\1.2.826.0.1.3680043.8.498.99023014295026495734071089488213553280\1.2.826.0.1.3680043.8.498.73621910730689369095038762560101305878.dcm,1.2.826.0.1.3680043.8.498.99023014295026495734071089488213553280,True,640,540,0.0,573.0,58.093723958333335,55.98025371073901,becabca08d4d4a9ada7f1e108065b9e2e3bd08c0cf98b29e6bdfc9af0f4d67c8
train_series\1.2.826.0.1.3680043.8.498.99023014295026495734071089488213553280\1.2.826.0.1.3680043.8.498.82915323551351639883086315768875695432.dcm,1.2.826.0.1.3680043.8.498.99023014295026495734071089488213553280,True,640,540,0.0,596.0,50.31913194444444,50.63395212057154,24ba792798bed70b60a610bb55cff1f2e5822d579a75787c75215af4e382759b
train_series\1.2.826.0.1.3680043.8.498.99023014295026495734071089488213553280\1.2.826.0.1.3680043.8.498.90395193268641347414493553571556585565.dcm,1.2.826.0.1.3680043.8.498.99023014295026495734071089488213553280,True,640,540,0.0,487.0,82.44899884259259,50.774015739794564,90bf5bc732aa8978aecc355002b5bb5c4ee6730480022a7db637de20d1b6038f
train_series\1.2.826.0.1.3680043.8.498.99023014295026495734071089488213553280\1.2.826.0.1.3680043.8.498.90576194533567201297457241842931940838.dcm,1.2.826.0.1.3680043.8.498.99023014295026495734071089488213553280,True,640,540,0.0,259.0,31.941863425925927,40.977769631045696,ec623e84f87a0fcebe8e6117847af7a7b51d654b52ee0c58790c6482053e7f51
train_series\1.2.826.0.1.3680043.8.498.99023014295026495734071089488213553280\1.2.826.0.1.3680043.8.498.91212368237788532191884706304630468907.dcm,1.2.826.0.1.3680043.8.498.99023014295026495734071089488213553280,True,640,540,0.0,241.0,20.185813078703703,35.17027457472887,31832c34e8e8cb1c232ee5d35bfdae56698719fdfad7838a8f62cf2ff0e96d43
train_series\1.2.826.0.1.3680043.8.498.99023014295026495734071089488213553280\1.2.826.0.1.3680043.8.498.94255142876466295033476852457777762614.dcm,1.2.826.0.1.3680043.8.498.99023014295026495734071089488213553280,True,640,540,0.0,431.0,57.587233796296296,45.25944684984199,34b0acd9eb613ac300dc2438d39bebfb76294faf4bdaffaafddaaac3904a8e7f
